【73V32】中学校学習指導要領（平成20年告示：平成27年一部改正）コード表　Ver 3.2,,,
教科等,No,学習指導要領テキスト,学習指導要領コード
総則,1,第１章　総則,7300000000000000
総則,2,第１　教育課程編成の一般方針,7300000100000000
総則,3,"１　各学校においては，教育基本法及び学校教育法その他の法令並びにこの章以下に示すところに従い，生徒の人間として調和のとれた育成を目指し，地域や学校の実態及び生徒の心身の発達の段階や特性等を十分考慮して，適切な教育課程を編成するものとし，これらに掲げる目標を達成するよう教育を行うものとする。
　学校の教育活動を進めるに当たっては，各学校において，生徒に生きる力をはぐくむことを目指し，創意工夫を生かした特色ある教育活動を展開する中で，基礎的・基本的な知識及び技能を確実に習得させ，これらを活用して課題を解決するために必要な思考力，判断力，表現力その他の能力をはぐくむとともに，主体的に学習に取り組む態度を養い，個性を生かす教育の充実に努めなければならない。その際，生徒の発達の段階を考慮して，生徒の言語活動を充実するとともに，家庭との連携を図りながら，生徒の学習習慣が確立するよう配慮しなければならない。",7300000110000000
総則,4,"２　学校における道徳教育は，特別の教科である道徳（以下「道徳科」という。）を要として学校の教育活動全体を通じて行うものであり，道徳科はもとより，各教科，総合的な学習の時間及び特別活動のそれぞれの特質に応じて，生徒の発達の段階を考慮して，適切な指導を行わなければならない。
　道徳教育は，教育基本法及び学校教育法に定められた教育の根本精神に基づき，人間としての生き方を考え，主体的な判断の下に行動し，自立した人間として他者と共によりよく生きるための基盤となる道徳性を養うことを目標とする。
　道徳教育を進めるに当たっては，人間尊重の精神と生命に対する畏敬の念を家庭，学校，その他社会における具体的な生活の中に生かし，豊かな心をもち，伝統と文化を尊重し，それらを育んできた我が国と郷土を愛し，個性豊かな文化の創造を図るとともに，平和で民主的な国家及び社会の形成者として，公共の精神を尊び，社会及び国家の発展に努め，他国を尊重し，国際社会の平和と発展や環境の保全に貢献し未来を拓《ひら》く主体性のある日本人の育成に資することとなるよう特に留意しなければならない。",7300000120000001
総則,5,３　学校における体育・健康に関する指導は，生徒の発達の段階を考慮して，学校の教育活動全体を通じて適切に行うものとする。特に，学校における食育の推進並びに体力の向上に関する指導，安全に関する指導及び心身の健康の保持増進に関する指導については，保健体育科の時間はもとより，技術・家庭科，特別活動などにおいてもそれぞれの特質に応じて適切に行うよう努めることとする。また，それらの指導を通して，家庭や地域社会との連携を図りながら，日常生活において適切な体育・健康に関する活動の実践を促し，生涯を通じて健康・安全で活力ある生活を送るための基礎が培われるよう配慮しなければならない。,7300000130000000
総則,6,第２　内容等の取扱いに関する共通的事項,7300000200000000
総則,7,１　第２章以下に示す各教科，道徳科及び特別活動の内容に関する事項は，特に示す場合を除き，いずれの学校においても取り扱わなければならない。,7300000210000001
総則,8,２　学校において特に必要がある場合には，第２章以下に示していない内容を加えて指導することができる。また，第２章以下に示す内容の取扱いのうち内容の範囲や程度等を示す事項は，全ての生徒に対して指導するものとする内容の範囲や程度等を示したものであり，学校において特に必要がある場合には，この事項にかかわらず指導することができる。ただし，これらの場合には，第２章以下に示す各教科，道徳科及び特別活動並びに各学年，各分野又は各言語の目標や内容の趣旨を逸脱したり，生徒の負担過重となったりすることのないようにしなければならない。,7300000220000001
総則,9,３　第２章以下に示す各教科，道徳科及び特別活動並びに各学年，各分野又は各言語の内容に掲げる事項の順序は，特に示す場合を除き，指導の順序を示すものではないので，学校においては，その取扱いについて適切な工夫を加えるものとする。,7300000230000001
総則,10,４　学校において２以上の学年の生徒で編制する学級について特に必要がある場合には，各教科の目標の達成に支障のない範囲内で，各教科の目標及び内容について学年別の順序によらないことができる。,7300000240000000
総則,11,５　各学校においては，選択教科を開設し，生徒に履修させることができる。その場合にあっては，地域や学校，生徒の実態を考慮し，すべての生徒に指導すべき内容との関連を図りつつ，選択教科の授業時数及び内容を適切に定め選択教科の指導計画を作成するものとする。,7300000250000000
総則,12,６　選択教科の内容については，課題学習，補充的な学習や発展的な学習など，生徒の特性等に応じた多様な学習活動が行えるよう各学校において適切に定めるものとする。その際，生徒の負担過重となることのないようにしなければならない。,7300000260000000
総則,13,７　各学校においては，第２章に示す各教科を選択教科として設けることができるほか，地域や学校，生徒の実態を考慮して，特に必要がある場合には，その他特に必要な教科を選択教科として設けることができる。その他特に必要な教科の名称，目標，内容などについては，各学校が適切に定めるものとする。,7300000270000000
総則,14,８　道徳科を要として学校の教育活動全体を通じて行う道徳教育の内容は，第３章特別の教科道徳の第２に示す内容とする。,7300000280000001
総則,15,第３　授業時数等の取扱い,7300000300000000
総則,16,１　各教科，道徳科，総合的な学習の時間及び特別活動（以下「各教科等」 という。ただし，１及び３において，特別活動については学級活動（学校給食に係るものを除く。）に限る。）の授業は，年間35週以上にわたって行うよう計画し，週当たりの授業時数が生徒の負担過重にならないようにするものとする。ただし，各教科等（特別活動を除く。）や学習活動の特質に応じ効果的な場合には，夏季，冬季，学年末等の休業日の期間に授業日を設定する場合を含め，これらの授業を特定の期間に行うことができる。なお，給食，休憩などの時間については，学校において工夫を加え，適切に定めるものとする。,7300000310000001
総則,17,２　特別活動の授業のうち，生徒会活動及び学校行事については，それらの内容に応じ，年間，学期ごと，月ごとなどに適切な授業時数を充てるものとする。,7300000320000000
総則,18,３　各教科等のそれぞれの授業の１単位時間は，各学校において，各教科等の年間授業時数を確保しつつ，生徒の発達の段階及び各教科等や学習活動の特質を考慮して適切に定めるものとする。なお，10分間程度の短い時間を単位として特定の教科の指導を行う場合において，当該教科を担当する教師がその指導内容の決定や指導の成果の把握と活用等を責任をもって行う体制が整備されているときは，その時間を当該教科の年間授業時数に含めることができる。,7300000330000000
総則,19,４　各学校においては，地域や学校及び生徒の実態，各教科等や学習活動の特質等に応じて，創意工夫を生かし時間割を弾力的に編成することができる。,7300000340000000
総則,20,５　総合的な学習の時間における学習活動により，特別活動の学校行事に掲げる各行事の実施と同様の成果が期待できる場合においては，総合的な学習の時間における学習活動をもって相当する特別活動の学校行事に掲げる各行事の実施に替えることができる。,7300000350000000
総則,21,第４　指導計画の作成等に当たって配慮すべき事項,7300000400000000
総則,22,１　各学校においては，次の事項に配慮しながら，学校の創意工夫を生かし，全体として，調和のとれた具体的な指導計画を作成するものとする。,7300000410000000
総則,23,(1) 各教科等及び各学年相互間の関連を図り，系統的，発展的な指導ができるようにすること。,7300000411000000
総則,24,(2) 各教科の各学年，各分野又は各言語の指導内容については，そのまとめ方や重点の置き方に適切な工夫を加えるなど，効果的な指導ができるようにすること。,7300000412000000
総則,25,２　各教科等の指導に当たっては，次の事項に配慮するものとする。,7300000420000001
総則,26,(1) 各教科等の指導に当たっては，生徒の思考力，判断力，表現力等をはぐくむ観点から，基礎的・基本的な知識及び技能の活用を図る学習活動を重視するとともに，言語に対する関心や理解を深め，言語に関する能力の育成を図る上で必要な言語環境を整え，生徒の言語活動を充実すること。,7300000421000000
総則,27,(2) 各教科等の指導に当たっては，体験的な学習や基礎的・基本的な知識及び技能を活用した問題解決的な学習を重視するとともに，生徒の興味・関心を生かし，自主的，自発的な学習が促されるよう工夫すること。,7300000422000000
総則,28,(3) 教師と生徒の信頼関係及び生徒相互の好ましい人間関係を育てるとともに生徒理解を深め，生徒が自主的に判断，行動し積極的に自己を生かしていくことができるよう，生徒指導の充実を図ること。,7300000423000000
総則,29,(4) 生徒が自らの生き方を考え主体的に進路を選択することができるよう，学校の教育活動全体を通じ，計画的，組織的な進路指導を行うこと。,7300000424000000
総則,30,(5) 生徒が学校や学級での生活によりよく適応するとともに，現在及び将来の生き方を考え行動する態度や能力を育成することができるよう，学校の教育活動全体を通じ，ガイダンスの機能の充実を図ること。,7300000425000000
総則,31,(6) 各教科等の指導に当たっては，生徒が学習の見通しを立てたり学習したことを振り返ったりする活動を計画的に取り入れるようにすること。,7300000426000000
総則,32,(7) 各教科等の指導に当たっては，生徒が学習内容を確実に身に付けることができるよう，学校や生徒の実態に応じ，個別指導やグループ別指導，繰り返し指導，学習内容の習熟の程度に応じた指導，生徒の興味・関心等に応じた課題学習，補充的な学習や発展的な学習などの学習活動を取り入れた指導，教師間の協力的な指導など指導方法や指導体制を工夫改善し，個に応じた指導の充実を図ること。,7300000427000000
総則,33,(8) 障害のある生徒などについては，特別支援学校等の助言又は援助を活用しつつ，例えば指導についての計画又は家庭や医療，福祉等の業務を行う関係機関と連携した支援のための計画を個別に作成することなどにより，個々の生徒の障害の状態等に応じた指導内容や指導方法の工夫を計画的，組織的に行うこと。特に，特別支援学級又は通級による指導については，教師間の連携に努め，効果的な指導を行うこと。,7300000428000000
総則,34,(9) 海外から帰国した生徒などについては，学校生活への適応を図るとともに，外国における生活経験を生かすなどの適切な指導を行うこと。,7300000429000000
総則,35,(10) 各教科等の指導に当たっては，生徒が情報モラルを身に付け，コンピュータや情報通信ネットワークなどの情報手段を適切かつ主体的，積極的に活用できるようにするための学習活動を充実するとともに，これらの情報手段に加え視聴覚教材や教育機器などの教材・教具の適切な活用を図ること。,730000042A000000
総則,36,(11) 学校図書館を計画的に利用しその機能の活用を図り，生徒の主体的，意欲的な学習活動や読書活動を充実すること。,730000042B000000
総則,37,(12) 生徒のよい点や進歩の状況などを積極的に評価するとともに，指導の過程や成果を評価し，指導の改善を行い学習意欲の向上に生かすようにすること。,730000042C000000
総則,38,(13) 生徒の自主的，自発的な参加により行われる部活動については，スポーツや文化及び科学等に親しませ，学習意欲の向上や責任感，連帯感の涵《かん》養等に資するものであり，学校教育の一環として，教育課程との関連が図られるよう留意すること。その際，地域や学校の実態に応じ，地域の人々の協力，社会教育施設や社会教育関係団体等の各種団体との連携などの運営上の工夫を行うようにすること。,730000042D000000
総則,39,(14) 学校がその目的を達成するため，地域や学校の実態等に応じ，家庭や地域の人々の協力を得るなど家庭や地域社会との連携を深めること。また，中学校間や小学校，高等学校及び特別支援学校などとの間の連携や交流を図るとともに，障害のある幼児児童生徒との交流及び共同学習や高齢者などとの交流の機会を設けること。,730000042E000000
総則,40,３　道徳教育を進めるに当たっては，次の事項に配慮するものとする。,7300000430000001
総則,41,(1) 各学校においては，第１の２に示す道徳教育の目標を踏まえ，道徳教育の全体計画を作成し，校長の方針の下に，道徳教育の推進を主に担当する教師（以下「道徳教育推進教師」 という。）を中心に，全教師が協力して道徳教育を展開すること。 なお， 道徳教育の全体計画の作成に当たっては，生徒，学校及び地域の実態を考慮して，学校の道徳教育の重点目標を設定するとともに，道徳科の指導方針，第３章特別の教科道徳の第２に示す内容との関連を踏まえた各教科，総合的な学習の時間及び特別活動における指導の内容及び時期並びに家庭や地域社会との連携の方法を示すこと。,7300000431000001
総則,42,(2) 各学校においては，生徒の発達の段階や特性等を踏まえ，指導内容の重点化を図ること。その際，小学校における道徳教育の指導内容を更に発展させ，自立心や自律性を高め，規律ある生活をすること，生命を尊重する心や自らの弱さを克服して気高く生きようとする心を育てること，法やきまりの意義に関する理解を深めること，自らの将来の生き方を考え主体的に社会の形成に参画する意欲と態度を養うこと，伝統と文化を尊重し，それらを育んできた我が国と郷土を愛するとともに，他国を尊重すること，国際社会に生きる日本人としての自覚を身に付けることに留意すること。,7300000432000001
総則,43,(3) 学校や学級内の人間関係や環境を整えるとともに，職場体験活動やボランティア活動，自然体験活動，地域の行事への参加などの豊かな体験を充実すること。また，道徳教育の指導内容が，生徒の日常生活に生かされるようにすること。その際，いじめの防止や安全の確保等にも資することとなるよう留意すること。,7300000433000001
総則,44,(4) 学校の道徳教育の全体計画や道徳教育に関する諸活動などの情報を積極的に公表したり，道徳教育の充実のために家庭や地域の人々の積極的な参加や協力を得たりするなど，家庭や地域社会との共通理解を深め，相互の連携を図ること。,7300000434000001
各教科（共通）,45,第２章　各教科,73n0000000000000
国語,46,第１節　国語,7310000000000000
国語,47,"第１　目標
　国語を適切に表現し正確に理解する能力を育成し，伝え合う力を高めるとともに，思考力や想像力を養い言語感覚を豊かにし，国語に対する認識を深め国語を尊重する態度を育てる。",7310100000000000
国語,48,第２　各学年の目標及び内容,7310200000000000
国語,49,〔第１学年〕,7310210000000000
国語,50,１　目標,7310212000000000
国語,51,(1) 目的や場面に応じ，日常生活にかかわることなどについて構成を工夫して話す能力，話し手の意図を考えながら聞く能力，話題や方向をとらえて話し合う能力を身に付けさせるとともに，話したり聞いたりして考えをまとめようとする態度を育てる。,7310212100000000
国語,52,(2) 目的や意図に応じ，日常生活にかかわることなどについて，構成を考えて的確に書く能力を身に付けさせるとともに，進んで文章を書いて考えをまとめようとする態度を育てる。,7310212200000000
国語,53,(3) 目的や意図に応じ，様々な本や文章などを読み，内容や要旨を的確にとらえる能力を身に付けさせるとともに，読書を通してものの見方や考え方を広げようとする態度を育てる。,7310212300000000
国語,54,２　内容,7310213000000000
国語,55,Ａ　話すこと・聞くこと,7310213100000000
国語,56,(1) 話すこと・聞くことの能力を育成するため，次の事項について指導する。,7310213110000000
国語,57,ア　日常生活の中から話題を決め，話したり話し合ったりするための材料を人との交流を通して集め整理すること。,7310213111000000
国語,58,イ　全体と部分，事実と意見との関係に注意して話を構成し，相手の反応を踏まえながら話すこと。,7310213112000000
国語,59,ウ　話す速度や音量，言葉の調子や間の取り方，相手に分かりやすい語句の選択，相手や場に応じた言葉遣いなどについての知識を生かして話すこと。,7310213113000000
国語,60,エ　必要に応じて質問しながら聞き取り，自分の考えとの共通点や相違点を整理すること。,7310213114000000
国語,61,オ　話合いの話題や方向をとらえて的確に話したり，相手の発言を注意して聞いたりして，自分の考えをまとめること。,7310213115000000
国語,62,(2) (1)に示す事項については，例えば，次のような言語活動を通して指導するものとする。,7310213120000000
国語,63,ア　日常生活の中の話題について報告や紹介をしたり，それらを聞いて質問や助言をしたりすること。,7310213121000000
国語,64,イ　日常生活の中の話題について対話や討論などを行うこと。,7310213122000000
国語,65,Ｂ　書くこと,7310213200000000
国語,66,(1) 書くことの能力を育成するため，次の事項について指導する。,7310213210000000
国語,67,ア  日常生活の中から課題を決め，材料を集めながら自分の考えをまとめること。,7310213211000000
国語,68,イ　集めた材料を分類するなどして整理するとともに，段落の役割を考えて文章を構成すること。,7310213212000000
国語,69,ウ　伝えたい事実や事柄について，自分の考えや気持ちを根拠を明確にして書くこと。,7310213213000000
国語,70,エ　書いた文章を読み返し，表記や語句の用法，叙述の仕方などを確かめて，読みやすく分かりやすい文章にすること。,7310213214000000
国語,71,オ　書いた文章を互いに読み合い，題材のとらえ方や材料の用い方，根拠の明確さなどについて意見を述べたり，自分の表現の参考にしたりすること。,7310213215000000
国語,72,(2) (1)に示す事項については，例えば，次のような言語活動を通して指導するものとする。,7310213220000000
国語,73,ア　関心のある芸術的な作品などについて，鑑賞したことを文章に書くこと。,7310213221000000
国語,74,イ　図表などを用いた説明や記録の文章を書くこと。,7310213222000000
国語,75,ウ　行事等の案内や報告をする文章を書くこと。,7310213223000000
国語,76,Ｃ　読むこと,7310213300000000
国語,77,(1) 読むことの能力を育成するため，次の事項について指導する。,7310213310000000
国語,78,ア　文脈の中における語句の意味を的確にとらえ，理解すること。,7310213311000000
国語,79,イ　文章の中心的な部分と付加的な部分，事実と意見などとを読み分け，目的や必要に応じて要約したり要旨をとらえたりすること。,7310213312000000
国語,80,ウ　場面の展開や登場人物などの描写に注意して読み，内容の理解に役立てること。,7310213313000000
国語,81,エ　文章の構成や展開，表現の特徴について，自分の考えをもつこと。,7310213314000000
国語,82,オ　文章に表れているものの見方や考え方をとらえ，自分のものの見方や考え方を広くすること。,7310213315000000
国語,83,カ　本や文章などから必要な情報を集めるための方法を身に付け，目的に応じて必要な情報を読み取ること。,7310213316000000
国語,84,(2) (1)に示す事項については，例えば，次のような言語活動を通して指導するものとする。,7310213320000000
国語,85,ア　様々な種類の文章を音読したり朗読したりすること。,7310213321000000
国語,86,イ　文章と図表などとの関連を考えながら，説明や記録の文章を読むこと。,7310213322000000
国語,87,ウ　課題に沿って本を読み，必要に応じて引用して紹介すること。,7310213323000000
国語,88,〔伝統的な言語文化と国語の特質に関する事項〕,7310213400000000
国語,89,(1) 「Ａ話すこと・聞くこと」，「Ｂ書くこと」及び「Ｃ読むこと」の指導を通して，次の事項について指導する。,7310213410000000
国語,90,ア　伝統的な言語文化に関する事項,7310213411000000
国語,91,(ｱ) 文語のきまりや訓読の仕方を知り，古文や漢文を音読して，古典特有のリズムを味わいながら，古典の世界に触れること。,7310213411100000
国語,92,(ｲ) 古典には様々な種類の作品があることを知ること。,7310213411200000
国語,93,イ　言葉の特徴やきまりに関する事項,7310213412000000
国語,94,(ｱ) 音声の働きや仕組みについて関心をもち，理解を深めること。,7310213412100000
国語,95,(ｲ) 語句の辞書的な意味と文脈上の意味との関係に注意し，語感を磨くこと。,7310213412200000
国語,96,(ｳ) 事象や行為などを表す多様な語句について理解を深めるとともに，話や文章の中の語彙《い》について関心をもつこと。,7310213412300000
国語,97,(ｴ) 単語の類別について理解し，指示語や接続詞及びこれらと同じような働きをもつ語句などに注意すること。,7310213412400000
国語,98,(ｵ) 比喩《ゆ》や反復などの表現の技法について理解すること。,7310213412500000
国語,99,ウ　漢字に関する事項,7310213413000000
国語,100,(ｱ) 小学校学習指導要領第２章第１節国語の学年別漢字配当表（以下「学年別漢字配当表」という。）に示されている漢字に加え，その他の常用漢字のうち300字程度から400字程度までの漢字を読むこと。,7310213413100001
国語,101,(ｲ) 学年別漢字配当表の漢字のうち900字程度の漢字を書き，文や文章の中で使うこと。,7310213413200000
国語,102,(2) 書写に関する次の事項について指導する。,7310213420000000
国語,103,ア　字形を整え，文字の大きさ，配列などについて理解して，楷《かい》書で書くこと。,7310213421000000
国語,104,イ　漢字の行書の基礎的な書き方を理解して書くこと。,7310213422000000
国語,105,〔第２学年〕,7310220000000000
国語,106,１　目標,7310222000000000
国語,107,(1) 目的や場面に応じ，社会生活にかかわることなどについて立場や考えの違いを踏まえて話す能力，考えを比べながら聞く能力，相手の立場を尊重して話し合う能力を身に付けさせるとともに，話したり聞いたりして考えを広げようとする態度を育てる。,7310222100000000
国語,108,(2) 目的や意図に応じ，社会生活にかかわることなどについて，構成を工夫して分かりやすく書く能力を身に付けさせるとともに，文章を書いて考えを広げようとする態度を育てる。,7310222200000000
国語,109,(3) 目的や意図に応じ，文章の内容や表現の仕方に注意して読む能力，広い範囲から情報を集め効果的に活用する能力を身に付けさせるとともに，読書を生活に役立てようとする態度を育てる。,7310222300000000
国語,110,２　内容,7310223000000000
国語,111,Ａ　話すこと・聞くこと,7310223100000000
国語,112,(1) 話すこと・聞くことの能力を育成するため，次の事項について指導する。,7310223110000000
国語,113,ア　社会生活の中から話題を決め，話したり話し合ったりするための材料を多様な方法で集め整理すること。,7310223111000000
国語,114,イ　異なる立場や考えを想定して自分の考えをまとめ，話の中心的な部分と付加的な部分などに注意し，論理的な構成や展開を考えて話すこと。,7310223112000000
国語,115,ウ　目的や状況に応じて，資料や機器などを効果的に活用して話すこと。,7310223113000000
国語,116,エ　話の論理的な構成や展開などに注意して聞き，自分の考えと比較すること。,7310223114000000
国語,117,オ　相手の立場や考えを尊重し，目的に沿って話し合い，互いの発言を検討して自分の考えを広げること。,7310223115000000
国語,118,(2) (1)に示す事項については，例えば，次のような言語活動を通して指導するものとする。,7310223120000000
国語,119,ア  調べて分かったことや考えたことなどに基づいて説明や発表をしたり，それらを聞いて意見を述べたりすること。,7310223121000000
国語,120,イ　社会生活の中の話題について，司会や提案者などを立てて討論を行うこと。,7310223122000000
国語,121,Ｂ　書くこと,7310223200000000
国語,122,(1) 書くことの能力を育成するため，次の事項について指導する。,7310223210000000
国語,123,ア  社会生活の中から課題を決め，多様な方法で材料を集めながら自分の考えをまとめること。,7310223211000000
国語,124,イ　自分の立場及び伝えたい事実や事柄を明確にして，文章の構成を工夫すること。,7310223212000000
国語,125,ウ  事実や事柄，意見や心情が相手に効果的に伝わるように，説明や具体例を加えたり，描写を工夫したりして書くこと。,7310223213000000
国語,126,エ  書いた文章を読み返し，語句や文の使い方，段落相互の関係などに注意して，読みやすく分かりやすい文章にすること。,7310223214000000
国語,127,オ　書いた文章を互いに読み合い，文章の構成や材料の活用の仕方などについて意見を述べたり助言をしたりして，自分の考えを広げること。,7310223215000000
国語,128,(2) (1)に示す事項については，例えば，次のような言語活動を通して指導するものとする。,7310223220000000
国語,129,ア　表現の仕方を工夫して，詩歌をつくったり物語などを書いたりすること。,7310223221000000
国語,130,イ　多様な考えができる事柄について，立場を決めて意見を述べる文章を書くこと。,7310223222000000
国語,131,ウ　社会生活に必要な手紙を書くこと。,7310223223000000
国語,132,Ｃ　読むこと,7310223300000000
国語,133,(1) 読むことの能力を育成するため，次の事項について指導する。,7310223310000000
国語,134,ア　抽象的な概念を表す語句や心情を表す語句などに注意して読むこと。,7310223311000000
国語,135,イ　文章全体と部分との関係，例示や描写の効果，登場人物の言動の意味などを考え，内容の理解に役立てること。,7310223312000000
国語,136,ウ　文章の構成や展開，表現の仕方について，根拠を明確にして自分の考えをまとめること。,7310223313000000
国語,137,エ　文章に表れているものの見方や考え方について，知識や体験と関連付けて自分の考えをもつこと。,7310223314000000
国語,138,オ　多様な方法で選んだ本や文章などから適切な情報を得て，自分の考えをまとめること。,7310223315000000
国語,139,(2) (1)に示す事項については，例えば，次のような言語活動を通して指導するものとする。,7310223320000000
国語,140,ア　詩歌や物語などを読み，内容や表現の仕方について感想を交流すること。,7310223321000000
国語,141,イ　説明や評論などの文章を読み，内容や表現の仕方について自分の考えを述べること。,7310223322000000
国語,142,ウ　新聞やインターネット，学校図書館等の施設などを活用して得た情報を比較すること。,7310223323000000
国語,143,〔伝統的な言語文化と国語の特質に関する事項〕,7310223400000000
国語,144,(1) 「Ａ話すこと・聞くこと」，「Ｂ書くこと」及び「Ｃ読むこと」の指導を通して，次の事項について指導する。,7310223410000000
国語,145,ア　伝統的な言語文化に関する事項,7310223411000000
国語,146,(ｱ) 作品の特徴を生かして朗読するなどして，古典の世界を楽しむこと。,7310223411100000
国語,147,(ｲ) 古典に表れたものの見方や考え方に触れ，登場人物や作者の思いなどを想像すること。,7310223411200000
国語,148,イ　言葉の特徴やきまりに関する事項,7310223412000000
国語,149,(ｱ) 話し言葉と書き言葉との違い，共通語と方言の果たす役割，敬語の働きなどについて理解すること。,7310223412100000
国語,150,(ｲ) 抽象的な概念を表す語句，類義語と対義語，同音異義語や多義的な意味を表す語句などについて理解し，語感を磨き語彙《い》を豊かにすること。,7310223412200000
国語,151,(ｳ) 文の中の文の成分の順序や照応，文の構成などについて考えること。,7310223412300000
国語,152,(ｴ) 単語の活用について理解し，助詞や助動詞などの働きに注意すること。,7310223412400000
国語,153,(ｵ) 相手や目的に応じて，話や文章の形態や展開に違いがあることを理解すること。,7310223412500000
国語,154,ウ　漢字に関する事項,7310223413000000
国語,155,(ｱ) 第１学年までに学習した常用漢字に加え，その他の常用漢字のうち350字程度から450字程度までの漢字を読むこと。,7310223413100001
国語,156,(ｲ) 学年別漢字配当表に示されている漢字を書き，文や文章の中で使うこと。　　　　　　　　　　　　　　　　　　　　　　　　　　,7310223413200000
国語,157,(2) 書写に関する次の事項について指導する。,7310223420000000
国語,158,ア　漢字の行書とそれに調和した仮名の書き方を理解して，読みやすく速く書くこと。,7310223421000000
国語,159,イ　目的や必要に応じて，楷《かい》書又は行書を選んで書くこと。,7310223422000000
国語,160,〔第３学年〕,7310230000000000
国語,161,１　目標,7310232000000000
国語,162,(1) 目的や場面に応じ，社会生活にかかわることなどについて相手や場に応じて話す能力，表現の工夫を評価して聞く能力，課題の解決に向けて話し合う能力を身に付けさせるとともに，話したり聞いたりして考えを深めようとする態度を育てる。,7310232100000000
国語,163,(2) 目的や意図に応じ，社会生活にかかわることなどについて，論理の展開を工夫して書く能力を身に付けさせるとともに，文章を書いて考えを深めようとする態度を育てる。,7310232200000000
国語,164,(3) 目的や意図に応じ，文章の展開や表現の仕方などを評価しながら読む能力を身に付けさせるとともに，読書を通して自己を向上させようとする態度を育てる。,7310232300000000
国語,165,２　内容,7310233000000000
国語,166,Ａ　話すこと・聞くこと,7310233100000000
国語,167,(1) 話すこと・聞くことの能力を育成するため，次の事項について指導する。,7310233110000000
国語,168,ア　社会生活の中から話題を決め，自分の経験や知識を整理して考えをまとめ，語句や文を効果的に使い，資料などを活用して説得力のある話をすること。,7310233111000000
国語,169,イ　場の状況や相手の様子に応じて話すとともに，敬語を適切に使うこと。,7310233112000000
国語,170,ウ　聞き取った内容や表現の仕方を評価して，自分のものの見方や考え方を深めたり，表現に生かしたりすること。,7310233113000000
国語,171,エ　話合いが効果的に展開するように進行の仕方を工夫し，課題の解決に向けて互いの考えを生かし合うこと。,7310233114000000
国語,172,(2) (1)に示す事項については，例えば，次のような言語活動を通して指導するものとする。,7310233120000000
国語,173,ア　時間や場の条件に合わせてスピーチをしたり，それを聞いて自分の表現の参考にしたりすること。,7310233121000000
国語,174,イ　社会生活の中の話題について，相手を説得するために意見を述べ合うこと。,7310233122000000
国語,175,Ｂ　書くこと,7310233200000000
国語,176,(1) 書くことの能力を育成するため，次の事項について指導する。,7310233210000000
国語,177,ア　社会生活の中から課題を決め，取材を繰り返しながら自分の考えを深めるとともに，文章の形態を選択して適切な構成を工夫すること。,7310233211000000
国語,178,イ　論理の展開を工夫し，資料を適切に引用するなどして，説得力のある文章を書くこと。,7310233212000000
国語,179,ウ　書いた文章を読み返し，文章全体を整えること。,7310233213000000
国語,180,エ　書いた文章を互いに読み合い，論理の展開の仕方や表現の仕方などについて評価して自分の表現に役立てるとともに，ものの見方や考え方を深めること。,7310233214000000
国語,181,(2) (1)に示す事項については，例えば，次のような言語活動を通して指導するものとする。,7310233220000000
国語,182,ア  関心のある事柄について批評する文章を書くこと。,7310233221000000
国語,183,イ　目的に応じて様々な文章などを集め，工夫して編集すること。,7310233222000000
国語,184,Ｃ　読むこと,7310233300000000
国語,185,(1) 読むことの能力を育成するため，次の事項について指導する。,7310233310000000
国語,186,ア　文脈の中における語句の効果的な使い方など，表現上の工夫に注意して読むこと。,7310233311000000
国語,187,イ　文章の論理の展開の仕方，場面や登場人物の設定の仕方をとらえ，内容の理解に役立てること。,7310233312000000
国語,188,ウ　文章を読み比べるなどして，構成や展開，表現の仕方について評価すること。,7310233313000000
国語,189,エ　文章を読んで人間，社会，自然などについて考え，自分の意見をもつこと。,7310233314000000
国語,190,オ　目的に応じて本や文章などを読み，知識を広げたり，自分の考えを深めたりすること。,7310233315000000
国語,191,(2) (1)に示す事項については，例えば，次のような言語活動を通して指導するものとする。,7310233320000000
国語,192,ア　物語や小説などを読んで批評すること。,7310233321000000
国語,193,イ　論説や報道などに盛り込まれた情報を比較して読むこと。,7310233322000000
国語,194,ウ　自分の読書生活を振り返り，本の選び方や読み方について考えること。,7310233323000000
国語,195,〔伝統的な言語文化と国語の特質に関する事項〕,7310233400000000
国語,196,(1) 「Ａ話すこと・聞くこと」，「Ｂ書くこと」及び「Ｃ読むこと」の指導を通して，次の事項について指導する。,7310233410000000
国語,197,ア　伝統的な言語文化に関する事項,7310233411000000
国語,198,(ｱ) 歴史的背景などに注意して古典を読み，その世界に親しむこと。,7310233411100000
国語,199,(ｲ) 古典の一節を引用するなどして，古典に関する簡単な文章を書くこと。,7310233411200000
国語,200,イ　言葉の特徴やきまりに関する事項,7310233412000000
国語,201,(ｱ) 時間の経過による言葉の変化や世代による言葉の違いを理解するとともに，敬語を社会生活の中で適切に使うこと。,7310233412100000
国語,202,(ｲ) 慣用句・四字熟語などに関する知識を広げ，和語・漢語・外来語などの使い分けに注意し，語感を磨き語を豊かにすること。,7310233412200000
国語,203,ウ　漢字に関する事項,7310233413000000
国語,204,(ｱ) 第２学年までに学習した常用漢字に加え，その他の常用漢字の大体を読むこと。,7310233413100000
国語,205,(ｲ) 学年別漢字配当表に示されている漢字について，文や文章の中で使い慣れること。,7310233413200000
国語,206,(2) 書写に関する次の事項について指導する。,7310233420000000
国語,207,ア  身の回りの多様な文字に関心をもち，効果的に文字を書くこと。,7310233421000000
国語,208,第３　指導計画の作成と内容の取扱い,7310300000000000
国語,209,１　指導計画の作成に当たっては，次の事項に配慮するものとする。,7310300100000000
国語,210,(1) 第２の各学年の内容の指導については，必要に応じて当該学年の前後の学年で取り上げることもできること。,7310300110000000
国語,211,(2) 第２の各学年の内容の「Ａ話すこと・聞くこと」，「Ｂ書くこと」，「Ｃ読むこと」及び〔伝統的な言語文化と国語の特質に関する事項〕について相互に密接な関連を図り，効果的に指導すること。その際，学校図書館などを計画的に利用しその機能の活用を図るようにすること。また，生徒が情報機器を活用する機会を設けるなどして，指導の効果を高めるよう工夫すること。,7310300120000000
国語,212,(3) 第２の各学年の内容の「Ａ話すこと・聞くこと」の指導に配当する授業時数は，第１学年及び第２学年では年間15～25単位時間程度，第３学年では年間10～20単位時間程度とすること。また，音声言語のための教材を積極的に活用するなどして，指導の効果を高めるよう工夫すること。,7310300130000000
国語,213,(4) 第２の各学年の内容の「Ｂ書くこと」の指導に配当する授業時数は，第１学年及び第２学年では年間30～40単位時間程度，第３学年では年間20～30単位時間程度とすること。,7310300140000000
国語,214,(5) 第２の各学年の内容の「Ｃ読むこと」に関する指導については，様々な文章を読んで，自分の表現に役立てられるようにすること。,7310300150000000
国語,215,(6) 第１章総則の第１の２に示す道徳教育の目標に基づき，道徳科などとの関連を考慮しながら，第３章特別の教科道徳の第２に示す内容について，国語科の特質に応じて適切な指導をすること。,7310300160000001
国語,216,２　第２の各学年の内容の〔伝統的な言語文化と国語の特質に関する事項〕については，次のとおり取り扱うものとする。,7310300200000000
国語,217,(1) 〔伝統的な言語文化と国語の特質に関する事項〕の(1)に示す事項については，次のとおり取り扱うこと。,7310300210000000
国語,218,ア　知識をまとめて指導したり，繰り返して指導したりすることが必要なものについては，特にそれだけを取り上げて学習させることにも配慮すること。,7310300211000000
国語,219,イ　言葉の特徴やきまりに関する事項については，日常の言語活動を振り返り，言葉の特徴やきまりについて気付かせ，言語生活の向上に役立てることを重視すること。,7310300212000000
国語,220,(2) 〔伝統的な言語文化と国語の特質に関する事項〕の(2)に示す事項については，次のとおり取り扱うこと。,7310300220000000
国語,221,ア　文字を正しく整えて速く書くことができるようにするとともに，書写の能力を学習や生活に役立てる態度を育てるよう配慮すること。,7310300221000000
国語,222,イ　硬筆及び毛筆を使用する書写の指導は各学年で行い，毛筆を使用する書写の指導は硬筆による書写の能力の基礎を養うようにすること。,7310300222000000
国語,223,ウ　書写の指導に配当する授業時数は，第１学年及び第２学年では年間20単位時間程度，第３学年では年間10単位時間程度とすること。,7310300223000000
国語,224,３　教材については，次の事項に留意するものとする。,7310300300000000
国語,225,(1) 教材は，話すこと・聞くことの能力，書くことの能力，読むことの能力などを偏りなく養うことや読書に親しむ態度の育成をねらいとし，生徒の発達の段階に即して適切な話題や題材を精選して調和的に取り上げること。また，第２の各学年の内容の「Ａ話すこと・聞くこと」，「Ｂ書くこと」及び「Ｃ読むこと」のそれぞれの(2)に掲げる言語活動が十分行われるよう教材を選定すること。,7310300310000000
国語,226,(2) 教材は，次のような観点に配慮して取り上げること。,7310300320000000
国語,227,ア　国語に対する認識を深め，国語を尊重する態度を育てるのに役立つこと。,7310300321000000
国語,228,イ　伝え合う力，思考力や想像力を養い言語感覚を豊かにするのに役立つこと。,7310300322000000
国語,229,ウ　公正かつ適切に判断する能力や創造的精神を養うのに役立つこと。,7310300323000000
国語,230,エ　科学的，論理的な見方や考え方を養い，視野を広げるのに役立つこと。,7310300324000000
国語,231,オ　人生について考えを深め，豊かな人間性を養い，たくましく生きる意志を育てるのに役立つこと。,7310300325000000
国語,232,カ　人間，社会，自然などについての考えを深めるのに役立つこと。,7310300326000000
国語,233,キ　我が国の伝統と文化に対する関心や理解を深め，それらを尊重する態度を育てるのに役立つこと。,7310300327000000
国語,234,ク　広い視野から国際理解を深め，日本人としての自覚をもち，国際協調の精神を養うのに役立つこと。,7310300328000000
国語,235,(3) 第２の各学年の内容の「Ｃ読むこと」の教材については，各学年で説明的な文章や文学的な文章などの文章形態を調和的に取り扱うこと。,7310300330000000
国語,236,(4) 我が国の言語文化に親しむことができるよう，近代以降の代表的な作家の作品を，いずれかの学年で取り上げること。,7310300340000000
国語,237,(5) 古典に関する教材については，古典の原文に加え，古典の現代語訳，古典について解説した文章などを取り上げること。,7310300350000000
社会,238,第２節　社会,7320000000000000
社会,239,"第１　目標
　広い視野に立って，社会に対する関心を高め，諸資料に基づいて多面的・多角的に考察し，我が国の国土と歴史に対する理解と愛情を深め，公民としての基礎的教養を培い，国際社会に生きる平和で民主的な国家・社会の形成者として必要な公民的資質の基礎を養う。",7320100000000000
社会,240,第２　各分野の目標及び内容,7320200000000000
社会,241,〔地理的分野〕,73212A0000000000
社会,242,１　目標,73212A2000000000
社会,243,(1) 日本や世界の地理的事象に対する関心を高め，広い視野に立って我が国の国土及び世界の諸地域の地域的特色を考察し理解させ，地理的な見方や考え方の基礎を培い，我が国の国土及び世界の諸地域に関する地理的認識を養う。,73212A2100000000
社会,244,(2) 日本や世界の地域の諸事象を位置や空間的な広がりとのかかわりでとらえ，それを地域の規模に応じて環境条件や人間の営みなどと関連付けて考察し，地域的特色や地域の課題をとらえさせる。,73212A2200000000
社会,245,(3) 大小様々な地域から成り立っている日本や世界の諸地域を比較し関連付けて考察し，それらの地域は相互に関係し合っていることや各地域の特色には地方的特殊性と一般的共通性があること，また，それらは諸条件の変化などに伴って変容していることを理解させる。,73212A2300000000
社会,246,(4) 地域調査など具体的な活動を通して地理的事象に対する関心を高め，様々な資料を適切に選択，活用して地理的事象を多面的・多角的に考察し公正に判断するとともに適切に表現する能力や態度を育てる。,73212A2400000000
社会,247,２　内容,73212A3000000000
社会,248,(1) 世界の様々な地域,73212A3100000000
社会,249,"ア　世界の地域構成
　地球儀や世界地図を活用し，緯度と経度，大陸と海洋の分布，主な国々の名称と位置，地域区分などを取り上げ，世界の地域構成を大観させる。",73212A3110000000
社会,250,"イ　世界各地の人々の生活と環境
　世界各地における人々の生活の様子とその変容について，自然及び社会的条件と関連付けて考察させ，世界の人々の生活や環境の多様性を理解させる。",73212A3120000000
社会,251,"ウ　世界の諸地域
　世界の諸地域について，以下の(ｱ)から(ｶ)の各州に暮らす人々の生活の様子を的確に把握できる地理的事象を取り上げ，それを基に主題を設けて，それぞれの州の地域的特色を理解させる。",73212A3130000000
社会,252,(ｱ) アジア,73212A3131000000
社会,253,(ｲ) ヨーロッパ,73212A3132000000
社会,254,(ｳ) アフリカ,73212A3133000000
社会,255,(ｴ) 北アメリカ,73212A3134000000
社会,256,(ｵ) 南アメリカ,73212A3135000000
社会,257,(ｶ) オセアニア,73212A3136000000
社会,258,"エ　世界の様々な地域の調査
　世界の諸地域に暮らす人々の生活の様子を的確に把握できる地理的事象を取り上げ，様々な地域又は国の地域的特色をとらえる適切な主題を設けて追究し，世界の地理的認識を深めさせるとともに，世界の様々な地域又は国の調査を行う際の視点や方法を身に付けさせる。",73212A3140000000
社会,259,(2) 日本の様々な地域,73212A3200000000
社会,260,"ア　日本の地域構成
　地球儀や地図を活用し，我が国の国土の位置，世界各地との時差，領域の特色と変化，地域区分などを取り上げ，日本の地域構成を大観させる。 ",73212A3210000000
社会,261,"イ　世界と比べた日本の地域的特色
世界的視野や日本全体の視野から見た日本の地域的特色を取り上げ，我が国の国土の特色を様々な面から大観させる。",73212A3220000000
社会,262,"(ｱ) 自然環境
　世界的視野から日本の地形や気候の特色，海洋に囲まれた日本の国土の特色を理解させるとともに，国内の地形や気候の特色，自然災害と防災への努力を取り上げ，日本の自然環境に関する特色を大観させる。",73212A3221000000
社会,263,"(ｲ) 人口
　世界的視野から日本の人口と人口密度，少子高齢化の課題を理解させるとともに，国内の人口分布，過疎・過密問題を取り上げ，日本の人口に関する特色を大観させる。",73212A3222000000
社会,264,"(ｳ) 資源・エネルギーと産業
世界的視野から日本の資源・エネルギーの消費の現状を理解させるとともに，国内の産業の動向，環境やエネルギーに関する課題を取り上げ，日本の資源・エネルギーと産業に関する特色を大観させる。",73212A3223000000
社会,265,"(ｴ) 地域間の結び付き
　世界的視野から日本と世界との交通・通信網の発達の様子や物流を理解させるとともに，国内の交通・通信網の整備状況を取り上げ，日本と世界の結び付きや国内各地の結び付きの特色を大観させる。",73212A3224000000
社会,266,"ウ　日本の諸地域
　日本を幾つかの地域に区分し，それぞれの地域について，以下の(ｱ)から(ｷ)で示した考察の仕方を基にして，地域的特色をとらえさせる。",73212A3230000000
社会,267,"(ｱ) 自然環境を中核とした考察
地域の地形や気候などの自然環境に関する特色ある事象を中核として，それを人々の生活や産業などと関連付け，自然環境が地域の人々の生活や産業などと深い関係をもっていることや，地域の自然災害に応じた防災対策が大切であることなどについて考える。",73212A3231000000
社会,268,"(ｲ) 歴史的背景を中核とした考察
　地域の産業，文化の歴史的背景や開発の歴史に関する特色ある事柄を中核として，それを国内外の他地域との結び付きや自然環境などと関連付け，地域の地理的事象の形成や特色に歴史的背景がかかわっていることなどについて考える。",73212A3232000000
社会,269,"(ｳ) 産業を中核とした考察
　地域の農業や工業などの産業に関する特色ある事象を中核として，それを成立させている地理的諸条件と関連付け，地域に果たす産業の役割やその動向は他の事象との関連で変化するものであることなどについて考える。",73212A3233000000
社会,270,"(ｴ) 環境問題や環境保全を中核とした考察
　地域の環境問題や環境保全の取組を中核として，それを産業や地域開発の動向，人々の生活などと関連付け，持続可能な社会の構築のためには地域における環境保全の取組が大切であることなどについて考える。",73212A3234000000
社会,271,"(ｵ) 人口や都市・村落を中核とした考察
　地域の人口の分布や動態，都市・村落の立地や機能に関する特色ある事象を中核として，それを人々の生活や産業などと関連付け，過疎・過密問題の解決が地域の課題となっていることなどについて考える。",73212A3235000000
社会,272,"(ｶ) 生活・文化を中核とした考察
　地域の伝統的な生活・文化に関する特色ある事象を中核として，それを自然環境や歴史的背景，他地域との交流などと関連付け，近年の都市化や国際化によって地域の伝統的な生活・文化が変容していることなどについて考える。",73212A3236000000
社会,273,"(ｷ) 他地域との結び付きを中核とした考察
　地域の交通・通信網に関する特色ある事象を中核として，それを物資や人々の移動の特色や変化などと関連付け，世界や日本の他の地域との結び付きの影響を受けながら地域は変容していることなどについて考える。",73212A3237000000
社会,274,"エ　身近な地域の調査
　身近な地域における諸事象を取り上げ，観察や調査などの活動を行い，生徒が生活している土地に対する理解と関心を深めて地域の課題を見いだし，地域社会の形成に参画しその発展に努力しようとする態度を養うとともに，市町村規模の地域の調査を行う際の視点や方法，地理的なまとめ方や発表の方法の基礎を身に付けさせる。",73212A3240000000
社会,275,３　内容の取扱い,73212A5000000000
社会,276,(1) 内容の(1)及び(2)については，この順序で取り扱うものとする。,73212A5100000000
社会,277,(2) 内容の取扱いについては，次の事項に配慮するものとする。,73212A5200000000
社会,278,"ア　地理的な見方や考え方及び地図の読図や作図，景観写真の読み取りなど地理的技能を身に付けることができるよう系統性に留意して計画的に指導すること。その際，教科用図書「地図」を十分に活用すること。
  また，地域に関する情報の収集，処理に当たっては，コンピュータや情報通信ネットワークなどを積極的に活用するなどの工夫をすること。",73212A5210000000
社会,279,イ　学習で取り上げる地域や国については，各項目間の調整を図り，一部の地域に偏ることのないようにすること。,73212A5220000000
社会,280,ウ　地域の特色や変化をとらえるに当たっては，歴史的分野との連携を踏まえ，歴史的背景に留意して地域的特色を追究するよう工夫するとともに，公民的分野との関連にも配慮すること。,73212A5230000000
社会,281,エ　地域的特色を追究する過程で生物や地学的な事象などを取り上げる際には，地域的特色をとらえる上で必要な範囲にとどめること。,73212A5240000000
社会,282,(3) 内容の(1)については，次のとおり取り扱うものとする。,73212A5300000000
社会,283,ア　アについては，学習全体を通して，大まかに世界地図を描けるようにすること。,73212A5310000000
社会,284,イ　イについては，世界各地の人々の生活の様子を考察するに当たって，衣食住の特色や，生活と宗教とのかかわりなどに着目させるようにすること。その際，世界の主な宗教の分布について理解させるようにすること。,73212A5320000000
社会,285,ウ　ウについては，州ごとに様々な面から地域的特色を大観させ，その上で主題を設けて地域的特色を理解させるようにすること。その際，主題については，州の地域的特色が明確となり，かつ我が国の国土の認識を深める上で効果的であるという観点から設定すること。また，州ごとに異なるものとなるようにすること。,73212A5330000000
社会,286,エ　エについては，様々な資料を的確に読み取ったり，地図を有効に活用して事象を説明したりするなどの作業的な学習活動を取り入れること。また，自分の解釈を加えて論述したり，意見交換したりするなどの学習活動を充実させること。,73212A5340000000
社会,287,(4) 内容の(2)については，次のとおり取り扱うものとする。,73212A5400000000
社会,288,ア  アについては，次のとおり取り扱うものとすること。,73212A5410000000
社会,289,(ｱ) 「領域の特色と変化」については，我が国の海洋国家としての特色を取り上げるとともに，北方領土が我が国の固有の領土であることなど，我が国の領域をめぐる問題にも着目させるようにすること。,73212A5411000000
社会,290,(ｲ) 日本の地域区分を扱う際には，都道府県の名称と位置のほかに都道府県庁所在地名も取り上げること。,73212A5412000000
社会,291,(ｳ) 学習全体を通して，大まかに日本地図を描けるようにすること。,73212A5413000000
社会,292,イ　イの(ｱ)から(ｴ)で示した日本の地域的特色については，指導に当たって内容の(1)の学習成果を生かすとともに，日本の諸地域の特色について理解を深めるための基本的な事柄で構成すること。,73212A5420000000
社会,293,ウ　ウについては，次のとおり取り扱うものとすること。,73212A5430000000
社会,294,(ｱ) 地域区分については，指導の観点や学校所在地の事情などを考慮して適切に決めること。,73212A5431000000
社会,295,(ｲ) 指導に当たっては，地域の特色ある事象や事柄を中核として，それを他の事象と有機的に関連付けて，地域的特色を追究するようにすること。,73212A5432000000
社会,296,(ｳ) (ｱ)から(ｷ)の考察の仕方については，学習する地域ごとに一つ選択すること。また，ウの学習全体を通してすべて取り扱うこと。,73212A5433000000
社会,297,エ　エについては，学校所在地の事情を踏まえて観察や調査を指導計画に位置付け実施すること。その際，縮尺の大きな地図や統計その他の資料に親しませ，それらの活用の技能を高めるようにすること。また，観察や調査の結果をまとめる際には，地図を有効に活用して事象を説明したり，自分の解釈を加えて論述したり，意見交換したりするなどの学習活動を充実させること。なお，学習の効果を高めることができる場合には，内容の(2)のウの中の学校所在地を含む地域の学習と結び付けて扱ってもよいこと。,73212A5440000000
社会,298,〔歴史的分野〕,7322200000000000
社会,299,１　目標,7322202000000000
社会,300,(1) 歴史的事象に対する関心を高め，我が国の歴史の大きな流れを，世界の歴史を背景に，各時代の特色を踏まえて理解させ，それを通して我が国の伝統と文化の特色を広い視野に立って考えさせるとともに，我が国の歴史に対する愛情を深め，国民としての自覚を育てる。,7322202100000000
社会,301,(2) 国家・社会及び文化の発展や人々の生活の向上に尽くした歴史上の人物と現在に伝わる文化遺産を，その時代や地域との関連において理解させ，尊重する態度を育てる。,7322202200000000
社会,302,(3) 歴史に見られる国際関係や文化交流のあらましを理解させ，我が国と諸外国の歴史や文化が相互に深くかかわっていることを考えさせるとともに，他民族の文化，生活などに関心をもたせ，国際協調の精神を養う。,7322202300000000
社会,303,(4) 身近な地域の歴史や具体的な事象の学習を通して歴史に対する興味・関心を高め，様々な資料を活用して歴史的事象を多面的・多角的に考察し公正に判断するとともに適切に表現する能力と態度を育てる。,7322202400000000
社会,304,２　内容,7322203000000000
社会,305,(1) 歴史のとらえ方,7322203100000000
社会,306,ア　我が国の歴史上の人物や出来事などについて調べたり考えたりするなどの活動を通して，時代の区分やその移り変わりに気付かせ，歴史を学ぶ意欲を高めるとともに，年代の表し方や時代区分についての基本的な内容を理解させる。,7322203110000000
社会,307,イ　身近な地域の歴史を調べる活動を通して，地域への関心を高め，地域の具体的な事柄とのかかわりの中で我が国の歴史を理解させるとともに，受け継がれてきた伝統や文化への関心を高め，歴史の学び方を身に付けさせる。,7322203120000000
社会,308,ウ　学習した内容を活用してその時代を大観し表現する活動を通して，各時代の特色をとらえさせる。,7322203130000000
社会,309,(2) 古代までの日本,7322203200000000
社会,310,ア　世界の古代文明や宗教のおこり，日本列島における農耕の広まりと生活の変化や当時の人々の信仰，大和朝廷による統一と東アジアとのかかわりなどを通して，世界の各地で文明が築かれ，東アジアの文明の影響を受けながら我が国で国家が形成されていったことを理解させる。,7322203210000000
社会,311,イ　律令《りつりょう》国家の確立に至るまでの過程，摂関政治などを通して，大陸の文物や制度を積極的に取り入れながら国家の仕組みが整えられ，その後，天皇や貴族の政治が展開したことを理解させる。,7322203220000000
社会,312,ウ　仏教の伝来とその影響，仮名文字の成立などを通して，国際的な要素をもった文化が栄え，後に文化の国風化が進んだことを理解させる。,7322203230000000
社会,313,(3) 中世の日本,7322203300000000
社会,314,ア  鎌倉《かまくら》幕府の成立，南北朝の争乱と室町幕府，東アジアの国際関係，応仁《おうにん》の乱後の社会的な変動などを通して，武家政治の特色を考えさせ，武士が台頭して武家政権が成立し，その支配が次第に全国に広まるとともに，東アジア世界との密接なかかわりがみられたことを理解させる。,7322203310000000
社会,315,イ  農業など諸産業の発達，畿内《きない》を中心とした都市や農村における自治的な仕組みの成立，禅宗の文化的な影響などを通して，武家政治の展開や民衆の成長を背景とした社会や文化が生まれたことを理解させる。,7322203320000000
社会,316,(4) 近世の日本,7322203400000000
社会,317,ア　戦国の動乱，ヨーロッパ人来航の背景とその影響，織田《おだ》・豊臣《とよとみ》による統一事業とその当時の対外関係，武将や豪商などの生活文化の展開などを通して，近世社会の基礎がつくられていったことを理解させる。,7322203410000000
社会,318,イ　江戸幕府の成立と大名統制，鎖国政策，身分制度の確立及び農村の様子，鎖国下の対外関係などを通して，江戸幕府の政治の特色を考えさせ，幕府と藩による支配が確立したことを理解させる。,7322203420000000
社会,319,ウ　産業や交通の発達，教育の普及と文化の広がりなどを通して，町人文化が都市を中心に形成されたことや，各地方の生活文化が生まれたことを理解させる。,7322203430000000
社会,320,エ　社会の変動や欧米諸国の接近，幕府の政治改革，新しい学問・思想の動きなどを通して，幕府の政治が次第に行き詰まりをみせたことを理解させる。,7322203440000000
社会,321,(5) 近代の日本と世界,7322203500000000
社会,322,ア  欧米諸国における市民革命や産業革命，アジア諸国の動きなどを通して，欧米諸国が近代社会を成立させてアジアへ進出したことを理解させる。,7322203510000000
社会,323,イ　開国とその影響，富国強兵・殖産興業政策，文明開化などを通して，新政府による改革の特色を考えさせ，明治維新によって近代国家の基礎が整えられて，人々の生活が大きく変化したことを理解させる。,7322203520000000
社会,324,ウ　自由民権運動，大日本帝国憲法の制定，日清《にっしん》・日露戦争，条約改正などを通して，立憲制の国家が成立して議会政治が始まるとともに，我が国の国際的地位が向上したことを理解させる。,7322203530000000
社会,325,エ  我が国の産業革命，この時期の国民生活の変化，学問・教育・科学・芸術の発展などを通して，我が国で近代産業が発展し，近代文化が形成されたことを理解させる。,7322203540000000
社会,326,オ　第一次世界大戦の背景とその影響，民族運動の高まりと国際協調の動き，我が国の国民の政治的自覚の高まりと文化の大衆化などを通して，第一次世界大戦前後の国際情勢及び我が国の動きと，大戦後に国際平和への努力がなされたことを理解させる。,7322203550000000
社会,327,カ　経済の世界的な混乱と社会問題の発生，昭和初期から第二次世界大戦の終結までの我が国の政治・外交の動き，中国などアジア諸国との関係，欧米諸国の動き，戦時下の国民の生活などを通して，軍部の台頭から戦争までの経過と，大戦が人類全体に惨禍を及ぼしたことを理解させる。,7322203560000000
社会,328,(6) 現代の日本と世界,7322203600000000
社会,329,ア　冷戦，我が国の民主化と再建の過程，国際社会への復帰などを通して，第二次世界大戦後の諸改革の特色を考えさせ，世界の動きの中で新しい日本の建設が進められたことを理解させる。,7322203610000000
社会,330,イ　高度経済成長，国際社会とのかかわり，冷戦の終結などを通して，我が国の経済や科学技術が急速に発展して国民の生活が向上し，国際社会において我が国の役割が大きくなってきたことを理解させる。,7322203620000000
社会,331,３　内容の取扱い,7322205000000000
社会,332,(1) 内容の取扱いについては，次の事項に配慮するものとする。,7322205100000000
社会,333,ア　生徒の発達の段階を考慮して，各時代の特色や時代の転換にかかわる基礎的・基本的な歴史的事象を重点的に選んで指導内容を構成すること。,7322205110000000
社会,334,イ　歴史的事象の意味・意義や特色，事象間の関連を説明したり，課題を設けて追究したり，意見交換したりするなどの学習を重視して，思考力，判断力，表現力等を養うとともに，学習内容の確かな理解と定着を図ること。,7322205120000000
社会,335,ウ　各時代の文化については，代表的な事例を取り上げてその特色を考えさせるようにすること。,7322205130000000
社会,336,エ　歴史的事象の指導に当たっては，地理的分野との連携を踏まえ，地理的条件にも着目して取り扱うよう工夫するとともに，公民的分野との関連にも配慮すること。,7322205140000000
社会,337,オ　国家・社会及び文化の発展や人々の生活の向上に尽くした歴史上の人物に対する生徒の興味・関心を育てる指導に努めるとともに，それぞれの人物が果たした役割や生き方などについて時代的背景と関連付けて考察させるようにすること。その際，身近な地域の歴史上の人物を取り上げることにも留意すること。,7322205150000000
社会,338,カ　日本人の生活や生活に根ざした文化については，政治の動き，社会の動き，各地域の地理的条件，身近な地域の歴史とも関連付けて指導したり，民俗学や考古学などの成果の活用や博物館，郷土資料館などの施設を見学・調査したりするなどして具体的に学ぶことができるようにすること。,7322205160000000
社会,339,(2) 内容の(1)については，次のとおり取り扱うものとする。,7322205200000000
社会,340,ア　アについては，中学校の歴史学習の導入として実施することを原則とすること。小学校での学習を踏まえ，扱う内容や活動の仕方を工夫して，「時代の区分やその移り変わり」に気付かせるようにすること。「年代の表し方や時代区分」の学習については，導入における学習内容を基盤にし，内容の(2)以下とかかわらせて継続的・計画的に進めること。,7322205210000000
社会,341,イ　イについては，内容の(2)以下とかかわらせて計画的に実施し，地域の特性に応じた時代を取り上げるようにするとともに，人々の生活や生活に根ざした伝統や文化に着目した取扱いを工夫すること。その際，博物館，郷土資料館などの施設の活用や地域の人々の協力も考慮すること。,7322205220000000
社会,342,ウ　ウについては，内容の(2)以下の各時代の学習のまとめとして実施することを原則とすること。その際，各時代の学習の初めにその特色の究明に向けた課題意識を育成した上で，他の時代との共通点や相違点に着目しながら，大観や表現の仕方を工夫して，各時代の特色をとらえさせるようにすること。,7322205230000000
社会,343,エ　ア，イ及びウについては，適切かつ十分な授業時数を配当すること。,7322205240000000
社会,344,(3) 内容の(2)については，次のとおり取り扱うものとする。,7322205300000000
社会,345,ア　アの「世界の古代文明」については，中国の文明を中心に諸文明の特色を取り扱い，生活技術の発達，文字の使用，国家のおこりと発展などの共通する特色に気付かせるようにすること。また，人類の出現にも触れること。「宗教のおこり」については，仏教，キリスト教，イスラム教などを取り上げ，世界の文明地域との重なりに気付かせるようにすること。「日本列島における農耕の広まりと生活の変化」については，狩猟・採集を行っていた人々の生活が農耕の広まりとともに変化していったことに気付かせるようにすること。「大和朝廷による統一と東アジアとのかかわり」については，古墳の広まりにも触れるとともに，大陸から移住してきた人々の我が国の社会に果たした役割に気付かせるようにすること。,7322205310000000
社会,346,イ　イの「律令《りつりょう》国家の確立に至るまでの過程」については，聖徳太子《しょうとくたいし》の政治，大化の改新から律令《りつりょう》国家の確立に至るまでの過程を，小学校での学習内容を活用して大きくとらえさせるようにすること。,7322205320000000
社会,347,ウ　ウについては，文化を担った人々などに着目して取り扱うようにすること。,7322205330000000
社会,348,エ　考古学などの成果を活用するとともに，神話・伝承などの学習を通して，当時の人々の信仰やものの見方などに気付かせるよう留意すること。,7322205340000000
社会,349,(4) 内容の(3)については，次のとおり取り扱うものとする。,7322205400000000
社会,350,ア  アの「東アジアの国際関係」については，元寇《げんこう》，日明貿易《にちみんぼうえき》，琉球《りゅうきゅう》の国際的な役割などを取り扱うようにすること。「武家政治の特色」については，主従の結び付きや武力を背景にして次第にその支配を広げていったことなど，それ以前の時代との違いに着目して考えさせるようにすること。,7322205410000000
社会,351,イ  イの「武家政治の展開や民衆の成長を背景とした社会や文化」については，この時代の文化の中に現在に結び付くものがみられることに気付かせるようにすること。,7322205420000000
社会,352,(5) 内容の(4)については，次のとおり取り扱うものとする。,7322205500000000
社会,353,ア　アの「ヨーロッパ人来航の背景」については，新航路の開拓を中心に取り扱い，宗教改革についても触れること。「織田《おだ》・豊臣《とよとみ》による統一事業」については，検地・刀狩などの政策を取り扱うようにすること。,7322205510000000
社会,354,イ　イの「鎖国下の対外関係」については，オランダ，中国との交易のほか，朝鮮との交流や琉球《りゅうきゅう》の役割，北方との交易をしていたアイヌについて取り扱うようにすること。「江戸幕府の政治の特色」については，その支配の下に大きな戦乱のない時期を迎えたことなど，それ以前の時代との違いに着目して考えさせるようにすること。,7322205520000000
社会,355,ウ　ウの「産業や交通の発達」については，身近な地域の特色を生かすようにすること。「各地方の生活文化」については，身近な地域の事例を取り上げるように配慮し，藩校や寺子屋などによる「教育の普及」や社会的な「文化の広がり」と関連させて，現在との結び付きに気付かせるようにすること。,7322205530000000
社会,356,エ　エの「幕府の政治改革」については，百姓一揆《いっき》などに結び付く農村の変化や商業の発達などへの対応という観点から，代表的な事例を取り上げるようにすること。,7322205540000000
社会,357,(6) 内容の(5)については，次のとおり取り扱うものとする。,7322205600000000
社会,358,ア　アの「市民革命」については欧米諸国における近代社会の成立という観点から，「産業革命」については工業化による社会の変化という観点から，「アジア諸国の動き」については欧米諸国の進出に対するアジア諸国の対応と変容という観点から，それぞれ代表的な事例を取り上げるようにすること。,7322205610000000
社会,359,イ  イの「開国とその影響」については，アの欧米諸国のアジア進出と関連付けて取り扱うようにすること。「富国強兵・殖産興業政策」については，この政策の下に新政府が行った，廃藩置県，学制・兵制・税制の改革，身分制度の廃止，領土の画定などを取り扱うようにすること。「新政府による改革の特色」については，欧米諸国とのかかわりや社会の近代化など，それ以前の時代との違いに着目して考えさせるようにすること。「明治維新」については，複雑な国際情勢の中で独立を保ち，近代国家を形成していった政府や人々の努力に気付かせるようにすること。,7322205620000000
社会,360,ウ  ウの「日清《にっしん》・日露戦争」については，このころの大陸との関係に着目させること。「条約改正」については，欧米諸国と対等の外交関係を樹立するための人々の努力に気付かせるようにすること。「立憲制の国家が成立して議会政治が始まる」については，その歴史上の意義や現代の政治とのつながりに気付かせるようにすること。,7322205630000000
社会,361,エ  エの「我が国の産業革命」については，イの「富国強兵・殖産興業政策」の下で近代産業が進展したことと関連させて取り扱い，都市や農山漁村の生活に大きな変化が生じたことに気付かせるようにすること。「近代文化」については，伝統的な文化の上に欧米文化を受容して形成されたものであることに気付かせるようにすること。,7322205640000000
社会,362,オ　オの「第一次世界大戦」については，日本の参戦，ロシア革命なども取り上げて，世界の動きと我が国との関連に着目して取り扱うようにすること。「我が国の国民の政治的自覚の高まり」については，大正デモクラシーの時期の政党政治の発達，民主主義思想の普及，社会運動の展開を取り扱うようにすること。,7322205650000000
社会,363,カ　カについては，世界の動きと我が国との関連に着目して取り扱うとともに，国際協調と国際平和の実現に努めることが大切であることに気付かせるようにすること。,7322205660000000
社会,364,(7) 内容の(6)については，次のとおり取り扱うものとする。,7322205700000000
社会,365,ア　アについては，国民が苦難を乗り越えて新しい日本の建設に努力したことに気付かせるようにすること。「第二次世界大戦後の諸改革の特色」については，新たな制度が生まれたことなどに着目して考えさせるようにすること。,7322205710000000
社会,366,イ　イについては，沖縄返還，日中国交正常化，石油危機などの節目となる歴史的事象を取り扱うようにすること。,7322205720000000
社会,367,〔公民的分野〕,7323230000000000
社会,368,１　目標,7323232000000000
社会,369,(1) 個人の尊厳と人権の尊重の意義，特に自由・権利と責任・義務の関係を広い視野から正しく認識させ，民主主義に関する理解を深めるとともに，国民主権を担う公民として必要な基礎的教養を培う。,7323232100000000
社会,370,(2) 民主政治の意義，国民の生活の向上と経済活動とのかかわり及び現代の社会生活などについて，個人と社会とのかかわりを中心に理解を深め，現代社会についての見方や考え方の基礎を養うとともに，社会の諸問題に着目させ，自ら考えようとする態度を育てる。,7323232200000000
社会,371,(3) 国際的な相互依存関係の深まりの中で，世界平和の実現と人類の福祉の増大のために，各国が相互に主権を尊重し，各国民が協力し合うことが重要であることを認識させるとともに，自国を愛し，その平和と繁栄を図ることが大切であることを自覚させる。,7323232300000000
社会,372,(4) 現代の社会的事象に対する関心を高め，様々な資料を適切に収集，選択して多面的・多角的に考察し，事実を正確にとらえ，公正に判断するとともに適切に表現する能力と態度を育てる。,7323232400000000
社会,373,２　内容,7323233000000000
社会,374,(1) 私たちと現代社会,7323233100000000
社会,375,"ア　私たちが生きる現代社会と文化
現代日本の特色として少子高齢化，情報化，グローバル化などがみられることを理解させるとともに，それらが政治，経済，国際関係に影響を与えていることに気付かせる。また，現代社会における文化の意義や影響を理解させるとともに，我が国の伝統と文化に関心をもたせ，文化の継承と創造の意義に気付かせる。",7323233110000000
社会,376,"イ  現代社会をとらえる見方や考え方　
　人間は本来社会的存在であることに着目させ，社会生活における物事の決定の仕方，きまりの意義について考えさせ，現代社会をとらえる見方や考え方の基礎として，対立と合意，効率と公正などについて理解させる。その際，個人の尊厳と両性の本質的平等，契約の重要性やそれを守ることの意義及び個人の責任などに気付かせる。",7323233120000000
社会,377,(2) 私たちと経済,7323233200000000
社会,378,"ア  市場の働きと経済
　身近な消費生活を中心に経済活動の意義を理解させるとともに，価格の働きに着目させて市場経済の基本的な考え方について理解させる。また，現代の生産や金融などの仕組みや働きを理解させるとともに，社会における企業の役割と責任について考えさせる。その際，社会生活における職業の意義と役割及び雇用と労働条件の改善について，勤労の権利と義務，労働組合の意義及び労働基準法の精神と関連付けて考えさせる。",7323233210000000
社会,379,"イ　国民の生活と政府の役割
　国民の生活と福祉の向上を図るために，社会資本の整備，公害の防止など環境の保全，社会保障の充実，消費者の保護など，市場の働きにゆだねることが難しい諸問題に関して，国や地方公共団体が果たしている役割について考えさせる。また，財源の確保と配分という観点から財政の役割について考えさせる。その際，租税の意義と役割について考えさせるとともに，国民の納税の義務について理解させる。",7323233220000000
社会,380,(3) 私たちと政治,7323233300000000
社会,381,"ア  人間の尊重と日本国憲法の基本的原則
　人間の尊重についての考え方を，基本的人権を中心に深めさせ，法の意義を理解させるとともに，民主的な社会生活を営むためには，法に基づく政治が大切であることを理解させ，我が国の政治が日本国憲法に基づいて行われていることの意義について考えさせる。また，日本国憲法が基本的人権の尊重，国民主権及び平和主義を基本的原則としていることについての理解を深め，日本国及び日本国民統合の象徴としての天皇の地位と天皇の国事に関する行為について理解させる。",7323233310000000
社会,382,"イ  民主政治と政治参加
　地方自治の基本的な考え方について理解させる。その際，地方公共団体の政治の仕組みについて理解させるとともに，住民の権利や義務に関連させて，地方自治の発展に寄与しようとする住民としての自治意識の基礎を育てる。また，国会を中心とする我が国の民主政治の仕組みのあらましや政党の役割を理解させ，議会制民主主義の意義について考えさせるとともに，多数決の原理とその運用の在り方について理解を深めさせる。さらに，国民の権利を守り，社会の秩序を維持するために，法に基づく公正な裁判の保障があることについて理解させるとともに，民主政治の推進と，公正な世論の形成や国民の政治参加との関連について考えさせる。その際，選挙の意義について考えさせる。",7323233320000000
社会,383,(4）私たちと国際社会の諸課題,7323233400000000
社会,384,"ア　世界平和と人類の福祉の増大
　世界平和の実現と人類の福祉の増大のためには，国際協調の観点から，国家間の相互の主権の尊重と協力，各国民の相互理解と協力及び国際連合をはじめとする国際機構などの役割が大切であることを認識させ，国際社会における我が国の役割について考えさせる。その際，日本国憲法の平和主義について理解を深め，我が国の安全と防衛及び国際貢献について考えさせるとともに，核兵器などの脅威に着目させ，戦争を防止し，世界平和を確立するための熱意と協力の態度を育てる。また，地球環境，資源・エネルギー，貧困などの課題の解決のために経済的，技術的な協力などが大切であることを理解させる。",7323233410000000
社会,385,"イ  よりよい社会を目指して
　持続可能な社会を形成するという観点から，私たちがよりよい社会を築いていくために解決すべき課題を探究させ，自分の考えをまとめさせる。",7323233420000000
社会,386,３　内容の取扱い,7323235000000000
社会,387,(1) 内容の取扱いについては，次の事項に配慮するものとする。 ,7323235100000000
社会,388,ア  地理的分野及び歴史的分野の学習の成果を活用するとともに，これらの分野で育成された能力や態度が，更に高まり発展するようにすること。また，社会的事象は相互に関連し合っていることに留意し，特定の内容に偏ることなく，分野全体として見通しをもったまとまりのある学習が展開できるようにすること。,7323235110000000
社会,389,イ　生徒が内容の基本的な意味を理解できるように配慮し，日常の社会生活と関連付けながら具体的事例を通して政治や経済などについての見方や考え方の基礎が養えるようにすること。その際，制度や仕組みの意義や働きについて理解を深めさせるようにすること。,7323235120000000
社会,390,ウ　分野全体を通して，習得した知識を活用して，社会的事象について考えたことを説明させたり，自分の意見をまとめさせたりすることにより，思考力，判断力，表現力等を養うこと。また，考えさせる場合には，資料を読み取らせて解釈させたり，議論などを行って考えを深めさせたりするなどの工夫をすること。,7323235130000000
社会,391,(2) 内容の(1)については，次のとおり取り扱うものとする。,7323235200000000
社会,392,ア　アについては，次のとおり取り扱うものとすること。,7323235210000000
社会,393,(ｱ) 地理的分野，歴史的分野との関連を図り，現代社会の特色をとらえさせるようにすること。,7323235211000000
社会,394,(ｲ)「現代社会における文化の意義や影響」については，科学，芸術，宗教などを取り上げ，社会生活とのかかわりなどについて学習できるように工夫すること。「我が国の伝統と文化」については，歴史的分野における学習の成果を生かして特色あるものを扱うこと。,7323235212000000
社会,395,イ　(1)については公民的分野の導入部として位置付け，ア，イの順で行うものとし，適切かつ十分な授業時数を配当すること。,7323235220000000
社会,396,(3) 内容の(2)については，次のとおり取り扱うものとする。 ,7323235300000000
社会,397,ア  アについては，身近で具体的な事例を取り上げ，個人や企業の経済活動が様々な条件の中での選択を通じて行われるという点に着目させるとともに，市場における価格の決まり方や資源の配分について理解させること。その際，市場における取引が貨幣を通して行われていることに気付かせること。,7323235310000000
社会,398,イ　イの「消費者の保護」については，消費者の自立の支援なども含めた消費者行政を取り扱うこと。「財政」については，少子高齢社会など現代社会の特色を踏まえて考えさせること。,7323235320000000
社会,399,(4) 内容の(3)については，次のとおり取り扱うものとする。 ,7323235400000000
社会,400,ア　アについては，日常の具体的な事例を取り上げ，日本国憲法の基本的な考え方を理解させること。 ,7323235410000000
社会,401,イ　イについては，次のとおり取り扱うものとすること。 ,7323235420000000
社会,402,(ｱ) 調査や見学などを通して具体的に理解させること。 ,7323235421000000
社会,403,(ｲ) 「法に基づく公正な裁判の保障」に関連させて，裁判員制度についても触れること。,7323235422000000
社会,404,(5) 内容の(4)については，次のとおり取り扱うものとする。,7323235500000000
社会,405,ア　アについては，次のとおり取り扱うものとすること。,7323235510000000
社会,406,(ｱ) 地理的分野，歴史的分野との関連を図り，その学習の成果を生かす工夫を行うこと。 ,7323235511000000
社会,407,(ｲ) 「世界平和の実現」については，領土（領海，領空を含む），国家主権，主権の相互尊重，国際連合の働きなど基本的な事項を踏まえて理解させるように留意すること。,7323235512000000
社会,408,(ｳ)「国家間の相互の主権の尊重と協力」との関連で，国旗及び国歌の意義並びにそれらを相互に尊重することが国際的な儀礼であることを理解させ，それらを尊重する態度を育てるよう配慮すること。,7323235513000000
社会,409,(ｴ) 国際社会における文化や宗教の多様性についても触れること。,7323235514000000
社会,410,イ　イについては，次のとおり取り扱うものとすること。,7323235520000000
社会,411,(ｱ) 身近な地域の生活や我が国の取組との関連性に着目させ，世界的な視野と地域的な視点に立って探究させること。,7323235521000000
社会,412,(ｲ) イについては，社会科のまとめとして位置付け，適切かつ十分な授業時数を配当すること。,7323235522000000
社会,413,第３　指導計画の作成と内容の取扱い,7320300000000000
社会,414,１　指導計画の作成に当たっては，次の事項に配慮するものとする。,7320300100000000
社会,415,(1) 小学校社会科の内容との関連及び各分野相互の有機的な関連を図るとともに，地理的分野及び歴史的分野の基礎の上に公民的分野の学習を展開するこの教科の基本的な構造に留意して，全体として教科の目標が達成できるようにする必要があること。,7320300110000000
社会,416,(2) 各分野の履修については，第１，第２学年を通じて地理的分野と歴史的分野を並行して学習させることを原則とし，第３学年において歴史的分野及び公民的分野を学習させること。各分野に配当する授業時数は，地理的分野120単位時間，歴史的分野130単位時間，公民的分野100単位時間とすること。これらの点に留意し，各学校で創意工夫して適切な指導計画を作成すること。,7320300120000000
社会,417,(3) 知識に偏り過ぎた指導にならないようにするため，基本的な事項・事柄を厳選して指導内容を構成するものとし，基本的な内容が確実に身に付くよう指導すること。また，生徒の主体的な学習を促し，課題を解決する能力を一層培うため，各分野において，第２の内容の範囲や程度に十分配慮しつつ事項を再構成するなどの工夫をして，適切な課題を設けて行う学習の充実を図るようにすること。,7320300130000000
社会,418,(4) 第１章総則の第１の２に示す道徳教育の目標に基づき，道徳科などとの関連を考慮しながら，第３章特別の教科道徳の第２に示す内容について，社会科の特質に応じて適切な指導をすること。,7320300140000001
社会,419,２　指導の全般にわたって，資料を選択し活用する学習活動を重視するとともに作業的，体験的な学習の充実を図るようにする。その際，地図や年表を読みかつ作成すること，新聞，読み物，統計その他の資料に平素から親しみ適切に活用すること，観察や調査などの過程と結果を整理し報告書にまとめ，発表することなどの活動を取り入れるようにする。また，資料の収集，処理や発表などに当たっては，コンピュータや情報通信ネットワークなどを積極的に活用し，指導に生かすことで，生徒が興味・関心をもって学習に取り組めるようにするとともに，生徒が主体的に情報手段を活用できるよう配慮するものとする。その際，情報モラルの指導にも配慮するものとする。,7320300200000000
社会,420,３　内容の指導に当たっては，教育基本法第14条及び第15条の規定に基づき，適切に行うよう特に慎重に配慮して，政治及び宗教に関する教育を行うものとする。,7320300300000000
数学,421,第３節　数学,7350000000000000
数学,422,"第１　目標
　数学的活動を通して，数量や図形などに関する基礎的な概念や原理・法則についての理解を深め，数学的な表現や処理の仕方を習得し，事象を数理的に考察し表現する能力を高めるとともに，数学的活動の楽しさや数学のよさを実感し，それらを活用して考えたり判断したりしようとする態度を育てる。",7350100000000000
数学,423,第２　各学年の目標及び内容,7350200000000000
数学,424,〔第１学年〕,7350210000000000
数学,425,１　目標,7350212000000000
数学,426,(1) 数を正の数と負の数まで拡張し，数の概念についての理解を深める。また，文字を用いることや方程式の必要性と意味を理解するとともに，数量の関係や法則などを一般的にかつ簡潔に表現して処理したり，一元一次方程式を用いたりする能力を培う。,7350212100000000
数学,427,(2) 平面図形や空間図形についての観察，操作や実験などの活動を通して，図形に対する直観的な見方や考え方を深めるとともに，論理的に考察し表現する能力を培う。,7350212200000000
数学,428,(3) 具体的な事象を調べることを通して，比例，反比例についての理解を深めるとともに，関数関係を見いだし表現し考察する能力を培う。,7350212300000000
数学,429,(4) 目的に応じて資料を収集して整理し，その資料の傾向を読み取る能力を培う。,7350212400000000
数学,430,２　内容,7350213000000000
数学,431,Ａ　数と式,7350213100000000
数学,432,(1) 具体的な場面を通して正の数と負の数について理解し，その四則計算ができるようにするとともに，正の数と負の数を用いて表現し考察することができるようにする。,7350213110000000
数学,433,ア　正の数と負の数の必要性と意味を理解すること。,7350213111000000
数学,434,イ　小学校で学習した数の四則計算と関連付けて，正の数と負の数の四則計算の意味を理解すること。,7350213112000000
数学,435,ウ　正の数と負の数の四則計算をすること。,7350213113000000
数学,436,エ　具体的な場面で正の数と負の数を用いて表したり処理したりすること。,7350213114000000
数学,437,(2) 文字を用いて数量の関係や法則などを式に表現したり式の意味を読み取ったりする能力を培うとともに，文字を用いた式の計算ができるようにする。,7350213120000000
数学,438,ア　文字を用いることの必要性と意味を理解すること。,7350213121000000
数学,439,イ　文字を用いた式における乗法と除法の表し方を知ること。,7350213122000000
数学,440,ウ　簡単な一次式の加法と減法の計算をすること。,7350213123000000
数学,441,エ　数量の関係や法則などを文字を用いた式に表すことができることを理解し，式を用いて表したり読み取ったりすること。,7350213124000000
数学,442,(3) 方程式について理解し，一元一次方程式を用いて考察することができるようにする。,7350213130000000
数学,443,ア　方程式の必要性と意味及び方程式の中の文字や解の意味を理解すること。,7350213131000000
数学,444,イ　等式の性質を基にして，方程式が解けることを知ること。,7350213132000000
数学,445,ウ　簡単な一元一次方程式を解くこと及びそれを具体的な場面で活用すること。,7350213133000000
数学,446,〔用語・記号〕,7350213140000000
数学,447,自然数,7350213141000000
数学,448,符号　,7350213142000000
数学,449,絶対値,7350213143000000
数学,450,項,7350213144000000
数学,451,係数,7350213145000000
数学,452,移項,7350213146000000
数学,453,≦,7350213147000000
数学,454,≧,7350213148000000
数学,455,Ｂ　図形,7350213200000000
数学,456,(1) 観察，操作や実験などの活動を通して，見通しをもって作図したり図形の関係について調べたりして平面図形についての理解を深めるとともに，論理的に考察し表現する能力を培う。,7350213210000000
数学,457,ア　角の二等分線，線分の垂直二等分線，垂線などの基本的な作図の方法を理解し，それを具体的な場面で活用すること。,7350213211000000
数学,458,イ　平行移動，対称移動及び回転移動について理解し，二つの図形の関係について調べること。,7350213212000000
数学,459,(2) 観察，操作や実験などの活動を通して，空間図形についての理解を深めるとともに，図形の計量についての能力を伸ばす。,7350213220000000
数学,460,ア　空間における直線や平面の位置関係を知ること。,7350213221000000
数学,461,イ　空間図形を直線や平面図形の運動によって構成されるものととらえたり，空間図形を平面上に表現して平面上の表現から空間図形の性質を読み取ったりすること。,7350213222000000
数学,462,ウ　扇形の弧の長さと面積並びに基本的な柱体，錐《すい》体及び球の表面積と体積を求めること。,7350213223000000
数学,463,〔用語・記号〕,7350213230000000
数学,464,弧,7350213231000000
数学,465,弦　,7350213232000000
数学,466,回転体,7350213233000000
数学,467,ねじれの位置,7350213234000000
数学,468,π,7350213235000000
数学,469,//,7350213236000000
数学,470,⊥,7350213237000000
数学,471,∠,7350213238000000
数学,472,△　,7350213239000000
数学,473, Ｃ　関数,7350213300000000
数学,474,(1) 具体的な事象の中から二つの数量を取り出し，それらの変化や対応を調べることを通して，比例，反比例の関係についての理解を深めるとともに，関数関係を見いだし表現し考察する能力を培う。,7350213310000000
数学,475,ア　関数関係の意味を理解すること。,7350213311000000
数学,476,イ　比例，反比例の意味を理解すること。,7350213312000000
数学,477,ウ　座標の意味を理解すること。,7350213313000000
数学,478,エ　比例，反比例を表，式，グラフなどで表し，それらの特徴を理解すること。,7350213314000000
数学,479,オ　比例，反比例を用いて具体的な事象をとらえ説明すること。,7350213315000000
数学,480,〔用語・記号〕,7350213320000000
数学,481,関数　,7350213321000000
数学,482,変数,7350213322000000
数学,483,変域,7350213323000000
数学,484,Ｄ　資料の活用,7350213400000000
数学,485,(1) 目的に応じて資料を収集し，コンピュータを用いたりするなどして表やグラフに整理し，代表値や資料の散らばりに着目してその資料の傾向を読み取ることができるようにする。,7350213410000000
数学,486,ア　ヒストグラムや代表値の必要性と意味を理解すること。,7350213411000000
数学,487,イ　ヒストグラムや代表値を用いて資料の傾向をとらえ説明すること。,7350213412000000
数学,488,〔用語・記号〕,7350213420000000
数学,489,平均値,7350213421000000
数学,490,中央値　,7350213422000000
数学,491,最頻値　,7350213423000000
数学,492,相対度数　,7350213424000000
数学,493,範囲　,7350213425000000
数学,494,階級,7350213426000000
数学,495,〔数学的活動〕,7350213500000000
数学,496,(1) 「Ａ数と式」，「Ｂ図形」，「Ｃ関数」及び「Ｄ資料の活用」の学習やそれらを相互に関連付けた学習において，次のような数学的活動に取り組む機会を設けるものとする。,7350213510000000
数学,497,ア　既習の数学を基にして，数や図形の性質などを見いだす活動,7350213511000000
数学,498,イ　日常生活で数学を利用する活動,7350213512000000
数学,499,ウ　数学的な表現を用いて，自分なりに説明し伝え合う活動,7350213533000000
数学,500,３　内容の取扱い,7350215000000000
数学,501,(1) 内容の「Ａ数と式」の(1)に関連して，数の集合と四則計算の可能性を取り扱うものとする。,7350215100000000
数学,502,(2) 内容の「Ａ数と式」の(2)のエに関連して，大小関係を不等式を用いて表すことを取り扱うものとする。,7350215200000000
数学,503,(3) 内容の「Ａ数と式」の(3)のウに関連して，簡単な比例式を解くことを取り扱うものとする。,7350215300000000
数学,504,(4) 内容の「Ｂ図形」の(1)のアに関連して，円の接線はその接点を通る半径に垂直であることを取り扱うものとする。,7350215400000000
数学,505,(5) 内容の「Ｂ図形」の(2)のイについては，見取図，展開図や投影図を取り扱うものとする。,7350215500000000
数学,506,(6) 内容の「Ｄ資料の活用」の(1)に関連して，誤差や近似値，a×10ｎの形の表現を取り扱うものとする。,7350215600000000
数学,507,〔第２学年〕,7350220000000000
数学,508,１　目標,7350222000000000
数学,509,(1) 文字を用いた式について，目的に応じて計算したり変形したりする能力を養うとともに，連立二元一次方程式について理解し用いる能力を培う。,7350222100000000
数学,510,(2) 基本的な平面図形の性質について，観察，操作や実験などの活動を通して理解を深めるとともに，図形の性質の考察における数学的な推論の必要性と意味及びその方法を理解し，論理的に考察し表現する能力を養う。,7350222200000000
数学,511,(3) 具体的な事象を調べることを通して，一次関数について理解するとともに，関数関係を見いだし表現し考察する能力を養う。,7350222300000000
数学,512,(4) 不確定な事象を調べることを通して，確率について理解し用いる能力を培う。,7350222400000000
数学,513,２　内容,7350223000000000
数学,514,Ａ　数と式,7350223100000000
数学,515,(1) 具体的な事象の中に数量の関係を見いだし，それを文字を用いて式に表現したり式の意味を読み取ったりする能力を養うとともに，文字を用いた式の四則計算ができるようにする。,7350223110000000
数学,516,ア　簡単な整式の加法，減法及び単項式の乗法，除法の計算をすること。,7350223111000000
数学,517,イ　文字を用いた式で数量及び数量の関係をとらえ説明できることを理解すること。,7350223112000000
数学,518,ウ　目的に応じて，簡単な式を変形すること。,7350223113000000
数学,519,(2) 連立二元一次方程式について理解し，それを用いて考察することができるようにする。,7350223120000000
数学,520,ア　二元一次方程式とその解の意味を理解すること。,7350223121000000
数学,521,イ　連立二元一次方程式の必要性と意味及びその解の意味を理解すること。,7350223122000000
数学,522,ウ　簡単な連立二元一次方程式を解くこと及びそれを具体的な場面で活用すること。,7350223123000000
数学,523,〔用語・記号〕,7350223130000000
数学,524,同類項,7350223131000000
数学,525,Ｂ　図形,7350223200000000
数学,526,(1) 観察，操作や実験などの活動を通して，基本的な平面図形の性質を見いだし，平行線の性質を基にしてそれらを確かめることができるようにする。,7350223210000000
数学,527,ア　平行線や角の性質を理解し，それに基づいて図形の性質を確かめ説明すること。,7350223211000000
数学,528,イ　平行線の性質や三角形の角についての性質を基にして，多角形の角についての性質が見いだせることを知ること。,7350223212000000
数学,529,(2) 図形の合同について理解し図形についての見方を深めるとともに，図形の性質を三角形の合同条件などを基にして確かめ，論理的に考察し表現する能力を養う。,7350223220000000
数学,530,ア　平面図形の合同の意味及び三角形の合同条件について理解すること。,7350223221000000
数学,531,イ　証明の必要性と意味及びその方法について理解すること。,7350223222000000
数学,532,ウ　三角形の合同条件などを基にして三角形や平行四辺形の基本的な性質を論理的に確かめたり，図形の性質の証明を読んで新たな性質を見いだしたりすること。,7350223223000000
数学,533,〔用語・記号〕,7350223230000000
数学,534,対頂角　,7350223231000000
数学,535,内角　,7350223232000000
数学,536,外角　,7350223233000000
数学,537,定義　,7350223234000000
数学,538,証明　,7350223235000000
数学,539,逆　,7350223236000000
数学,540,≡,7350223237000000
数学,541,Ｃ　関数,7350223300000000
数学,542,(1) 具体的な事象の中から二つの数量を取り出し，それらの変化や対応を調べることを通して，一次関数について理解するとともに，関数関係を見いだし表現し考察する能力を養う。,7350223310000000
数学,543,ア　事象の中には一次関数としてとらえられるものがあることを知ること。,7350223311000000
数学,544,イ　一次関数について，表，式，グラフを相互に関連付けて理解すること。,7350223312000000
数学,545,ウ　二元一次方程式を関数を表す式とみること。,7350223313000000
数学,546,エ　一次関数を用いて具体的な事象をとらえ説明すること。,7350223314000000
数学,547,〔用語・記号〕,7350223320000000
数学,548,変化の割合,7350223321000000
数学,549,傾き,7350223322000000
数学,550,Ｄ　資料の活用,7350223400000000
数学,551,(1) 不確定な事象についての観察や実験などの活動を通して，確率について理解し，それを用いて考察し表現することができるようにする。,7350223410000000
数学,552,ア　確率の必要性と意味を理解し，簡単な場合について確率を求めること。,7350223411000000
数学,553,イ　確率を用いて不確定な事象をとらえ説明すること。,7350223412000000
数学,554,〔数学的活動〕,7350223500000000
数学,555,(1)「Ａ数と式」，「Ｂ図形」，「Ｃ関数」及び「Ｄ資料の活用」の学習やそれらを相互に関連付けた学習において，次のような数学的活動に取り組む機会を設けるものとする。,7350223510000000
数学,556,ア　既習の数学を基にして，数や図形の性質などを見いだし，発展させる活動,7350223511000000
数学,557,イ　日常生活や社会で数学を利用する活動,7350223512000000
数学,558,ウ　数学的な表現を用いて，根拠を明らかにし筋道立てて説明し伝え合う活動,7350223513000000
数学,559,３　内容の取扱い,7350225000000000
数学,560,(1) 内容の「Ｂ図形」の(2)のウに関連して，正方形，ひし形，長方形が平行四辺形の特別な形であることを取り扱うものとする。,7350225100000000
数学,561,〔第３学年〕,7350230000000000
数学,562,１　目標,7350232000000000
数学,563,(1) 数の平方根について理解し，数の概念についての理解を深める。また，目的に応じて計算したり式を変形したりする能力を伸ばすとともに，二次方程式について理解し用いる能力を培う。,7350232100000000
数学,564,(2) 図形の相似，円周角と中心角の関係や三平方の定理について，観察，操作や実験などの活動を通して理解し，それらを図形の性質の考察や計量に用いる能力を伸ばすとともに，図形について見通しをもって論理的に考察し表現する能力を伸ばす。,7350232200000000
数学,565,(3) 具体的な事象を調べることを通して，関数y＝ax２について理解するとともに，関数関係を見いだし表現し考察する能力を伸ばす。,7350232300000000
数学,566,(4) 母集団から標本を取り出し，その傾向を調べることで，母集団の傾向を読み取る能力を培う。,7350232400000000
数学,567,２　内容,7350233000000000
数学,568,Ａ　数と式,7350233100000000
数学,569,(1) 正の数の平方根について理解し，それを用いて表現し考察することができるようにする。,7350233110000000
数学,570,ア　数の平方根の必要性と意味を理解すること。,7350233111000000
数学,571,イ　数の平方根を含む簡単な式の計算をすること。,7350233112000000
数学,572,ウ　具体的な場面で数の平方根を用いて表したり処理したりすること。,7350233113000000
数学,573,(2) 文字を用いた簡単な多項式について，式の展開や因数分解ができるようにするとともに，目的に応じて式を変形したりその意味を読み取ったりする能力を伸ばす。,7350233120000000
数学,574,ア　単項式と多項式の乗法及び多項式を単項式で割る除法の計算をすること。,7350233121000000
数学,575,イ　簡単な一次式の乗法の計算及び次の公式を用いる簡単な式の展開や因数分解をすること。,7350233122000000
数学,576,(a＋b)２＝a２＋2ab＋b２,7350233122100000
数学,577,(a－b)２＝a２－2ab＋b２,7350233122200000
数学,578,(a＋b)(a－b)＝a２－b２,7350233122300000
数学,579,(x＋a)(x＋b)＝x２＋(a＋b)x＋ab,7350233122400000
数学,580,ウ　文字を用いた式で数量及び数量の関係をとらえ説明すること。,7350233123000000
数学,581,(3) 二次方程式について理解し，それを用いて考察することができるようにする。,7350233130000000
数学,582,ア　二次方程式の必要性と意味及びその解の意味を理解すること。,7350233131000000
数学,583,イ　因数分解したり平方の形に変形したりして二次方程式を解くこと。,7350233132000000
数学,584,ウ　解の公式を知り，それを用いて二次方程式を解くこと。,7350233133000000
数学,585,エ　二次方程式を具体的な場面で活用すること。,7350233134000000
数学,586,〔用語・記号〕,7350233140000000
数学,587,根号　,7350233141000000
数学,588,有理数　,7350233142000000
数学,589,無理数　,7350233143000000
数学,590,因数　,7350233144000000
数学,591,√,7350233145000000
数学,592,Ｂ　図形,7350233200000000
数学,593,(1) 図形の性質を三角形の相似条件などを基にして確かめ，論理的に考察し表現する能力を伸ばし，相似な図形の性質を用いて考察することができるようにする。,7350233210000000
数学,594,ア　平面図形の相似の意味及び三角形の相似条件について理解すること。,7350233211000000
数学,595,イ　三角形の相似条件などを基にして図形の基本的な性質を論理的に確かめること。,7350233212000000
数学,596,ウ　平行線と線分の比についての性質を見いだし，それらを確かめること。,7350233213000000
数学,597,エ　基本的な立体の相似の意味と，相似な図形の相似比と面積比及び体積比の関係について理解すること。,7350233214000000
数学,598,オ　相似な図形の性質を具体的な場面で活用すること。,7350233215000000
数学,599,(2) 観察，操作や実験などの活動を通して，円周角と中心角の関係を見いだして理解し，それを用いて考察することができるようにする。,7350233220000000
数学,600,ア　円周角と中心角の関係の意味を理解し，それが証明できることを知ること。,7350233221000000
数学,601,イ　円周角と中心角の関係を具体的な場面で活用すること。,7350233222000000
数学,602,(3) 観察，操作や実験などの活動を通して，三平方の定理を見いだして理解し，それを用いて考察することができるようにする。,7350233230000000
数学,603,ア　三平方の定理の意味を理解し，それが証明できることを知ること。,7350233231000000
数学,604,イ　三平方の定理を具体的な場面で活用すること。,7350233232000000
数学,605,〔用語・記号〕,7350233240000000
数学,606,∽,7350233241000000
数学,607,Ｃ　関数,7350233300000000
数学,608,(1) 具体的な事象の中から二つの数量を取り出し，それらの変化や対応を調べることを通して，関数y＝ax２について理解するとともに，関数関係を見いだし表現し考察する能力を伸ばす。,7350233310000000
数学,609,ア　事象の中には関数y＝ax２としてとらえられるものがあることを知ること。,7350233311000000
数学,610,イ　関数y＝ax２について，表，式，グラフを相互に関連付けて理解すること。,7350233312000000
数学,611,ウ　関数 y＝ax２を用いて具体的な事象をとらえ説明すること。,7350233313000000
数学,612,エ　いろいろな事象の中に，関数関係があることを理解すること。,7350233314000000
数学,613,Ｄ　資料の活用,7350233400000000
数学,614,(1) コンピュータを用いたりするなどして，母集団から標本を取り出し，標本の傾向を調べることで，母集団の傾向が読み取れることを理解できるようにする。,7350233410000000
数学,615,ア　標本調査の必要性と意味を理解すること。,7350233411000000
数学,616,イ　簡単な場合について標本調査を行い，母集団の傾向をとらえ説明すること。,7350233412000000
数学,617,〔用語・記号〕,7350233420000000
数学,618,全数調査,7350233421000000
数学,619,〔数学的活動〕,7350233500000000
数学,620,(1)「Ａ数と式」，「Ｂ図形」，「Ｃ関数」及び「Ｄ資料の活用」の学習やそれらを相互に関連付けた学習において，次のような数学的活動に取り組む機会を設けるものとする。,7350233510000000
数学,621,ア　既習の数学を基にして，数や図形の性質などを見いだし，発展させる活動,7350233511000000
数学,622,イ　日常生活や社会で数学を利用する活動,7350233512000000
数学,623,ウ　数学的な表現を用いて，根拠を明らかにし筋道立てて説明し伝え合う活動,7350233513000000
数学,624,３　内容の取扱い,7350235000000000
数学,625,(1) 内容の「Ａ数と式」の(2)などに関連して，自然数を素因数に分解することを取り扱うものとする。,7350235100000000
数学,626,(2) 内容の「Ａ数と式」の(3)については，実数の解をもつ二次方程式を取り扱うものとする。,7350235200000000
数学,627,(3) 内容の「Ａ数と式」の(3)のイについては，ax２＝b（a，bは有理数）の二次方程式及びx２＋px＋q＝0 (p，qは整数）の二次方程式を取り扱うものとする。因数分解して解くことの指導においては，内容の「Ａ数と式」の(2)のイに示した公式を用いることができるものを中心に取り扱うものとする。また，平方の形に変形して解くことの指導においては，xの係数が偶数であるものを中心に取り扱うものとする。,7350235300000000
数学,628,(4) 内容の「Ｂ図形」の(2)に関連して，円周角の定理の逆を取り扱うものとする。,7350235400000000
数学,629,第３　指導計画の作成と内容の取扱い,7350300000000000
数学,630,１　指導計画の作成に当たっては，次の事項に配慮するものとする。,7350300100000000
数学,631,(1) 第２の各学年の目標の達成に支障のない範囲内で，当該学年の内容の一部を軽く取り扱い，それを後の学年で指導することができる。また，学年の目標を逸脱しない範囲内で，後の学年の内容の一部を加えて指導することもできる。,7350300110000000
数学,632,(2) 生徒の学習を確実なものにするために，新たな内容を指導する際には，既に指導した関連する内容を意図的に再度取り上げ，学び直しの機会を設定することに配慮するものとする。,7350300120000000
数学,633,(3) 第１章総則の第１の２に示す道徳教育の目標に基づき，道徳科などとの関連を考慮しながら，第３章特別の教科道徳の第２に示す内容について，数学科の特質に応じて適切な指導をすること。,7350300130000001
数学,634,２　第２の内容の取扱いについては，次の事項に配慮するものとする。,7350300200000000
数学,635,(1) 第２の各学年の内容に示す〔用語・記号〕は，当該学年で取り扱う内容の程度や範囲を明確にするために示したものであり，その指導に当たっては，各学年の内容と密接に関連させて取り上げるよう配慮するものとする。,7350300210000000
数学,636,(2) 各領域の指導に当たっては，必要に応じ，そろばん，電卓，コンピュータや情報通信ネットワークなどを適切に活用し，学習の効果を高めるよう配慮するものとする。特に，数値計算にかかわる内容の指導や，観察，操作や実験などの活動を通した指導を行う際にはこのことに配慮するものとする。,7350300220000000
数学,637,３　数学的活動の指導に当たっては，次の事項に配慮するものとする。,7350300300000000
数学,638,(1) 数学的活動を楽しめるようにするとともに，数学を学習することの意義や数学の必要性などを実感する機会を設けること。,7350300310000000
数学,639,(2) 自ら課題を見いだし，解決するための構想を立て，実践し，その結果を評価・改善する機会を設けること。,7350300320000000
数学,640,(3) 数学的活動の過程を振り返り，レポートにまとめ発表することなどを通して，その成果を共有する機会を設けること。,7350300330000000
数学,641,４　課題学習とは，生徒の数学的活動への取組を促し思考力，判断力，表現力等の育成を図るため，各領域の内容を総合したり日常の事象や他教科等での学習に関連付けたりするなどして見いだした課題を解決する学習であり，この実施に当たっては各学年で指導計画に適切に位置付けるものとする。,7350300400000000
理科,642,第４節　理科,7360000000000000
理科,643,"第１　目標
　自然の事物・現象に進んでかかわり，目的意識をもって観察，実験などを行い，科学的に探究する能力の基礎と態度を育てるとともに自然の事物・現象についての理解を深め，科学的な見方や考え方を養う。",7360100000000000
理科,644,第２　各分野の目標及び内容,7360200000000000
理科,645,〔第１分野〕,7361200000000000
理科,646,１　目標,7361202000000000
理科,647,(1) 物質やエネルギーに関する事物・現象に進んでかかわり，その中に問題を見いだし意欲的に探究する活動を通して，規則性を発見したり課題を解決したりする方法を習得させる。,7361202100000000
理科,648,(2) 物理的な事物・現象についての観察，実験を行い，観察・実験技能を習得させ，観察，実験の結果を分析して解釈し表現する能力を育てるとともに，身近な物理現象，電流とその利用，運動とエネルギーなどについて理解させ，これらの事物・現象に対する科学的な見方や考え方を養う。,7361202200000000
理科,649,(3) 化学的な事物・現象についての観察，実験を行い，観察・実験技能を習得させ，観察，実験の結果を分析して解釈し表現する能力を育てるとともに，身の回りの物質，化学変化と原子・分子，化学変化とイオンなどについて理解させ，これらの事物・現象に対する科学的な見方や考え方を養う。,7361202300000000
理科,650,(4) 物質やエネルギーに関する事物・現象を調べる活動を行い，これらの活動を通して科学技術の発展と人間生活とのかかわりについて認識を深め，科学的に考える態度を養うとともに，自然を総合的に見ることができるようにする。,7361202400000000
理科,651,２　内容,7361203000000000
理科,652,"(1) 身近な物理現象
身近な事物・現象についての観察，実験を通して，光や音の規則性，力の性質について理解させるとともに，これらの事物・現象を日常生活や社会と関連付けて科学的にみる見方や考え方を養う。",7361213100000000
理科,653,ア  光と音,7361213110000000
理科,654,"(ｱ) 光の反射・屈折
光の反射や屈折の実験を行い，光が水やガラスなどの物質の境界面で反射，屈折するときの規則性を見いだすこと。",7361213111000000
理科,655,"(ｲ) 凸レンズの働き   
凸レンズの働きについての実験を行い，物体の位置と像の位置及び像の大きさの関係を見いだすこと。",7361213112000000
理科,656,"(ｳ) 音の性質
音についての実験を行い，音はものが振動することによって生じ空気中などを伝わること及び音の高さや大きさは発音体の振動の仕方に関係することを見いだすこと。",7361213113000000
理科,657,イ  力と圧力,7361213120000000
理科,658,"(ｱ) 力の働き
物体に力を働かせる実験を行い，物体に力が働くとその物体が変形したり動き始めたり，運動の様子が変わったりすることを見いだすとともに，力は大きさと向きによって表されることを知ること。",7361213121000000
理科,659,"(ｲ) 圧力
圧力についての実験を行い，圧力は力の大きさと面積に関係があることを見いだすこと。また，水圧や大気圧の実験を行い，その結果を水や空気の重さと関連付けてとらえること。",7361213122000000
理科,660,"(2) 身の回りの物質
身の回りの物質についての観察，実験を通して，固体や液体，気体の性質，物質の状態変化について理解させるとともに，物質の性質や変化の調べ方の基礎を身に付けさせる。",7361213200000000
理科,661,ア  物質のすがた,7361213210000000
理科,662,"(ｱ) 身の回りの物質とその性質
身の回りの物質の性質を様々な方法で調べ，物質には密度や加熱したときの変化など固有の性質と共通の性質があることを見いだすとともに，実験器具の操作，記録の仕方などの技能を身に付けること。",7361213211000000
理科,663,"(ｲ) 気体の発生と性質
気体を発生させてその性質を調べる実験を行い，気体の種類による特性を見いだすとともに，気体を発生させる方法や捕集法などの技能を身に付けること。",7361213212000000
理科,664,イ  水溶液,7361213220000000
理科,665,"(ｱ) 物質の溶解
物質が水に溶ける様子の観察を行い，水溶液の中では溶質が均一に分散していることを見いだすこと。",7361213221000000
理科,666,"(ｲ) 溶解度と再結晶
水溶液から溶質を取り出す実験を行い，その結果を溶解度と関連付けてとらえること。",7361213222000000
理科,667,ウ　状態変化,7361213230000000
理科,668,"(ｱ) 状態変化と熱
物質の状態変化についての観察，実験を行い，状態変化によって物質の体積は変化するが質量は変化しないことを見いだすこと。",7361213231000000
理科,669,"(ｲ) 物質の融点と沸点
物質の状態が変化するときの温度の測定を行い，物質は融点や沸点を境に状態が変化することや沸点の違いによって物質の分離ができることを見いだすこと。",7361213232000000
理科,670,"(3) 電流とその利用
電流回路についての観察，実験を通して，電流と電圧との関係及び電流の働きについて理解させるとともに，日常生活や社会と関連付けて電流と磁界についての初歩的な見方や考え方を養う。",7361223300000000
理科,671,ア　電流,7361223310000000
理科,672,"(ｱ) 回路と電流・電圧
回路をつくり，回路の電流や電圧を測定する実験を行い，回路の各点を流れる電流や各部に加わる電圧についての規則性を見いだすこと。",7361223311000000
理科,673,"(ｲ) 電流・電圧と抵抗
金属線に加わる電圧と電流を測定する実験を行い，電圧と電流の関係を見いだすとともに金属線には電気抵抗があることを見いだすこと。",7361223312000000
理科,674,"(ｳ) 電気とそのエネルギー
電流によって熱や光などを発生させる実験を行い，電流から熱や光などが取り出せること及び電力の違いによって発生する熱や光などの量に違いがあることを見いだすこと。",7361223313000000
理科,675,"(ｴ) 静電気と電流
異なる物質同士をこすり合わせると静電気が起こり，帯電した物体間では空間を隔てて力が働くこと及び静電気と電流は関係があることを見いだすこと。",7361223314000000
理科,676,イ　電流と磁界,7361223320000000
理科,677,"(ｱ) 電流がつくる磁界
磁石や電流による磁界の観察を行い，磁界を磁力線で表すことを理解するとともに，コイルの回りに磁界ができることを知ること。",7361223321000000
理科,678,"(ｲ) 磁界中の電流が受ける力
磁石とコイルを用いた実験を行い，磁界中のコイルに電流を流すと力が働くことを見いだすこと。",7361223322000000
理科,679,"(ｳ) 電磁誘導と発電
磁石とコイルを用いた実験を行い，コイルや磁石を動かすことにより電流が得られることを見いだすとともに，直流と交流の違いを理解すること。",7361223323000000
理科,680,"(4) 化学変化と原子・分子
化学変化についての観察，実験を通して，化合，分解などにおける物質の変化やその量的な関係について理解させるとともに，これらの事物・現象を原子や分子のモデルと関連付けてみる見方や考え方を養う。",7361223400000000
理科,681,ア  物質の成り立ち,7361223410000000
理科,682,"(ｱ) 物質の分解
物質を分解する実験を行い，分解して生成した物質から元の物質の成分が推定できることを見いだすこと。",7361223411000000
理科,683,"(ｲ) 原子・分子
物質は原子や分子からできていることを理解し，原子は記号で表されることを知ること。",7361223412000000
理科,684,イ　化学変化,7361223420000000
理科,685,"(ｱ) 化合
２種類の物質を化合させる実験を行い，反応前とは異なる物質が生成することを見いだすとともに，化学変化は原子や分子のモデルで説明できること，化合物の組成は化学式で表されること及び化学変化は化学反応式で表されることを理解すること。",7361223421000000
理科,686,"(ｲ) 酸化と還元
酸化や還元の実験を行い，酸化や還元が酸素の関係する反応であることを見いだすこと。",7361223422000000
理科,687,"(ｳ) 化学変化と熱
化学変化によって熱を取り出す実験を行い，化学変化には熱の出入りが伴うことを見いだすこと。",7361223423000000
理科,688,ウ　化学変化と物質の質量,7361223430000000
理科,689,"(ｱ) 化学変化と質量の保存
化学変化の前後における物質の質量を測定する実験を行い，反応物の質量の総和と生成物の質量の総和が等しいことを見いだすこと。",7361223431000000
理科,690,"(ｲ) 質量変化の規則性
化学変化に関係する物質の質量を測定する実験を行い，反応する物質の質量の間には一定の関係があることを見いだすこと。",7361223432000000
理科,691,"(5) 運動とエネルギー
物体の運動やエネルギーに関する観察，実験を通して，物体の運動の規則性やエネルギーの基礎について理解させるとともに，日常生活や社会と関連付けて運動とエネルギーの初歩的な見方や考え方を養う。",7361233500000000
理科,692,ア  運動の規則性,7361233510000000
理科,693,"(ｱ) 力のつり合い
物体に働く２力についての実験を行い，力がつり合うときの条件を見いだすこと。また，力の合成と分解についての実験を行い，合力や分力の規則性を理解すること。",7361233511000000
理科,694,"(ｲ) 運動の速さと向き
物体の運動についての観察，実験を行い，運動には速さと向きがあることを知ること。",7361233512000000
理科,695,"(ｳ) 力と運動
物体に力が働く運動及び力が働かない運動についての観察，実験を行い，力が働く運動では運動の向きや時間の経過に伴って物体の速さが変わること及び力が働かない運動では物体は等速直線運動することを見いだすこと。",7361233513000000
理科,696,イ　力学的エネルギー,7361233520000000
理科,697,"(ｱ) 仕事とエネルギー
仕事に関する実験を行い，仕事と仕事率について理解すること。また，衝突の実験を行い，物体のもつエネルギーの量は物体が他の物体になしうる仕事で測れることを理解すること。",7361233521000000
理科,698,"(ｲ) 力学的エネルギーの保存
力学的エネルギーに関する実験を行い，運動エネルギーと位置エネルギーが相互に移り変わることを見いだし，力学的エネルギーの総量が保存されることを理解すること。",7361233522000000
理科,699,"(6) 化学変化とイオン
化学変化についての観察，実験を通して，水溶液の電気伝導性や中和反応について理解させるとともに，これらの事物・現象をイオンのモデルと関連付けてみる見方や考え方を養う。",7361233600000000
理科,700,ア　水溶液とイオン,7361233610000000
理科,701,"(ｱ) 水溶液の電気伝導性
水溶液に電流を流す実験を行い，水溶液には電流が流れるものと流れないものとがあることを見いだすこと。",7361233611000000
理科,702,"(ｲ) 原子の成り立ちとイオン
電気分解の実験を行い，電極に物質が生成することからイオンの存在を知ること。また，イオンの生成が原子の成り立ちに関係することを知ること。",7361233612000000
理科,703,"(ｳ) 化学変化と電池
電解質水溶液と２種類の金属などを用いた実験を行い，電流が取り出せることを見いだすとともに，化学エネルギーが電気エネルギーに変換されていることを知ること。",7361233613000000
理科,704,イ　酸・アルカリとイオン,7361233620000000
理科,705,"(ｱ) 酸・アルカリ
酸とアルカリの性質を調べる実験を行い，酸とアルカリのそれぞれの特性が水素イオンと水酸化物イオンによることを知ること。",7361233621000000
理科,706,"(ｲ) 中和と塩
中和反応の実験を行い，酸とアルカリを混ぜると水と塩が生成することを理解すること。",7361233622000000
理科,707,"(7) 科学技術と人間
エネルギー資源の利用や科学技術の発展と人間生活とのかかわりについて認識を深め，自然環境の保全と科学技術の利用の在り方について科学的に考察し判断する態度を養う。",7361233700000000
理科,708,ア　エネルギー,7361233710000000
理科,709,"(ｱ) 様々なエネルギーとその変換
エネルギーに関する観察，実験を通して，日常生活や社会では様々なエネルギーの変換を利用していることを理解すること。",7361233711000000
理科,710,"(ｲ) エネルギー資源
人間は，水力，火力，原子力などからエネルギーを得ていることを知るとともに，エネルギーの有効な利用が大切であることを認識すること。",7361233712000000
理科,711,イ  科学技術の発展,7361233720000000
理科,712,"(ｱ) 科学技術の発展
科学技術の発展の過程を知るとともに，科学技術が人間の生活を豊かで便利にしてきたことを認識すること。",7361233721000000
理科,713,ウ  自然環境の保全と科学技術の利用,7361233730000000
理科,714,"(ｱ) 自然環境の保全と科学技術の利用
自然環境の保全と科学技術の利用の在り方について科学的に考察し，持続可能な社会をつくることが重要であることを認識すること。",7361233731000000
理科,715,３　内容の取扱い,7361205000000000
理科,716,(1) 内容の(1)から(7)までのうち，内容の(1)及び(2)は第１学年，内容の(3)及び(4)は第２学年，内容の(5)から(7)までは第３学年で取り扱うものとする。,7361205100000000
理科,717,(2) 内容の(1)については，次のとおり取り扱うものとする。,7361215200000000
理科,718,ア　アの(ｱ)については，全反射も扱うこと。また，光の屈折で入射角と屈折角の定性的な関係にも触れること。,7361215210000000
理科,719,イ　アの(ｲ)については，光源の位置と像の位置，像の大きさの定性的な関係を調べること。その際，実像と虚像を扱うこと。,7361215220000000
理科,720,ウ　アの(ｳ)については，音の伝わる速さについて，空気中を伝わるおよその速さを扱うこと。,7361215230000000
理科,721,エ　イの(ｱ)については，ばねに加える力の大きさとばねの伸びの関係も扱うこと。また，重さと質量の違いにも触れること。力の単位としては「ニュートン」を用いること。,7361215240000000
理科,722,オ　イの(ｲ)については，水中にある物体にはあらゆる向きから圧力が働くことにも触れること。また，水中では物体に浮力が働くことにも触れること。,7361215250000000
理科,723,(3) 内容の(2)については，次のとおり取り扱うものとする。,7361215300000000
理科,724,ア　アの(ｱ)については，有機物と無機物との違いや金属と非金属との違いを扱うこと。また，代表的なプラスチックの性質にも触れること。,7361215310000000
理科,725,イ　アの(ｲ)については，異なる方法を用いても同一の気体が得られることも扱うこと。,7361215320000000
理科,726,ウ　イの(ｱ)については，粒子のモデルと関連付けて扱うこと。また，質量パーセント濃度にも触れること。,7361215330000000
理科,727,エ　イの(ｲ)については，溶解度曲線にも触れること。,7361215340000000
理科,728,オ　ウの(ｱ)については，粒子のモデルと関連付けて扱うこと。その際，粒子の運動にも触れること。,7361215350000000
理科,729,カ　ウの(ｲ)については，純粋な物質の状態変化を中心に扱うこと。,7361215360000000
理科,730,(4) 内容の(3)については，次のとおり取り扱うものとする。,7361225400000000
理科,731,ア　アの(ｱ)の「回路」については，直列及び並列の回路を取り上げ，それぞれについて二つの抵抗のつなぎ方を中心に扱うこと。,7361225410000000
理科,732,イ　アの(ｲ)の「電気抵抗」については，物質の種類によって抵抗の値が異なることを扱うこと。また，二つの抵抗をつなぐ場合の合成抵抗にも触れること。,7361225420000000
理科,733,ウ　アの(ｳ)については，電力量も扱うこと。その際，熱量にも触れること。,7361225430000000
理科,734,エ　アの(ｴ)については，電流が電子の流れであることを扱うこと。,7361225440000000
理科,735,オ　イの(ｲ)については，電流の向きや磁界の向きを変えたときに力の向きが変わることを扱うこと。,7361225450000000
理科,736,カ　イの(ｳ)については，コイルや磁石を動かす向きを変えたときに電流の向きが変わることを扱うこと。,7361225460000000
理科,737,(5) 内容の(4)については，次のとおり取り扱うものとする。,7361225500000000
理科,738,ア　アの(ｲ)の「原子」については，周期表を用いて多くの種類が存在することにも触れること。また，「記号」については，基礎的なものを扱うこと。,7361225510000000
理科,739,イ　イの(ｱ)の「化学式」及び「化学反応式」については，簡単なものを扱うこと。,7361225520000000
理科,740,ウ　イの(ｲ)の「酸化や還元」については，簡単なものを扱うこと。,7361225530000000
理科,741,(6) 内容の(5)については，次のとおり取り扱うものとする。,7361235600000000
理科,742,ア　アの(ｲ)については，物体に力が働くとき反対向きにも力が働くことにも触れること。,7361235610000000
理科,743,イ　アの(ｳ)の「力が働く運動」のうち，落下運動については斜面に沿った運動を中心に扱うこと。その際，斜面の角度が90度になったときに自由落下になることにも触れること。「物体の速さが変わること」については，定性的に扱うこと。,7361235620000000
理科,744,ウ　イの(ｱ)については，仕事の原理にも触れること。,7361235630000000
理科,745,エ　イの(ｲ)については，摩擦にも触れること。,7361235640000000
理科,746,(7) 内容の(6)については，次のとおり取り扱うものとする。,7361235700000000
理科,747,ア　アの(ｲ)の「原子の成り立ち」については，原子が電子と原子核からできていることを扱うこと。その際，原子核が陽子と中性子でできていることにも触れること。また，「イオン」については，イオン式で表されることにも触れること。,7361235710000000
理科,748,イ　アの(ｳ)の「電池」については，電極で起こる反応を中心に扱うこと。また，日常生活や社会で利用されている代表的な電池にも触れること。,7361235720000000
理科,749,ウ　イの(ｱ)については，ｐＨにも触れること。,7361235730000000
理科,750,エ　イの(ｲ)については，水に溶ける塩と水に溶けない塩があることにも触れること。,7361235740000000
理科,751,(8) 内容の(7)については，次のとおり取り扱うものとする。,7361235800000000
理科,752,ア　アの(ｱ)については，熱の伝わり方も扱うこと。また，「エネルギーの変換」については，その総量が保存されること及びエネルギーを利用する際の効率も扱うこと。,7361235810000000
理科,753,イ　アの(ｲ)については，放射線の性質と利用にも触れること。,7361235820000000
理科,754,ウ　ウの(ｱ)については，これまでの第１分野と第２分野の学習を生かし，第２分野(7)のウの(ｱ)と関連付けて総合的に扱うこと。,7361235830000000
理科,755,〔第２分野〕,7362200000000000
理科,756,１　目標,7362202000000000
理科,757,(1) 生物とそれを取り巻く自然の事物・現象に進んでかかわり，その中に問題を見いだし意欲的に探究する活動を通して，多様性や規則性を発見したり課題を解決したりする方法を習得させる。,7362202100000000
理科,758,(2) 生物や生物現象についての観察，実験を行い，観察・実験技能を習得させ，観察，実験の結果を分析して解釈し表現する能力を育てるとともに，生物の生活と種類，生命の連続性などについて理解させ，これらの事物・現象に対する科学的な見方や考え方を養う。,7362202200000000
理科,759,(3) 地学的な事物・現象についての観察，実験を行い，観察・実験技能を習得させ，観察，実験の結果を分析して解釈し表現する能力を育てるとともに，大地の成り立ちと変化，気象とその変化，地球と宇宙などについて理解させ，これらの事物・現象に対する科学的な見方や考え方を養う。,7362202300000000
理科,760,(4) 生物とそれを取り巻く自然の事物・現象を調べる活動を行い，これらの活動を通して生命を尊重し，自然環境の保全に寄与する態度を育て，自然を総合的に見ることができるようにする。,7362202400000000
理科,761,２　内容,7362203000000000
理科,762,"(1) 植物の生活と種類
身近な植物などについての観察，実験を通して，生物の調べ方の基礎を身に付けさせるとともに，植物の体のつくりと働きを理解させ，植物の生活と種類についての認識を深める。",7362213100000000
理科,763,ア　生物の観察,7362213110000000
理科,764,"(ｱ) 生物の観察
校庭や学校周辺の生物の観察を行い，いろいろな生物が様々な場所で生活していることを見いだすとともに，観察器具の操作，観察記録の仕方などの技能を身に付け，生物の調べ方の基礎を習得すること。",7362213111000000
理科,765,イ　植物の体のつくりと働き,7362213120000000
理科,766,"(ｱ) 花のつくりと働き
 いろいろな植物の花のつくりの観察を行い，その観察記録に基づいて，花のつくりの基本的な特徴を見いだすとともに，それらを花の働きと関連付けてとらえること。",7362213121000000
理科,767,"(ｲ) 葉・茎・根のつくりと働き
 いろいろな植物の葉，茎，根のつくりの観察を行い，その観察記録に基づいて，葉，茎，根のつくりの基本的な特徴を見いだすとともに，それらを光合成，呼吸，蒸散に関する実験結果と関連付けてとらえること。",7362213122000000
理科,768,ウ　植物の仲間,7362213130000000
理科,769,"(ｱ) 種子植物の仲間
花や葉，茎，根の観察記録に基づいて，それらを相互に関連付けて考察し，植物が体のつくりの特徴に基づいて分類できることを見いだすとともに，植物の種類を知る方法を身に付けること。",7362213131000000
理科,770,"(ｲ) 種子をつくらない植物の仲間
シダ植物やコケ植物の観察を行い，これらと種子植物の違いを知ること。",7362213132000000
理科,771,"(2) 大地の成り立ちと変化
大地の活動の様子や身近な岩石，地層，地形などの観察を通して，地表に見られる様々な事物・現象を大地の変化と関連付けて理解させ，大地の変化についての認識を深める。",7362213200000000
理科,772,ア　火山と地震,7362213210000000
理科,773,"(ｱ) 火山活動と火成岩
火山の形，活動の様子及びその噴出物を調べ，それらを地下のマグマの性質と関連付けてとらえるとともに，火山岩と深成岩の観察を行い，それらの組織の違いを成因と関連付けてとらえること。",7362213211000000
理科,774,"(ｲ) 地震の伝わり方と地球内部の働き
地震の体験や記録を基に，その揺れの大きさや伝わり方の規則性に気付くとともに，地震の原因を地球内部の働きと関連付けてとらえ，地震に伴う土地の変化の様子を理解すること。",7362213212000000
理科,775,イ　地層の重なりと過去の様子,7362213220000000
理科,776,"(ｱ) 地層の重なりと過去の様子
野外観察などを行い，観察記録を基に，地層のでき方を考察し，重なり方や広がり方についての規則性を見いだすとともに，地層とその中の化石を手掛かりとして過去の環境と地質年代を推定すること。",7362213221000000
理科,777,"(3) 動物の生活と生物の変遷
生物の体は細胞からできていることを観察を通して理解させる。また，動物などについての観察，実験を通して，動物の体のつくりと働きを理解させ，動物の生活と種類についての認識を深めるとともに，生物の変遷について理解させる。",7362223300000000
理科,778,ア　生物と細胞,7362223310000000
理科,779,"(ｱ) 生物と細胞
生物の組織などの観察を行い，生物の体が細胞からできていること及び植物と動物の細胞のつくりの特徴を見いだすこと。",7362223311000000
理科,780,イ　動物の体のつくりと働き,7362223320000000
理科,781,"(ｱ) 生命を維持する働き
消化や呼吸，血液の循環についての観察，実験を行い，動物の体が必要な物質を取り入れ運搬している仕組みを観察，実験の結果と関連付けてとらえること。また，不要となった物質を排出する仕組みがあることについて理解すること。 ",7362223321000000
理科,782,"(ｲ) 刺激と反応
動物が外界の刺激に適切に反応している様子の観察を行い，その仕組みを感覚器官，神経系及び運動器官のつくりと関連付けてとらえること。",7362223322000000
理科,783,ウ　脊椎《せきつい》動物の仲間,7362223330000000
理科,784,"(ｱ) 脊椎《せきつい》動物の仲間
脊椎《せきつい》動物の観察記録に基づいて，体のつくりや子の生まれ方などの特徴を比較，整理し，脊椎《せきつい》動物が幾つかの仲間に分類できることを見いだすこと。",7362223331000000
理科,785," (ｲ) 無脊椎《せきつい》動物の仲間
 無脊椎《せきつい》動物の観察などを行い，その観察記録に基づいて，それらの動物の特徴を見いだすこと。",7362223332000000
理科,786,エ　生物の変遷と進化,7362223340000000
理科,787,"(ｱ) 生物の変遷と進化
現存の生物や化石の比較などを基に，現存の生物は過去の生物が変化して生じてきたものであることを体のつくりと関連付けてとらえること。",7362223341000000
理科,788,"(4) 気象とその変化
身近な気象の観察，観測を通して，気象要素と天気の変化の関係を見いださせるとともに，気象現象についてそれが起こる仕組みと規則性についての認識を深める。",7362223400000000
理科,789,ア　気象観測,7362223410000000
理科,790,"(ｱ) 気象観測
校庭などで気象観測を行い，観測方法や記録の仕方を身に付けるとともに，その観測記録などに基づいて，気温，湿度，気圧，風向などの変化と天気との関係を見いだすこと。",7362223411000000
理科,791,イ　天気の変化,7362223420000000
理科,792,"(ｱ) 霧や雲の発生
霧や雲の発生についての観察，実験を行い，そのでき方を気圧，気温及び湿度の変化と関連付けてとらえること。",7362223421000000
理科,793,"(ｲ) 前線の通過と天気の変化
前線の通過に伴う天気の変化の観測結果などに基づいて，その変化を暖気，寒気と関連付けてとらえること。",7362223422000000
理科,794,ウ　日本の気象,7362223430000000
理科,795,"(ｱ) 日本の天気の特徴
天気図や気象衛星画像などから，日本の天気の特徴を気団と関連付けてとらえること。",7362223431000000
理科,796,"(ｲ) 大気の動きと海洋の影響
気象衛星画像や調査記録などから，日本の気象を日本付近の大気の動きや海洋の影響に関連付けてとらえること。",7362223432000000
理科,797,"(5) 生命の連続性
身近な生物についての観察，実験を通して，生物の成長と殖え方，遺伝現象について理解させるとともに，生命の連続性について認識を深める。",7362233500000000
理科,798,ア　生物の成長と殖え方,7362233510000000
理科,799,"(ｱ) 細胞分裂と生物の成長
体細胞分裂の観察を行い，その過程を確かめるとともに，細胞の分裂を生物の成長と関連付けてとらえること。",7362233511000000
理科,800,"(ｲ) 生物の殖え方
身近な生物の殖え方を観察し，有性生殖と無性生殖の特徴を見いだすとともに，生物が殖えていくときに親の形質が子に伝わることを見いだすこと。",7362233512000000
理科,801,イ　遺伝の規則性と遺伝子,7362233520000000
理科,802,"(ｱ) 遺伝の規則性と遺伝子
交配実験の結果などに基づいて，親の形質が子に伝わるときの規則性を見いだすこと。",7362233521000000
理科,803,"(6) 地球と宇宙
身近な天体の観察を通して，地球の運動について考察させるとともに，太陽や惑星の特徴及び月の運動と見え方を理解させ，太陽系や恒星など宇宙についての認識を深める。",7362233600000000
理科,804,ア　天体の動きと地球の自転・公転,7362233610000000
理科,805,"(ｱ) 日周運動と自転
天体の日周運動の観察を行い，その観察記録を地球の自転と関連付けてとらえること。",7362233611000000
理科,806,"(ｲ) 年周運動と公転
星座の年周運動や太陽の南中高度の変化などの観察を行い，その観察記録を地球の公転や地軸の傾きと関連付けてとらえること。",7362233612000000
理科,807,イ　太陽系と恒星,7362233620000000
理科,808,"(ｱ) 太陽の様子
太陽の観察を行い，その観察記録や資料に基づいて，太陽の特徴を見いだすこと。",7362233621000000
理科,809,"(ｲ) 月の運動と見え方
月の観察を行い，その観察記録や資料に基づいて，月の公転と見え方を関連付けてとらえること。",7362233622000000
理科,810,"(ｳ) 惑星と恒星
観測資料などを基に，惑星と恒星などの特徴を理解するとともに，惑星の見え方を太陽系の構造と関連付けてとらえること。",7362233623000000
理科,811,"(7) 自然と人間
自然環境を調べ，自然界における生物相互の関係や自然界のつり合いについて理解させるとともに，自然と人間のかかわり方について認識を深め，自然環境の保全と科学技術の利用の在り方について科学的に考察し判断する態度を養う。",7362233700000000
理科,812,ア　生物と環境,7362233710000000
理科,813,"(ｱ) 自然界のつり合い
微生物の働きを調べ，植物，動物及び微生物を栄養の面から相互に関連付けてとらえるとともに，自然界では，これらの生物がつり合いを保って生活していることを見いだすこと。",7362233711000000
理科,814,"(ｲ) 自然環境の調査と環境保全
身近な自然環境について調べ，様々な要因が自然界のつり合いに影響していることを理解するとともに，自然環境を保全することの重要性を認識すること。",7362233712000000
理科,815,イ　自然の恵みと災害,7362233720000000
理科,816,"(ｱ) 自然の恵みと災害
自然がもたらす恵みと災害などについて調べ，これらを多面的，総合的にとらえて，自然と人間のかかわり方について考察すること。",7362233721000000
理科,817,ウ  自然環境の保全と科学技術の利用,7362233730000000
理科,818,"(ｱ) 自然環境の保全と科学技術の利用
自然環境の保全と科学技術の利用の在り方について科学的に考察し，持続可能な社会をつくることが重要であることを認識すること。",7362233731000000
理科,819,３　内容の取扱い,7362205000000000
理科,820,(1) 内容の(1)から(7)までのうち，内容の(1)及び(2)は第１学年，内容の(3)及び(4)は第２学年，内容の(5)から(7)までは第３学年で取り扱うものとする。,7362205100000000
理科,821,(2) 内容の(1)については，次のとおり取り扱うものとする。,7362215200000000
理科,822,ア　アの(ｱ)の「生物」については，植物を中心に取り上げ，水中の微小な生物の存在にも触れること。,7362215210000000
理科,823,イ　イの(ｱ)については，被子植物を中心に取り上げること。「花の働き」については，受粉後に胚《はい》珠が種子になることを中心に扱うこと。,7362215220000000
理科,824,ウ　イの(ｲ)については，光合成における葉緑体の働きにも触れること。また，葉，茎，根の働きを相互に関連付けて全体の働きとしてとらえること。,7362215230000000
理科,825,エ　ウの(ｲ)については，シダ植物やコケ植物が胞子をつくることにも触れること。,7362215240000000
理科,826,(3) 内容の(2)については，次のとおり取り扱うものとする。,7362215300000000
理科,827,ア  アの(ｱ)の「火山」については，粘性と関係付けながら代表的な火山を扱うこと。「マグマの性質」については，粘性を扱うこと。「火山岩」及び「深成岩」については，代表的な岩石を扱うこと。また，代表的な造岩鉱物も扱うこと。,7362215310000000
理科,828,イ　アの(ｲ)については，地震の現象面を中心に取り扱い，初期微動継続時間と震源までの距離との定性的な関係にも触れること。また，「地球内部の働き」については，日本付近のプレートの動きを扱うこと。,7362215320000000
理科,829,ウ　イの(ｱ)については，地層を形成している代表的な堆《たい》積岩も取り上げること。「野外観察」については，学校内外の地層を観察する活動とすること。「地層」については，断層，褶《しゅう》曲にも触れること。「化石」については，示相化石及び示準化石を取り上げること。「地質年代」の区分は古生代，中生代，新生代の第三紀及び第四紀を取り上げること。,7362215330000000
理科,830,(4) 内容の(3)については，次のとおり取り扱うものとする。,7362225400000000
理科,831,ア　イの(ｱ)については，各器官の働きを中心に扱うこと。「消化」については，代表的な消化酵素の働きを取り上げること。また，摂取された食物が消化によって小腸の壁から吸収される物質になることにも触れること。「呼吸」については，細胞の呼吸にも触れること。「血液の循環」に関連して，血液成分の働き，腎《じん》臓や肝臓の働きにも触れること。,7362225410000000
理科,832,イ  イの(ｲ)については，各器官の働きを中心に扱うこと。,7362225420000000
理科,833,ウ　ウの(ｱ)については，脊椎《せきつい》動物の体の表面の様子や呼吸の仕方，運動・感覚器官の発達，食物のとり方の違いに気付かせること。,7362225430000000
理科,834,エ  ウの(ｲ)については，節足動物や軟体動物の観察を行い，それらの動物と脊椎《せきつい》動物の体のつくりの特徴を比較することを中心に扱うこと。,7362225440000000
理科,835,オ　エの(ｱ)については，進化の証拠とされる事柄や進化の具体例について取り上げること。その際，生物にはその生息環境での生活に都合のよい特徴が見られることにも触れること。,7362225450000000
理科,836,(5) 内容の(4)については，次のとおり取り扱うものとする。,7362225500000000
理科,837,ア　イの(ｱ)については，気温による飽和水蒸気量の変化が湿度の変化や凝結にかかわりがあることを扱うこと。また，水の循環も扱うこと。,7362225510000000
理科,838,イ　イの(ｲ)については，風の吹き方にも触れること。,7362225520000000
理科,839,ウ　ウの(ｲ)については，地球を取り巻く大気の動きにも触れること。また，地球の大きさや大気の厚さにも触れること。,7362225530000000
理科,840,(6) 内容の(5)については，次のとおり取り扱うものとする。,7362235600000000
理科,841,ア　アの(ｱ)については，染色体が複製されることにも触れること。,7362235610000000
理科,842,イ　アの(ｲ)については，有性生殖の仕組みを減数分裂と関連付けて扱うこと。「無性生殖」については，単細胞生物の分裂や栄養生殖にも触れること。,7362235620000000
理科,843,ウ　イの(ｱ) については，分離の法則を扱うこと。また，遺伝子に変化が起きて形質が変化することがあることや遺伝子の本体がＤＮＡであることにも触れること。,7362235630000000
理科,844,(7) 内容の(6)については，次のとおり取り扱うものとする。,7362235700000000
理科,845,ア　アの(ｲ)の「太陽の南中高度の変化」については，季節による昼夜の長さや気温の変化にも触れること。,7362235710000000
理科,846,イ　イの(ｱ)の「太陽の特徴」については，形，大きさ，表面の様子などを扱うこと。その際，放出された多量の光などのエネルギーによる地表への影響にも触れること。,7362235720000000
理科,847,ウ　イの(ｲ)については，日食や月食にも触れること。,7362235730000000
理科,848,エ　イの(ｳ)の「惑星」については，大きさ，大気組成，表面温度，衛星の存在などを取り上げること。その際，地球には生命を支える条件が備わっていることにも触れること。「恒星」については，自ら光を放つことや太陽もその一つであることを扱うこと。その際，恒星の集団としての銀河系の存在にも触れること。「太陽系の構造」における惑星の見え方については，金星を取り上げ，その満ち欠けと見かけの大きさを扱うこと。また，惑星以外の天体が存在することにも触れること。,7362235740000000
理科,849,(8) 内容の(7)については，次のとおり取り扱うものとする。,7362235800000000
理科,850,ア　アの(ｱ)については，生態系における生産者，消費者及び分解者の関連を扱うこと。その際，土壌動物にも触れること。,7362235810000000
理科,851,イ　アの(ｲ)については，生物や大気，水などの自然環境を直接調べたり，記録や資料を基に調べたりするなどの活動を行うこと。また，地球温暖化や外来種にも触れること。,7362235820000000
理科,852,ウ　イの(ｱ)については，地球規模でのプレートの動きも扱うこと。また，「災害」については，記録や資料などを用いて調べ，地域の災害について触れること。,7362235830000000
理科,853,エ　ウの(ｱ)については，これまでの第１分野と第２分野の学習を生かし，第１分野(7)のウの(ｱ)と関連付けて総合的に扱うこと。,7362235840000000
理科,854,第３　指導計画の作成と内容の取扱い,7360300000000000
理科,855,  １　指導計画の作成に当たっては，次の事項に配慮するものとする。,7360300100000000
理科,856,(1) 各学年においては，年間を通して，各分野におよそ同程度の授業時数を配当すること。その際，各分野間及び各項目間の関連を十分考慮して，各分野の特徴的な見方や考え方が互いに補い合って育成されるようにすること。,7360300110000000
理科,857,(2) 学校や生徒の実態に応じ，十分な観察や実験の時間，課題解決のために探究する時間などを設けるようにすること。その際，問題を見いだし観察，実験を計画する学習活動，観察，実験の結果を分析し解釈する学習活動，科学的な概念を使用して考えたり説明したりするなどの学習活動が充実するよう配慮すること。,7360300120000000
理科,858,(3) 原理や法則の理解を深めるためのものづくりを，各内容の特質に応じて適宜行うようにすること。,7360300130000000
理科,859,(4) 継続的な観察や季節を変えての定点観測を，各内容の特質に応じて適宜行うようにすること。,7360300140000000
理科,860,(5) 博物館や科学学習センターなどと積極的に連携，協力を図るよう配慮すること。,7360300150000000
理科,861,(6) 第１章総則の第１の２に示す道徳教育の目標に基づき，道徳科などとの関連を考慮しながら，第３章特別の教科道徳の第２に示す内容について，理科の特質に応じて適切な指導をすること。,7360300160000001
理科,862,２　各分野の内容の指導については，次の事項に配慮するものとする。,7360300200000000
理科,863,(1) 観察，実験，野外観察を重視するとともに，地域の環境や学校の実態を生かし，自然の事物・現象を科学的に探究する能力の基礎と態度の育成及び基本的な概念の形成が段階的に無理なく行えるようにすること。,7360300210000000
理科,864,(2) 生命を尊重し，自然環境の保全に寄与する態度が育成されるようにすること。,7360300220000000
理科,865,(3) 科学技術が日常生活や社会を豊かにしていることや安全性の向上に役立っていることに触れること。また，理科で学習することが様々な職業などと関係していることにも触れること。,7360300230000000
理科,866,３　観察，実験，野外観察の指導においては，特に事故防止に十分留意するとともに，使用薬品の管理及び廃棄についても適切な措置をとるよう配慮するものとする。,7360300300000000
理科,867, ４　各分野の指導に当たっては，観察，実験の過程での情報の検索，実験，データの処理，実験の計測などにおいて，コンピュータや情報通信ネットワークなどを積極的かつ適切に活用するよう配慮するものとする。,7360300400000000
音楽,868,第５節　音楽,7380000000000000
音楽,869,"第１　目標
　表現及び鑑賞の幅広い活動を通して，音楽を愛好する心情を育てるとともに，音楽に対する感性を豊かにし，音楽活動の基礎的な能力を伸ばし，音楽文化についての理解を深め，豊かな情操を養う。  ",7380100000000000
音楽,870,第２　各学年の目標及び内容,7380200000000000
音楽,871,〔第１学年〕,7380210000000000
音楽,872,１　目標,7380212000000000
音楽,873,(1) 音楽活動の楽しさを体験することを通して，音や音楽への興味・関心を養い，音楽によって生活を明るく豊かなものにする態度を育てる。,7380212100000000
音楽,874,(2) 多様な音楽表現の豊かさや美しさを感じ取り，基礎的な表現の技能を身に付け，創意工夫して表現する能力を育てる。,7380212200000000
音楽,875,(3) 多様な音楽のよさや美しさを味わい，幅広く主体的に鑑賞する能力を育てる。,7380212300000000
音楽,876,２　内容,7380213000000000
音楽,877,Ａ  表現  ,7380213100000000
音楽,878,(1) 歌唱の活動を通して，次の事項を指導する。,7380213110000000
音楽,879,ア　歌詞の内容や曲想を感じ取り，表現を工夫して歌うこと。,7380213111000000
音楽,880,イ　曲種に応じた発声により，言葉の特性を生かして歌うこと。,7380213112000000
音楽,881,ウ　声部の役割や全体の響きを感じ取り，表現を工夫しながら合わせて歌うこと。,7380213113000000
音楽,882,(2) 器楽の活動を通して，次の事項を指導する。,7380213120000000
音楽,883,ア　曲想を感じ取り，表現を工夫して演奏すること。　,7380213121000000
音楽,884,イ　楽器の特徴をとらえ，基礎的な奏法を身に付けて演奏すること。,7380213122000000
音楽,885,ウ　声部の役割や全体の響きを感じ取り，表現を工夫しながら合わせて演奏すること。,7380213123000000
音楽,886,(3) 創作の活動を通して，次の事項を指導する。,7380213130000000
音楽,887,ア　言葉や音階などの特徴を感じ取り，表現を工夫して簡単な旋律をつくること。,7380213131000000
音楽,888,イ　表現したいイメージをもち，音素材の特徴を感じ取り，反復，変化，対照などの構成を工夫しながら音楽をつくること。,7380213132000000
音楽,889,(4) 表現教材は，次に示すものを取り扱う。,7380213140000000
音楽,890,ア　我が国及び諸外国の様々な音楽のうち，指導のねらいに適切で，生徒にとって平易で親しみのもてるものであること。,7380213141000000
音楽,891,イ　歌唱教材には，次の観点から取り上げたものを含めること。,7380213142000000
音楽,892,(ｱ) 我が国で長く歌われ親しまれている歌曲のうち，我が国の自然や四季の美しさを感じ取れるもの又は我が国の文化や日本語のもつ美しさを味わえるもの,7380213142100000
音楽,893,(ｲ) 民謡，長唄《ながうた》などの我が国の伝統的な歌唱のうち，地域や学校，生徒の実態を考慮して，伝統的な声の特徴を感じ取れるもの,7380213142200000
音楽,894,Ｂ　鑑賞  ,7380213200000000
音楽,895,(1) 鑑賞の活動を通して，次の事項を指導する。,7380213210000000
音楽,896,ア　音楽を形づくっている要素や構造と曲想とのかかわりを感じ取って聴き，言葉で説明するなどして，音楽のよさや美しさを味わうこと。,7380213211000000
音楽,897,イ　音楽の特徴をその背景となる文化・歴史や他の芸術と関連付けて，鑑賞すること。,7380213212000000
音楽,898,ウ　我が国や郷土の伝統音楽及びアジア地域の諸民族の音楽の特徴から音楽の多様性を感じ取り，鑑賞すること。,7380213213000000
音楽,899,(2) 鑑賞教材は，我が国や郷土の伝統音楽を含む我が国及び諸外国の様々な音楽のうち，指導のねらいに適切なものを取り扱う。,7380213220000000
音楽,900,〔共通事項〕,7380213300000000
音楽,901,(1) 「Ａ表現」及び「Ｂ鑑賞」の指導を通して，次の事項を指導する。,7380213310000000
音楽,902,ア　音色，リズム，速度，旋律，テクスチュア，強弱，形式，構成などの音楽を形づくっている要素や要素同士の関連を知覚し，それらの働きが生み出す特質や雰囲気を感受すること。,7380213311000000
音楽,903,イ　音楽を形づくっている要素とそれらの働きを表す用語や記号などについて，音楽活動を通して理解すること。,7380213312000000
音楽,904,〔第２学年及び第３学年〕,73802B0000000000
音楽,905,１　目標,73802B2000000000
音楽,906,(1) 音楽活動の楽しさを体験することを通して，音や音楽への興味・関心を高め，音楽によって生活を明るく豊かなものにし，生涯にわたって音楽に親しんでいく態度を育てる。,73802B2100000000
音楽,907,(2) 多様な音楽表現の豊かさや美しさを感じ取り，表現の技能を伸ばし，創意工夫して表現する能力を高める。,73802B2200000000
音楽,908,(3) 多様な音楽に対する理解を深め，幅広く主体的に鑑賞する能力を高める。,73802B2300000000
音楽,909,２　内容,73802B3000000000
音楽,910,Ａ  表現,73802B3100000000
音楽,911,(1) 歌唱の活動を通して，次の事項を指導する。,73802B3110000000
音楽,912,ア　歌詞の内容や曲想を味わい，曲にふさわしい表現を工夫して歌うこと。,73802B3111000000
音楽,913,イ　曲種に応じた発声や言葉の特性を理解して，それらを生かして歌うこと。,73802B3112000000
音楽,914,ウ　声部の役割と全体の響きとのかかわりを理解して，表現を工夫しながら合わせて歌うこと。,73802B3113000000
音楽,915,(2) 器楽の活動を通して，次の事項を指導する。,73802B3120000000
音楽,916,ア　曲想を味わい，曲にふさわしい表現を工夫して演奏すること。,73802B3121000000
音楽,917,イ　楽器の特徴を理解し，基礎的な奏法を生かして演奏すること。　,73802B3122000000
音楽,918,ウ　声部の役割と全体の響きとのかかわりを理解して，表現を工夫しながら合わせて演奏すること。,73802B3123000000
音楽,919,(3) 創作の活動を通して，次の事項を指導する。,73802B3130000000
音楽,920,ア　言葉や音階などの特徴を生かし，表現を工夫して旋律をつくること。,73802B3131000000
音楽,921,イ　表現したいイメージをもち，音素材の特徴を生かし，反復，変化，対照などの構成や全体のまとまりを工夫しながら音楽をつくること。,73802B3132000000
音楽,922,(4) 表現教材は，次に示すものを取り扱う。,73802B3140000000
音楽,923,ア　我が国及び諸外国の様々な音楽のうち，指導のねらいに適切で，生徒の意欲を高め親しみのもてるものであること。,73802B3141000000
音楽,924,イ　歌唱教材には，次の観点から取り上げたものを含めること。,73802B3142000000
音楽,925,(ｱ) 我が国で長く歌われ親しまれている歌曲のうち，我が国の自然や四季の美しさを感じ取れるもの又は我が国の文化や日本語のもつ美しさを味わえるもの,73802B3142100000
音楽,926,(ｲ) 民謡，長唄《ながうた》などの我が国の伝統的な歌唱のうち，地域や学校，生徒の実態を考慮して，伝統的な声の特徴を感じ取れるもの,73802B3142200000
音楽,927,Ｂ　鑑賞,73802B3200000000
音楽,928,(1) 鑑賞の活動を通して，次の事項を指導する。,73802B3210000000
音楽,929,ア　音楽を形づくっている要素や構造と曲想とのかかわりを理解して聴き，根拠をもって批評するなどして，音楽のよさや美しさを味わうこと。,73802B3211000000
音楽,930,イ　音楽の特徴をその背景となる文化・歴史や他の芸術と関連付けて理解して，鑑賞すること。,73802B3212000000
音楽,931,ウ　我が国や郷土の伝統音楽及び諸外国の様々な音楽の特徴から音楽の多様性を理解して，鑑賞すること。,73802B3213000000
音楽,932,(2) 鑑賞教材は，我が国や郷土の伝統音楽を含む我が国及び諸外国の様々な音楽のうち，指導のねらいに適切なものを取り扱う。,73802B3220000000
音楽,933,〔共通事項〕,73802B3300000000
音楽,934,(1) 「Ａ表現」及び「Ｂ鑑賞」の指導を通して，次の事項を指導する。,73802B3310000000
音楽,935,ア　音色，リズム，速度，旋律，テクスチュア，強弱，形式，構成などの音楽を形づくっている要素や要素同士の関連を知覚し，それらの働きが生み出す特質や雰囲気を感受すること。,73802B3311000000
音楽,936,イ　音楽を形づくっている要素とそれらの働きを表す用語や記号などについて，音楽活動を通して理解すること。,73802B3312000000
音楽,937,第３　指導計画の作成と内容の取扱い,7380300000000000
音楽,938,１　指導計画の作成に当たっては，次の事項に配慮するものとする。,7380300100000000
音楽,939,(1) 第２の各学年の内容の〔共通事項〕は表現及び鑑賞に関する能力を育成する上で共通に必要となるものであり，表現及び鑑賞の各活動において十分な指導が行われるよう工夫すること。,7380300110000000
音楽,940,(2) 第２の各学年の内容の「Ａ表現」の(1)，(2)，(3)及び「Ｂ鑑賞」の(1)の指導については，それぞれ特定の活動のみに偏らないようにすること。,7380300120000000
音楽,941,(3) 第２の各学年の内容については，生徒がより個性を生かした音楽活動を展開できるようにするため，表現方法や表現形態を選択できるようにするなど，学校や生徒の実態に応じ，効果的な指導ができるよう工夫すること。,7380300130000000
音楽,942,(4) 第１章総則の第１の２に示す道徳教育の目標に基づき，道徳科などとの関連を考慮しながら，第３章特別の教科道徳の第２に示す内容について，音楽科の特質に応じて適切な指導をすること。,7380300140000001
音楽,943,２　第２の内容の指導については，次の事項に配慮するものとする。,7380300200000000
音楽,944,(1) 歌唱の指導については，次のとおり取り扱うこと。,7380300210000000
音楽,945,ア　各学年の「Ａ表現」の(4)のイの(ｱ)の歌唱教材については，以下の共通教材の中から各学年ごとに１曲以上を含めること。,7380300211000000
音楽,946,「赤とんぼ」　　三木露風《みきろふう》作詞　山田耕筰《やまだこうさく》作曲,7380300211100000
音楽,947,「荒城の月」　　土井晩翠《どいばんすい》作詞　滝廉太郎《たきれんたろう》作曲,7380300211200000
音楽,948,「早春賦」　　　吉丸一昌《よしまるかずまさ》作詞　中田章《なかだあきら》作曲,7380300211300000
音楽,949,「夏の思い出」　江間章子《えましょうこ》作詞　中田喜直《なかだよしなお》作曲,7380300211400000
音楽,950,「花」　　　　　武島羽衣《たけしまはごろも》作詞　滝廉太郎《たきれんたろう》作曲,7380300211500000
音楽,951,「花の街」　　　江間章子《えましょうこ》作詞　團伊玖磨《だんいくま》作曲,7380300211600000
音楽,952,「浜辺の歌」　　林古溪《はやしこけい》作詞　成田為三《なりたためぞう》作曲,7380300211700000
音楽,953,イ  変声期について気付かせるとともに，変声期の生徒に対しては心理的な面についても配慮し，適切な声域と声量によって歌わせるようにすること。,7380300212000000
音楽,954,ウ  相対的な音程感覚などを育てるために，適宜，移動ド唱法を用いること。,7380300213000000
音楽,955,(2) 器楽の指導については，指導上の必要に応じて和楽器，弦楽器，管楽器，打楽器，鍵《けん》盤楽器，電子楽器及び世界の諸民族の楽器を適宜用いること。なお，和楽器の指導については，３学年間を通じて１種類以上の楽器の表現活動を通して，生徒が我が国や郷土の伝統音楽のよさを味わうことができるよう工夫すること。,7380300220000000
音楽,956,(3) 我が国の伝統的な歌唱や和楽器の指導については，言葉と音楽との関係，姿勢や身体の使い方についても配慮すること。,7380300230000000
音楽,957,(4) 読譜の指導については，小学校における学習を踏まえ，♯や♭の調号としての意味を理解させるとともに，３学年間を通じて，1♯，1♭程度をもった調号の楽譜の視唱や視奏に慣れさせるようにすること。,7380300240000000
音楽,958,(5) 創作の指導については，即興的に音を出しながら音のつながり方を試すなど，音を音楽へと構成していく体験を重視すること。その際，理論に偏らないようにするとともに，必要に応じて作品を記録する方法を工夫させること。,7380300250000000
音楽,959,(6) 各学年の「Ａ表現」の指導に当たっては，指揮などの身体的表現活動も取り上げるようにすること。,7380300260000000
音楽,960,(7) 各学年の「Ａ表現」及び「Ｂ鑑賞」の指導に当たっては，次のとおり取り扱うこと。,7380300270000000
音楽,961,ア　生徒が自己のイメージや思いを伝え合ったり，他者の意図に共感したりできるようにするなどコミュニケーションを図る指導を工夫すること。,7380300271000000
音楽,962,イ  適宜，自然音や環境音などについても取り扱い，音環境への関心を高めたり，音や音楽が生活に果たす役割を考えさせたりするなど，生徒が音や音楽と生活や社会とのかかわりを実感できるような指導を工夫すること。また，コンピュータや教育機器の活用も工夫すること。,7380300272000000
音楽,963,ウ  音楽に関する知的財産権について，必要に応じて触れるようにすること。,7380300273000000
音楽,964,(8) 各学年の〔共通事項〕のイの用語や記号などは，小学校学習指導要領第２章第６節音楽の第３の２の(6)に示すものに加え，生徒の学習状況を考慮して，次に示すものを取り扱うこと。,7380300280000000
音楽,965,拍,7380300280100000
音楽,966,拍子,7380300280200000
音楽,967,間《ま》,7380300280300000
音楽,968,序破急,7380300280400000
音楽,969,フレーズ,7380300280500000
音楽,970,音階,7380300280600000
音楽,971,調,7380300280700000
音楽,972,和音,7380300280800000
音楽,973,動機,7380300280900000
音楽,974,アンダンテ,7380300281000000
音楽,975,モデラート,7380300281100000
音楽,976,アレグロ,7380300281200000
音楽,977,リタルダンド,7380300281300000
音楽,978,ア・テンポ,7380300281400000
音楽,979,アッチェレランド,7380300281500000
音楽,980,レガート,7380300281600000
音楽,981,ピアニッシモ,7380300281700000
音楽,982,フォルティッシモ,7380300281800000
音楽,983,ディミヌエンド,7380300281900000
音楽,984,ダ・カーポ,7380300282000000
音楽,985,ダル・セーニョ,7380300282100000
音楽,986,フェルマータ,7380300282200000
音楽,987,テヌート,7380300282300000
音楽,988,三連符,7380300282400000
音楽,989,二分休符,7380300282500000
音楽,990,全休符,7380300282600000
音楽,991,十六分休符,7380300282700000
美術,992,第６節　美術,73A0000000000000
美術,993,"第１　目標
　表現及び鑑賞の幅広い活動を通して，美術の創造活動の喜びを味わい美術を愛好する心情を育てるとともに，感性を豊かにし，美術の基礎的な能力を伸ばし，美術文化についての理解を深め，豊かな情操を養う。",73A0100000000000
美術,994,第２　各学年の目標及び内容,73A0200000000000
美術,995,〔第１学年〕,73A0210000000000
美術,996,１　目標,73A0212000000000
美術,997,(1) 楽しく美術の活動に取り組み美術を愛好する心情を培い，心豊かな生活を創造していく意欲と態度を育てる。,73A0212100000000
美術,998,(2) 対象を見つめ感じ取る力や想像力を高め，豊かに発想し構想する能力や形や色彩などによる表現の技能を身に付け，意図に応じて創意工夫し美しく表現する能力を育てる。,73A0212200000000
美術,999,(3) 自然の造形や美術作品などについての基礎的な理解や見方を広げ，美術文化に対する関心を高め，よさや美しさなどを味わう鑑賞の能力を育てる。,73A0212300000000
美術,1000,２　内容,73A0213000000000
美術,1001,Ａ　表現,73A0213100000000
美術,1002,(1) 感じ取ったことや考えたことなどを基に，絵や彫刻などに表現する活動を通して，発想や構想に関する次の事項を指導する。,73A0213110000000
美術,1003,ア　対象を見つめ感じ取った形や色彩の特徴や美しさ，想像したことなどを基に主題を生み出すこと。,73A0213111000000
美術,1004,イ　主題などを基に，全体と部分との関係などを考えて創造的な構成を工夫し，心豊かに表現する構想を練ること。,73A0213112000000
美術,1005,(2) 伝える，使うなどの目的や機能を考え，デザインや工芸などに表現する活動を通して，発想や構想に関する次の事項を指導する。,73A0213120000000
美術,1006,ア　目的や条件などを基に，美的感覚を働かせて，構成や装飾を考え，表現の構想を練ること。,73A0213121000000
美術,1007,イ　他者の立場に立って，伝えたい内容について分かりやすさや美しさなどを考え，表現の構想を練ること。,73A0213122000000
美術,1008,ウ　用途や機能，使用する者の気持ち，材料などから美しさなどを考え，表現の構想を練ること。,73A0213123000000
美術,1009,(3) 発想や構想をしたことなどを基に表現する活動を通して，技能に関する次の事項を指導する。,73A0213130000000
美術,1010,ア　形や色彩などの表し方を身に付け，意図に応じて材料や用具の生かし方などを考え，創意工夫して表現すること。,73A0213131000000
美術,1011,イ　材料や用具の特性などから制作の順序などを考えながら，見通しをもって表現すること。,73A0213132000000
美術,1012,Ｂ　鑑賞,73A0213200000000
美術,1013,(1) 美術作品などのよさや美しさを感じ取り味わう活動を通して，鑑賞に関する次の事項を指導する。,73A0213210000000
美術,1014,ア　造形的なよさや美しさ，作者の心情や意図と表現の工夫，美と機能性の調和，生活における美術の働きなどを感じ取り，作品などに対する思いや考えを説明し合うなどして，対象の見方や感じ方を広げること。,73A0213211000000
美術,1015,イ　身近な地域や日本及び諸外国の美術の文化遺産などを鑑賞し，そのよさや美しさなどを感じ取り，美術文化に対する関心を高めること。,73A0213212000000
美術,1016,〔共通事項〕,73A0213300000000
美術,1017,(1) 「Ａ表現」及び「Ｂ鑑賞」の指導を通して，次の事項を指導する。,73A0213310000000
美術,1018,ア　形や色彩，材料，光などの性質や，それらがもたらす感情を理解すること。,73A0213311000000
美術,1019,イ　形や色彩の特徴などを基に，対象のイメージをとらえること。,73A0213312000000
美術,1020,〔第２学年及び第３学年〕,73A02B0000000000
美術,1021,１　目標,73A02B2000000000
美術,1022,(1) 主体的に美術の活動に取り組み美術を愛好する心情を深め，心豊かな生活を創造していく意欲と態度を高める。,73A02B2100000000
美術,1023,(2) 対象を深く見つめ感じ取る力や想像力を一層高め，独創的・総合的な見方や考え方を培い，豊かに発想し構想する能力や自分の表現方法を創意工夫し，創造的に表現する能力を伸ばす。,73A02B2200000000
美術,1024,(3) 自然の造形，美術作品や文化遺産などについての理解や見方を深め，心豊かに生きることと美術とのかかわりに関心をもち，よさや美しさなどを味わう鑑賞の能力を高める。 ,73A02B2300000000
美術,1025,２　内容,73A02B3000000000
美術,1026,Ａ　表現,73A02B3100000000
美術,1027,(1) 感じ取ったことや考えたことなどを基に，絵や彫刻などに表現する活動を通して，発想や構想に関する次の事項を指導する。,73A02B3110000000
美術,1028,ア　対象を深く見つめ感じ取ったこと，考えたこと，夢，想像や感情などの心の世界などを基に，主題を生み出すこと。,73A02B3111000000
美術,1029,イ　主題などを基に想像力を働かせ，単純化や省略，強調，材料の組合せなどを考え，創造的な構成を工夫し，心豊かな表現の構想を練ること。,73A02B3112000000
美術,1030,(2) 伝える，使うなどの目的や機能を考え，デザインや工芸などに表現する活動を通して，発想や構想に関する次の事項を指導する。,73A02B3120000000
美術,1031,ア　目的や条件などを基に，美的感覚を働かせて形や色彩，図柄，材料，光などの組合せを簡潔にしたり総合化したりするなどして構成や装飾を考え，表現の構想を練ること。,73A02B3121000000
美術,1032,イ　伝えたい内容を多くの人々に伝えるために，形や色彩などの効果を生かして分かりやすさや美しさなどを考え，表現の構想を練ること。,73A02B3122000000
美術,1033,ウ　使用する者の気持ちや機能，夢や想像，造形的な美しさなどを総合的に考え，表現の構想を練ること。,73A02B3123000000
美術,1034,(3) 発想や構想をしたことなどを基に表現する活動を通して，技能に関する次の事項を指導する。,73A02B3130000000
美術,1035,ア　材料や用具の特性を生かし，自分の表現意図に合う新たな表現方法を工夫するなどして創造的に表現すること。,73A02B3131000000
美術,1036,イ　材料や用具，表現方法の特性などから制作の順序などを総合的に考えながら，見通しをもって表現すること。,73A02B3132000000
美術,1037,Ｂ　鑑賞,73A02B3200000000
美術,1038,(1) 美術作品などのよさや美しさを感じ取り味わう活動を通して，鑑賞に関する次の事項を指導する。,73A02B3210000000
美術,1039,ア　造形的なよさや美しさ，作者の心情や意図と創造的な表現の工夫，目的や機能との調和のとれた洗練された美しさなどを感じ取り見方を深め，作品などに対する自分の価値意識をもって批評し合うなどして，美意識を高め幅広く味わうこと。,73A02B3211000000
美術,1040,イ　美術作品などに取り入れられている自然のよさや，自然や身近な環境の中に見られる造形的な美しさなどを感じ取り，安らぎや自然との共生などの視点から，生活を美しく豊かにする美術の働きについて理解すること。,73A02B3212000000
美術,1041,ウ　日本の美術の概括的な変遷や作品の特質を調べたり，それらの作品を鑑賞したりして，日本の美術や伝統と文化に対する理解と愛情を深めるとともに，諸外国の美術や文化との相違と共通性に気付き，それぞれのよさや美しさなどを味わい，美術を通した国際理解を深め，美術文化の継承と創造への関心を高めること。,73A02B3213000000
美術,1042,〔共通事項〕,73A02B3300000000
美術,1043,(1) 「Ａ表現」及び「Ｂ鑑賞」の指導を通して，次の事項を指導する。,73A02B3310000000
美術,1044,ア　形や色彩，材料，光などの性質や，それらがもたらす感情を理解すること。,73A02B3311000000
美術,1045,イ　形や色彩の特徴などを基に，対象のイメージをとらえること。,73A02B3312000000
美術,1046,第３　指導計画の作成と内容の取扱い,73A0300000000000
美術,1047,１　指導計画の作成に当たっては，次の事項に配慮するものとする。,73A0300100000000
美術,1048,(1) 第２の各学年の内容の「Ａ表現」及び「Ｂ鑑賞」の指導については相互の関連を図るようにすること。,73A0300110000000
美術,1049,(2) 第２の各学年の内容の〔共通事項〕は表現及び鑑賞に関する能力を育成する上で共通に必要となるものであり，表現及び鑑賞の各活動において十分な指導が行われるよう工夫すること。,73A0300120000000
美術,1050,(3) 第２の各学年の内容の「Ａ表現」については，(1)及び(2)と，(3)は原則として関連付けて行い，(1)及び(2)それぞれにおいて描く活動とつくる活動のいずれも経験させるようにすること。その際，第２学年及び第３学年の各学年においては，(1)及び(2)それぞれにおいて，描く活動とつくる活動のいずれかを選択して扱うことができることとし，２学年間を通して描く活動とつくる活動が調和的に行えるようにすること。,73A0300130000000
美術,1051,(4) 第２の内容の「Ｂ鑑賞」の指導については，各学年とも適切かつ十分な授業時数を確保すること。,73A0300140000000
美術,1052,(5) 第１章総則の第１の２に示す道徳教育の目標に基づき，道徳科などとの関連を考慮しながら，第３章特別の教科道徳の第２に示す内容について，美術科の特質に応じて適切な指導をすること。,73A0300150000001
美術,1053, ２  第２の内容の指導については，次の事項に配慮するものとする。,73A0300200000000
美術,1054,(1) 各学年の「Ａ表現」の指導に当たっては，生徒の学習経験や能力，発達特性等の実態を踏まえ，生徒が自分の表現意図に合う表現形式や技法，材料などを選択し創意工夫して表現できるように，次の事項に配慮すること。,73A0300210000000
美術,1055,ア  見る力や感じ取る力，考える力，描く力などを育成するために，スケッチの学習を効果的に取り入れるようにすること。,73A0300211000000
美術,1056,イ  美術の表現の可能性を広げるために，写真・ビデオ・コンピュータ等の映像メディアの積極的な活用を図るようにすること。,73A0300212000000
美術,1057,ウ　日本及び諸外国の作品の独特な表現形式，漫画やイラストレーション，図などの多様な表現方法を活用できるようにすること。,73A0300213000000
美術,1058,エ  表現の材料や題材などについては，地域の身近なものや伝統的なものも取り上げるようにすること。,73A0300214000000
美術,1059,(2) 各学年の「Ｂ鑑賞」の題材については，日本及び諸外国の児童生徒の作品，アジアの文化遺産についても取り上げるとともに，美術館・博物館等の施設や文化財などを積極的に活用するようにすること。,73A0300220000000
美術,1060,(3) 主題を生み出すことから表現の確認及び完成に至る全過程を通して，生徒が夢と目標をもち，自分のよさを発見し喜びをもって自己実現を果たしていく態度の形成を図るようにすること。,73A0300230000000
美術,1061,(4) 互いの個性を生かし合い協力して創造する喜びを味わわせるため，適切な機会を選び共同で行う創造活動を経験させること。また，各表現の完成段階で作品を発表し合い，互いの表現のよさや個性などを認め尊重し合う活動をするようにすること。,73A0300240000000
美術,1062,(5) 美術に関する知的財産権や肖像権などについて配慮し，自己や他者の創造物等を尊重する態度の形成を図るようにすること。,73A0300250000000
美術,1063,３  事故防止のため，特に，刃物類，塗料，器具などの使い方の指導と保管，活動場所における安全指導などを徹底するものとする。,73A0300300000000
美術,1064,４  生徒が随時鑑賞に親しむことができるよう，校内の適切な場所に鑑賞作品などを展示するとともに，生徒や学校の実態に応じて，学校図書館等における鑑賞用図書，映像資料などの活用を図るものとする。,73A0300400000000
保健体育,1065,第７節　保健体育,73G0000000000000
保健体育,1066,"第１　目標
　心と体を一体としてとらえ，運動や健康・安全についての理解と運動の合理的な実践を通して，生涯にわたって運動に親しむ資質や能力を育てるとともに健康の保持増進のための実践力の育成と体力の向上を図り，明るく豊かな生活を営む態度を育てる。",73G0100000000000
保健体育,1067,第２　各分野の目標及び内容,73G0200000000000
保健体育,1068,〔体育分野　第１学年及び第２学年〕,73G12A0000000000
保健体育,1069,１　目標,73G12A2000000000
保健体育,1070,(1) 運動の合理的な実践を通して，運動の楽しさや喜びを味わうことができるようにするとともに，知識や技能を身に付け，運動を豊かに実践することができるようにする。,73G12A2100000000
保健体育,1071,(2) 運動を適切に行うことによって，体力を高め，心身の調和的発達を図る。,73G12A2200000000
保健体育,1072,(3) 運動における競争や協同の経験を通して，公正に取り組む，互いに協力する，自己の役割を果たすなどの意欲を育てるとともに，健康・安全に留意し，自己の最善を尽くして運動をする態度を育てる。,73G12A2300000000
保健体育,1073,２　内容,73G12A3000000000
保健体育,1074,Ａ  体つくり運動,73G12A3100000000
保健体育,1075,(1) 次の運動を通して，体を動かす楽しさや心地よさを味わい，体力を高め，目的に適した運動を身に付け，組み合わせることができるようにする。,73G12A3110000000
保健体育,1076,ア　体ほぐしの運動では，心と体の関係に気付き，体の調子を整え，仲間と交流するための手軽な運動や律動的な運動を行うこと。,73G12A3111000000
保健体育,1077,イ　体力を高める運動では，ねらいに応じて，体の柔らかさ，巧みな動き，力強い動き，動きを持続する能力を高めるための運動を行うとともに，それらを組み合わせて運動の計画に取り組むこと。,73G12A3112000000
保健体育,1078,(2) 体つくり運動に積極的に取り組むとともに，分担した役割を果たそうとすることなどや，健康・安全に気を配ることができるようにする。,73G12A3120000000
保健体育,1079,(3) 体つくり運動の意義と行い方，運動の計画の立て方などを理解し，課題に応じた運動の取り組み方を工夫できるようにする。,73G12A3130000000
保健体育,1080,Ｂ  器械運動,73G12A3200000000
保健体育,1081,(1) 次の運動について，技ができる楽しさや喜びを味わい，その技がよりよくできるようにする。,73G12A3210000000
保健体育,1082,ア  マット運動では，回転系や巧技系の基本的な技を滑らかに行うこと，条件を変えた技，発展技を行うこと，それらを組み合わせること。,73G12A3211000000
保健体育,1083,イ  鉄棒運動では，支持系や懸垂系の基本的な技を滑らかに行うこと，条件を変えた技，発展技を行うこと，それらを組み合わせること。,73G12A3212000000
保健体育,1084,ウ  平均台運動では，体操系やバランス系の基本的な技を滑らかに行うこと，条件を変えた技，発展技を行うこと，それらを組み合わせること。,73G12A3213000000
保健体育,1085,エ　跳び箱運動では，切り返し系や回転系の基本的な技を滑らかに行うこと，条件を変えた技，発展技を行うこと。,73G12A3214000000
保健体育,1086,(2) 器械運動に積極的に取り組むとともに，よい演技を認めようとすること，分担した役割を果たそうとすることなどや，健康・安全に気を配ることができるようにする。,73G12A3220000000
保健体育,1087,(3) 器械運動の特性や成り立ち，技の名称や行い方，関連して高まる体力などを理解し，課題に応じた運動の取り組み方を工夫できるようにする。,73G12A3230000000
保健体育,1088,Ｃ　陸上競技,73G12A3300000000
保健体育,1089,(1) 次の運動について，記録の向上や競争の楽しさや喜びを味わい，基本的な動きや効率のよい動きを身に付けることができるようにする。,73G12A3310000000
保健体育,1090,ア  短距離走・リレーでは，滑らかな動きで速く走ること，長距離走では，ペースを守り一定の距離を走ること，ハードル走では，リズミカルな走りから滑らかにハードルを越すこと。,73G12A3311000000
保健体育,1091,イ  走り幅跳びでは，スピードに乗った助走から素早く踏み切って跳ぶこと，走り高跳びでは，リズミカルな助走から力強く踏み切って大きな動作で跳ぶこと。,73G12A3312000000
保健体育,1092,(2) 陸上競技に積極的に取り組むとともに，勝敗などを認め，ルールやマナーを守ろうとすること，分担した役割を果たそうとすることなどや，健康・安全に気を配ることができるようにする。,73G12A3320000000
保健体育,1093,(3) 陸上競技の特性や成り立ち，技術の名称や行い方，関連して高まる体力などを理解し，課題に応じた運動の取り組み方を工夫できるようにする。,73G12A3330000000
保健体育,1094,Ｄ  水泳,73G12A3400000000
保健体育,1095,(1) 次の運動について，記録の向上や競争の楽しさや喜びを味わい，泳法を身に付けることができるようにする。,73G12A3410000000
保健体育,1096,ア  クロールでは，手と足，呼吸のバランスをとり速く泳ぐこと。,73G12A3411000000
保健体育,1097,イ  平泳ぎでは，手と足，呼吸のバランスをとり長く泳ぐこと。,73G12A3412000000
保健体育,1098,ウ  背泳ぎでは，手と足，呼吸のバランスをとり泳ぐこと。,73G12A3413000000
保健体育,1099,エ　バタフライでは，手と足，呼吸のバランスをとり泳ぐこと。,73G12A3414000000
保健体育,1100,(2) 水泳に積極的に取り組むとともに，勝敗などを認め，ルールやマナーを守ろうとすること，分担した役割を果たそうとすることなどや，水泳の事故防止に関する心得など健康・安全に気を配ることができるようにする。,73G12A3420000000
保健体育,1101,(3) 水泳の特性や成り立ち，技術の名称や行い方，関連して高まる体力などを理解し，課題に応じた運動の取り組み方を工夫できるようにする。,73G12A3430000000
保健体育,1102,Ｅ  球技,73G12A3500000000
保健体育,1103,(1) 次の運動について，勝敗を競う楽しさや喜びを味わい，基本的な技能や仲間と連携した動きでゲームが展開できるようにする。,73G12A3510000000
保健体育,1104,ア　ゴール型では，ボール操作と空間に走り込むなどの動きによってゴール前での攻防を展開すること。,73G12A3511000000
保健体育,1105,イ　ネット型では，ボールや用具の操作と定位置に戻るなどの動きによって空いた場所をめぐる攻防を展開すること。,73G12A3512000000
保健体育,1106,ウ　ベースボール型では，基本的なバット操作と走塁での攻撃，ボール操作と定位置での守備などによって攻防を展開すること。,73G12A3513000000
保健体育,1107,(2) 球技に積極的に取り組むとともに，フェアなプレイを守ろうとすること，分担した役割を果たそうとすること，作戦などについての話合いに参加しようとすることなどや，健康・安全に気を配ることができるようにする。,73G12A3520000000
保健体育,1108,(3) 球技の特性や成り立ち，技術の名称や行い方，関連して高まる体力などを理解し，課題に応じた運動の取り組み方を工夫できるようにする。,73G12A3530000000
保健体育,1109,Ｆ  武道,73G12A3600000000
保健体育,1110,(1) 次の運動について，技ができる楽しさや喜びを味わい，基本動作や基本となる技ができるようにする。,73G12A3610000000
保健体育,1111,ア  柔道では，相手の動きに応じた基本動作から，基本となる技を用いて，投げたり抑えたりするなどの攻防を展開すること。,73G12A3611000000
保健体育,1112,イ  剣道では，相手の動きに応じた基本動作から，基本となる技を用いて，打ったり受けたりするなどの攻防を展開すること。,73G12A3612000000
保健体育,1113,ウ  相撲では，相手の動きに応じた基本動作から，基本となる技を用いて，押したり寄ったりするなどの攻防を展開すること。,73G12A3613000000
保健体育,1114,(2) 武道に積極的に取り組むとともに，相手を尊重し，伝統的な行動の仕方を守ろうとすること，分担した役割を果たそうとすることなどや，禁じ技を用いないなど健康・安全に気を配ることができるようにする。,73G12A3620000000
保健体育,1115,(3) 武道の特性や成り立ち，伝統的な考え方，技の名称や行い方，関連して高まる体力などを理解し，課題に応じた運動の取り組み方を工夫できるようにする。,73G12A3630000000
保健体育,1116,Ｇ  ダンス,73G12A3700000000
保健体育,1117,(1) 次の運動について，感じを込めて踊ったりみんなで踊ったりする楽しさや喜びを味わい，イメージをとらえた表現や踊りを通した交流ができるようにする。,73G12A3710000000
保健体育,1118,ア  創作ダンスでは，多様なテーマから表したいイメージをとらえ，動きに変化を付けて即興的に表現したり，変化のあるひとまとまりの表現にしたりして踊ること。,73G12A3711000000
保健体育,1119,イ  フォークダンスでは，踊り方の特徴をとらえ，音楽に合わせて特徴的なステップや動きで踊ること。,73G12A3712000000
保健体育,1120,ウ  現代的なリズムのダンスでは，リズムの特徴をとらえ，変化のある動きを組み合わせて，リズムに乗って全身で踊ること。,73G12A3713000000
保健体育,1121,(2) ダンスに積極的に取り組むとともに，よさを認め合おうとすること，分担した役割を果たそうとすることなどや，健康・安全に気を配ることができるようにする。,73G12A3720000000
保健体育,1122,(3) ダンスの特性，踊りの由来と表現の仕方，関連して高まる体力などを理解し，課題に応じた運動の取り組み方を工夫できるようにする。,73G12A3730000000
保健体育,1123,Ｈ　体育理論 ,73G12A3800000000
保健体育,1124,(1) 運動やスポーツが多様であることについて理解できるようにする。,73G1213810000000
保健体育,1125,ア　運動やスポーツは，体を動かしたり，健康を維持したりするなどの必要性や，競技に応じた力を試すなどの楽しさから生みだされ発展してきたこと。,73G1213811000000
保健体育,1126,イ　運動やスポーツには，行うこと，見ること，支えることなどの多様なかかわり方があること。,73G1213812000000
保健体育,1127,ウ　運動やスポーツには，特有の技術や戦術があり，その学び方には一定の方法があること。,73G1213813000000
保健体育,1128,(2) 運動やスポーツの意義や効果などについて理解できるようにする。,73G1223820000000
保健体育,1129,ア　運動やスポーツは，身体の発達やその機能の維持，体力の向上などの効果や自信の獲得，ストレスの解消などの心理的効果が期待できること。,73G1223821000000
保健体育,1130,イ　運動やスポーツは，ルールやマナーについて合意したり，適切な人間関係を築いたりするなどの社会性を高める効果が期待できること。,73G1223822000000
保健体育,1131,ウ　運動やスポーツを行う際は，その特性や目的，発達の段階や体調などを踏まえて運動を選ぶなど，健康・安全に留意する必要があること。,73G1223823000000
保健体育,1132,〔体育分野　第３学年〕,73G1230000000000
保健体育,1133,１　目標,73G1232000000000
保健体育,1134,(1) 運動の合理的な実践を通して，運動の楽しさや喜びを味わうとともに，知識や技能を高め，生涯にわたって運動を豊かに実践することができるようにする。,73G1232100000000
保健体育,1135,(2) 運動を適切に行うことによって，自己の状況に応じて体力の向上を図る能力を育て，心身の調和的発達を図る。,73G1232200000000
保健体育,1136,(3) 運動における競争や協同の経験を通して，公正に取り組む，互いに協力する，自己の責任を果たす，参画するなどの意欲を育てるとともに，健康・安全を確保して，生涯にわたって運動に親しむ態度を育てる。,73G1232300000000
保健体育,1137,２　内容,73G1233000000000
保健体育,1138,Ａ  体つくり運動,73G1233100000000
保健体育,1139,(1) 次の運動を通して，体を動かす楽しさや心地よさを味わい，健康の保持増進や体力の向上を図り，目的に適した運動の計画を立て取り組むことができるようにする。,73G1233110000000
保健体育,1140,ア　体ほぐしの運動では，心と体は互いに影響し変化することに気付き，体の状態に応じて体の調子を整え，仲間と積極的に交流するための手軽な運動や律動的な運動を行うこと。,73G1233111000000
保健体育,1141,イ　体力を高める運動では，ねらいに応じて，健康の保持増進や調和のとれた体力の向上を図るための運動の計画を立て取り組むこと。,73G1233112000000
保健体育,1142,(2) 体つくり運動に自主的に取り組むとともに，体力の違いに配慮しようとすること，自己の責任を果たそうとすることなどや，健康・安全を確保することができるようにする。,73G1233120000000
保健体育,1143,(3) 運動を継続する意義，体の構造，運動の原則などを理解し，自己の課題に応じた運動の取り組み方を工夫できるようにする。,73G1233130000000
保健体育,1144,Ｂ  器械運動,73G1233200000000
保健体育,1145,(1) 次の運動について，技ができる楽しさや喜びを味わい，自己に適した技で演技することができるようにする。,73G1233210000000
保健体育,1146,ア  マット運動では，回転系や巧技系の基本的な技を滑らかに安定して行うこと，条件を変えた技，発展技を行うこと，それらを構成し演技すること。,73G1233211000000
保健体育,1147,イ  鉄棒運動では，支持系や懸垂系の基本的な技を滑らかに安定して行うこと，条件を変えた技，発展技を行うこと，それらを構成し演技すること。,73G1233212000000
保健体育,1148,ウ  平均台運動では，体操系やバランス系の基本的な技を滑らかに安定して行うこと，条件を変えた技，発展技を行うこと，それらを構成し演技すること。,73G1233213000000
保健体育,1149,エ　跳び箱運動では，切り返し系や回転系の基本的な技を滑らかに安定して行うこと，条件を変えた技，発展技を行うこと。,73G1233214000000
保健体育,1150,(2) 器械運動に自主的に取り組むとともに，よい演技を讃《たた》えようとすること，自己の責任を果たそうとすることなどや，健康・安全を確保することができるようにする。,73G1233220000000
保健体育,1151,(3) 技の名称や行い方，体力の高め方，運動観察の方法などを理解し，自己の課題に応じた運動の取り組み方を工夫できるようにする。,73G1233230000000
保健体育,1152,Ｃ  陸上競技,73G1233300000000
保健体育,1153,(1) 次の運動について，記録の向上や競争の楽しさや喜びを味わい，各種目特有の技能を身に付けることができるようにする。,73G1233310000000
保健体育,1154,ア  短距離走・リレーでは，中間走へのつなぎを滑らかにするなどして速く走ること，長距離走では，自己に適したペースを維持して走ること，ハードル走では，スピードを維持した走りからハードルを低く越すこと。,73G1233311000000
保健体育,1155,イ  走り幅跳びでは，スピードに乗った助走から力強く踏み切って跳ぶこと，走り高跳びでは，リズミカルな助走から力強く踏み切り滑らかな空間動作で跳ぶこと。,73G1233312000000
保健体育,1156,(2) 陸上競技に自主的に取り組むとともに，勝敗などを冷静に受け止め，ルールやマナーを大切にしようとすること，自己の責任を果たそうとすることなどや，健康・安全を確保することができるようにする。,73G1233320000000
保健体育,1157,(3) 技術の名称や行い方，体力の高め方，運動観察の方法などを理解し，自己の課題に応じた運動の取り組み方を工夫できるようにする。,73G1233330000000
保健体育,1158,Ｄ  水泳,73G1233400000000
保健体育,1159,(1) 次の運動について，記録の向上や競争の楽しさや喜びを味わい，効率的に泳ぐことができるようにする。,73G1233410000000
保健体育,1160,ア  クロールでは，手と足，呼吸のバランスを保ち，安定したペースで長く泳いだり速く泳いだりすること。,73G1233411000000
保健体育,1161,イ  平泳ぎでは，手と足，呼吸のバランスを保ち，安定したペースで長く泳いだり速く泳いだりすること。,73G1233412000000
保健体育,1162,ウ  背泳ぎでは，手と足，呼吸のバランスを保ち，安定したペースで泳ぐこと。,73G1233413000000
保健体育,1163,エ　バタフライでは，手と足，呼吸のバランスを保ち，安定したペースで泳ぐこと。,73G1233414000000
保健体育,1164,オ　複数の泳法で泳ぐこと，又はリレーをすること。,73G1233415000000
保健体育,1165,(2) 水泳に自主的に取り組むとともに，勝敗などを冷静に受け止め，ルールやマナーを大切にしようとすること，自己の責任を果たそうとすることなどや，水泳の事故防止に関する心得など健康・安全を確保することができるようにする。,73G1233420000000
保健体育,1166,(3) 技術の名称や行い方，体力の高め方，運動観察の方法などを理解し，自己の課題に応じた運動の取り組み方を工夫できるようにする。,73G1233430000000
保健体育,1167,Ｅ  球技,73G1233500000000
保健体育,1168,(1) 次の運動について，勝敗を競う楽しさや喜びを味わい，作戦に応じた技能で仲間と連携しゲームが展開できるようにする。,73G1233510000000
保健体育,1169,ア　ゴール型では，安定したボール操作と空間を作りだすなどの動きによってゴール前への侵入などから攻防を展開すること。,73G1233511000000
保健体育,1170,イ　ネット型では，役割に応じたボール操作や安定した用具の操作と連携した動きによって空いた場所をめぐる攻防を展開すること。,73G1233512000000
保健体育,1171,ウ　ベースボール型では，安定したバット操作と走塁での攻撃，ボール操作，連携した守備などによって攻防を展開すること。,73G1233513000000
保健体育,1172,(2) 球技に自主的に取り組むとともに，フェアなプレイを大切にしようとすること，自己の責任を果たそうとすること，作戦などについての話合いに貢献しようとすることなどや，健康・安全を確保することができるようにする。,73G1233520000000
保健体育,1173,(3) 技術の名称や行い方，体力の高め方，運動観察の方法などを理解し，自己の課題に応じた運動の取り組み方を工夫できるようにする。,73G1233530000000
保健体育,1174,Ｆ  武道,73G1233600000000
保健体育,1175,(1) 次の運動について，技を高め勝敗を競う楽しさや喜びを味わい，得意技を身に付けることができるようにする。,73G1233610000000
保健体育,1176,ア  柔道では，相手の動きの変化に応じた基本動作から，基本となる技，得意技や連絡技を用いて，相手を崩して投げたり，抑えたりするなどの攻防を展開すること。,73G1233611000000
保健体育,1177,イ  剣道では，相手の動きの変化に応じた基本動作から，基本となる技や得意技を用いて，相手の構えを崩し，しかけたり応じたりするなどの攻防を展開すること。,73G1233612000000
保健体育,1178,ウ  相撲では，相手の動きの変化に応じた基本動作から，基本となる技や得意技を用いて，相手を崩し，投げたりひねったりするなどの攻防を展開すること。,73G1233613000000
保健体育,1179,(2) 武道に自主的に取り組むとともに，相手を尊重し，伝統的な行動の仕方を大切にしようとすること，自己の責任を果たそうとすることなどや，健康・安全を確保することができるようにする。,73G1233620000000
保健体育,1180,(3) 伝統的な考え方，技の名称や見取り稽《けい》古の仕方，体力の高め方，運動観察の方法などを理解し，自己の課題に応じた運動の取り組み方を工夫できるようにする。,73G1233630000000
保健体育,1181,Ｇ  ダンス,73G1233700000000
保健体育,1182,(1) 次の運動について，感じを込めて踊ったり，みんなで自由に踊ったりする楽しさや喜びを味わい，イメージを深めた表現や踊りを通した交流や発表ができるようにする。,73G1233710000000
保健体育,1183,ア  創作ダンスでは，表したいテーマにふさわしいイメージをとらえ，個や群で，緩急強弱のある動きや空間の使い方で変化をつけて即興的に表現したり，簡単な作品にまとめたりして踊ること。,73G1233711000000
保健体育,1184,イ  フォークダンスでは，踊り方の特徴をとらえ，音楽に合わせて特徴的なステップや動きと組み方で踊ること。,73G1233712000000
保健体育,1185,ウ  現代的なリズムのダンスでは，リズムの特徴をとらえ，変化とまとまりを付けて，リズムに乗って全身で踊ること。,73G1233713000000
保健体育,1186,(2) ダンスに自主的に取り組むとともに，互いの違いやよさを認め合おうとすること，自己の責任を果たそうとすることなどや，健康・安全を確保することができるようにする。,73G1233720000000
保健体育,1187,(3) ダンスの名称や用語，踊りの特徴と表現の仕方，体力の高め方，交流や発表の仕方などを理解し，自己の課題に応じた運動の取り組み方を工夫できるようにする。,73G1233730000000
保健体育,1188,Ｈ　体育理論,73G1233800000000
保健体育,1189,(1) 文化としてのスポーツの意義について理解できるようにする。,73G1233810000000
保健体育,1190,ア　スポーツは文化的な生活を営み，よりよく生きていくために重要であること。,73G1233811000000
保健体育,1191,イ　オリンピックや国際的なスポーツ大会などは，国際親善や世界平和に大きな役割を果たしていること。,73G1233812000000
保健体育,1192,ウ　スポーツは，民族や国，人種や性，障害の違いなどを超えて人々を結び付けていること。,73G1233813000000
保健体育,1193,〔内容の取扱い〕,73G1205000000000
保健体育,1194,(1) 内容の各領域については，次のとおり取り扱うものとする。,73G1205100000000
保健体育,1195,ア　第１学年及び第２学年においては，「Ａ体つくり運動」から「Ｈ体育理論」までについては，すべての生徒に履修させること。その際，「Ａ体つくり運動」及び「Ｈ体育理論」については，２学年にわたって履修させること。,73G12A5110000000
保健体育,1196,イ　第３学年においては，「Ａ体つくり運動」及び「Ｈ体育理論」については，すべての生徒に履修させること。「Ｂ器械運動」，「Ｃ 陸上競技」，「Ｄ水泳」及び「Ｇダンス」についてはこれらの中から一以上を，「Ｅ球技」及び「Ｆ武道」についてはこれらの中から一以上をそれぞれ選択して履修できるようにすること。,73G1235120000000
保健体育,1197,(2) 内容の「Ａ体つくり運動」から「Ｈ体育理論」までに示す事項については，次のとおり取り扱うものとする。,73G1205200000000
保健体育,1198,ア　「Ａ体つくり運動」の(1)のアの運動については，「Ｂ器械運動」から「Ｇダンス」までにおいても関連を図って指導することができるとともに，心の健康など保健分野との関連を図ること。また，「Ａ体つくり運動」の(1)のイの運動については，第１学年及び第２学年においては，動きを持続する能力を高めるための運動に重点を置いて指導することができるが，調和のとれた体力を高めることに留意すること。第３学年においては，日常的に取り組める運動例を取り上げるなど指導方法の工夫を図ること。,73G1205210000000
保健体育,1199,イ　「Ｂ器械運動」の(1)の運動については，第１学年及び第２学年においては，アからエまでの中からアを含む二を選択して履修できるようにすること。第３学年においては，アからエまでの中から選択して履修できるようにすること。,73G1205220000000
保健体育,1200,ウ　「Ｃ陸上競技」の(1)の運動については，ア及びイに示すそれぞれの運動の中から選択して履修できるようにすること。,73G1205230000000
保健体育,1201,エ　「Ｄ水泳」の(1)の運動については，第１学年及び第２学年においては，アからエまでの中からア又はイのいずれかを含む二を選択して履修できるようにすること。第３学年においては，アからオまでの中から選択して履修できるようにすること。また，泳法との関連において水中からのスタート及びターンを取り上げること。なお，水泳の指導については，適切な水泳場の確保が困難な場合にはこれを扱わないことができるが，水泳の事故防止に関する心得については，必ず取り上げること。また，保健分野の応急手当との関連を図ること。,73G1205240000000
保健体育,1202,オ　「Ｅ球技」の(1)の運動については，第１学年及び第２学年においては，アからウまでをすべての生徒に履修させること。第３学年においては，アからウまでの中から二を選択して履修できるようにすること。また，アについては，バスケットボール，ハンドボール，サッカーの中から，イについては，バレーボール，卓球，テニス，バドミントンの中から，ウについては，ソフトボールを適宜取り上げることとし，地域や学校の実態に応じて，その他の運動についても履修させることができること。なお，ウの実施に当たり，十分な広さの運動場の確保が難しい場合は指導方法を工夫して行うこと。,73G1205250000000
保健体育,1203,カ　「Ｆ武道」の(1)の運動については，アからウまでの中から一を選択して履修できるようにすること。なお，地域や学校の実態に応じて，なぎなたなどのその他の武道についても履修させることができること。また，武道場などの確保が難しい場合は指導方法を工夫して行うとともに，学習段階や個人差を踏まえ，段階的な指導を行うなど安全の確保に十分留意すること。,73G1205260000000
保健体育,1204,キ　「Ｇダンス」の(1)の運動については，アからウまでの中から選択して履修できるようにすること。なお，地域や学校の実態に応じて，その他のダンスについても履修させることができること。,73G1205270000000
保健体育,1205,ク　第１学年及び第２学年の内容の「Ｈ体育理論」については，(1)は第１学年，(2)は第２学年で取り上げること。,73G12A5280000000
保健体育,1206,(3) 内容の「Ａ体つくり運動」から「Ｇダンス」までの領域及び運動の選択並びにその指導に当たっては，地域や学校の実態及び生徒の特性等を考慮するものとする。その際，指導に当たっては，内容の「Ｂ器械運動」から「Ｇダンス」までの領域については，それぞれの運動の特性に触れるために必要な体力を生徒自ら高めるように留意するものとする。,73G1205300000000
保健体育,1207,(4) 自然とのかかわりの深いスキー，スケートや水辺活動などの指導については，地域や学校の実態に応じて積極的に行うことに留意するものとする。,73G1205400000000
保健体育,1208,(5) 集合，整頓《とん》，列の増減，方向変換などの行動の仕方を身に付け，能率的で安全な集団としての行動ができるようにするための指導については，内容の「Ａ体つくり運動」から「Ｇダンス」までの領域において適切に行うものとする。,73G1205500000000
保健体育,1209,〔保健分野〕,73G2200000000000
保健体育,1210,"１　目標
　個人生活における健康・安全に関する理解を通して，生涯を通じて自らの健康を適切に管理し，改善していく資質や能力を育てる。",73G2202000000000
保健体育,1211,２　内容,73G2203000000000
保健体育,1212,(1) 心身の機能の発達と心の健康について理解できるようにする。,73G2213100000000
保健体育,1213,ア　身体には，多くの器官が発育し，それに伴い，様々な機能が発達する時期があること。また，発育・発達の時期やその程度には，個人差があること。,73G2213110000000
保健体育,1214,イ　思春期には，内分泌の働きによって生殖にかかわる機能が成熟すること。また，成熟に伴う変化に対応した適切な行動が必要となること。,73G2213120000000
保健体育,1215,ウ　知的機能，情意機能，社会性などの精神機能は，生活経験などの影響を受けて発達すること。また，思春期においては，自己の認識が深まり，自己形成がなされること。,73G2213130000000
保健体育,1216,"エ  精神と身体は，相互に影響を与え，かかわっていること。
　　欲求やストレスは，心身に影響を与えることがあること。また，心の健康を保つには，欲求やストレスに適切に対処する必要があること。",73G2213140000000
保健体育,1217,(2) 健康と環境について理解できるようにする。,73G2223200000000
保健体育,1218,ア　身体には，環境に対してある程度まで適応能力があること。身体の適応能力を超えた環境は，健康に影響を及ぼすことがあること。また，快適で能率のよい生活を送るための温度，湿度や明るさには一定の範囲があること。,73G2223210000000
保健体育,1219,イ  飲料水や空気は，健康と密接なかかわりがあること。また，飲料水や空気を衛生的に保つには，基準に適合するよう管理する必要があること。,73G2223220000000
保健体育,1220,ウ　人間の生活によって生じた廃棄物は，環境の保全に十分配慮し，環境を汚染しないように衛生的に処理する必要があること。,73G2223230000000
保健体育,1221,(3) 傷害の防止について理解を深めることができるようにする。,73G2223300000000
保健体育,1222,ア　交通事故や自然災害などによる傷害は，人的要因や環境要因などがかかわって発生すること。,73G2223310000000
保健体育,1223,イ  交通事故などによる傷害の多くは，安全な行動，環境の改善によって防止できること。,73G2223320000000
保健体育,1224,ウ  自然災害による傷害は，災害発生時だけでなく，二次災害によっても生じること。また，自然災害による傷害の多くは，災害に備えておくこと，安全に避難することによって防止できること。,73G2223330000000
保健体育,1225,エ  応急手当を適切に行うことによって，傷害の悪化を防止することができること。また，応急手当には，心肺蘇《そ》生等があること。,73G2223340000000
保健体育,1226,(4) 健康な生活と疾病の予防について理解を深めることができるようにする。,73G2233400000000
保健体育,1227,ア　健康は，主体と環境の相互作用の下に成り立っていること。また，疾病は，主体の要因と環境の要因がかかわり合って発生すること。　,73G2233410000000
保健体育,1228,イ  健康の保持増進には，年齢，生活環境等に応じた食事，運動，休養及び睡眠の調和のとれた生活を続ける必要があること。また，食事の量や質の偏り，運動不足，休養や睡眠の不足などの生活習慣の乱れは，生活習慣病などの要因となること。,73G2233420000000
保健体育,1229,ウ　喫煙，飲酒，薬物乱用などの行為は，心身に様々な影響を与え，健康を損なう原因となること。また，これらの行為には，個人の心理状態や人間関係，社会環境が影響することから，それぞれの要因に適切に対処する必要があること。,73G2233430000000
保健体育,1230,エ　感染症は，病原体が主な要因となって発生すること。また，感染症の多くは，発生源をなくすこと，感染経路を遮断すること，主体の抵抗力を高めることによって予防できること。,73G2233440000000
保健体育,1231,オ　健康の保持増進や疾病の予防には，保健・医療機関を有効に利用することがあること。また，医薬品は，正しく使用すること。,73G2233450000000
保健体育,1232,カ　個人の健康は，健康を保持増進するための社会の取組と密接なかかわりがあること。,73G2233460000000
保健体育,1233,３　内容の取扱い,73G2205000000000
保健体育,1234,(1) 内容の(1)は第１学年，内容の(2)及び(3)は第２学年，内容の(4)は第３学年で取り扱うものとする。,73G2205100000000
保健体育,1235,(2) 内容の(1)のアについては，呼吸器，循環器を中心に取り扱うものとする。　,73G2215200000000
保健体育,1236,(3) 内容の(1)のイについては，妊娠や出産が可能となるような成熟が始まるという観点から，受精・妊娠までを取り扱うものとし，妊娠の経過は取り扱わないものとする。また，身体の機能の成熟とともに，性衝動が生じたり，異性への関心が高まったりすることなどから，異性の尊重，情報への適切な対処や行動の選択が必要となることについて取り扱うものとする。,73G2215300000000
保健体育,1237,(4) 内容の(1)のエについては，体育分野の内容の「Ａ体つくり運動」の(1)のアの指導との関連を図って指導するものとする。　,73G2215400000000
保健体育,1238,(5) 内容の(2)については，地域の実態に即して公害と健康との関係を取り扱うことも配慮するものとする。また，生態系については，取り扱わないものとする。,73G2225500000000
保健体育,1239,(6) 内容の(3)のエについては，包帯法，止血法など傷害時の応急手当も取り扱い，実習を行うものとする。また，効果的な指導を行うため，水泳など体育分野の内容との関連を図るものとする。　,73G2225600000000
保健体育,1240,(7) 内容の(4)のイについては，食育の観点も踏まえつつ健康的な生活習慣の形成に結び付くよう配慮するとともに，必要に応じて，コンピュータなどの情報機器の使用と健康とのかかわりについて取り扱うことも配慮するものとする。,73G2235700000000
保健体育,1241,(8) 内容の(4)のウについては，心身への急性影響及び依存性について取り扱うこと。また，薬物は，覚せい剤や大麻等を取り扱うものとする。,73G2235800000000
保健体育,1242,(9) 内容の(4)のエについては，後天性免疫不全症候群（エイズ）及び性感染症についても取り扱うものとする。,73G2235900000000
保健体育,1243,(10)　保健分野の指導に際しては，知識を活用する学習活動を取り入れるなどの指導方法の工夫を行うものとする。,73G2205A00000000
保健体育,1244,第３　指導計画の作成と内容の取扱い,73G0300000000000
保健体育,1245, １　指導計画の作成に当たっては，次の事項に配慮するものとする。,73G0300100000000
保健体育,1246,(1) 授業時数の配当については，次のとおり取り扱うこと。,73G0300110000000
保健体育,1247,ア　保健分野の授業時数は，３学年間で，48単位時間程度を配当すること。,73G0300111000000
保健体育,1248,イ  体育分野の授業時数は，各学年にわたって適切に配当すること。その際，体育分野の内容の「Ａ体つくり運動」については，各学年で７単位時間以上を，「Ｈ体育理論」については，各学年で３単位時間以上を配当すること。,73G0300112000000
保健体育,1249,ウ  体育分野の内容の「Ｂ器械運動」から「Ｇダンス」までの領域の授業時数は，その内容の習熟を図ることができるよう考慮して配当すること。,73G0300113000000
保健体育,1250,エ　保健分野の授業時数は，３学年間を通して適切に配当し，各学年において効果的な学習が行われるよう適切な時期にある程度まとまった時間を配当すること。,73G0300114000000
保健体育,1251,(2) 第１章総則第１の３に示す学校における体育・健康に関する指導の趣旨を生かし，特別活動，運動部の活動などとの関連を図り，日常生活における体育・健康に関する活動が適切かつ継続的に実践できるよう留意すること。なお，体力の測定については，計画的に実施し，運動の指導及び体力の向上に活用するようにすること。,73G0300120000000
保健体育,1252,(3) 第１章総則の第１の２に示す道徳教育の目標に基づき，道徳科などとの関連を考慮しながら，第３章特別の教科道徳の第２に示す内容について，保健体育科の特質に応じて適切な指導をすること。,73G0300130000001
技術・家庭,1253,第８節　技術・家庭,73C0000000000000
技術・家庭,1254,"第１　目標
　生活に必要な基礎的・基本的な知識及び技術の習得を通して，生活と技術とのかかわりについて理解を深め，進んで生活を工夫し創造する能力と実践的な態度を育てる。",73C0100000000000
技術・家庭,1255,第２　各分野の目標及び内容,73C0200000000000
技術・家庭,1256,〔技術分野〕,73C1200000000000
技術・家庭,1257,"１　目標
　ものづくりなどの実践的・体験的な学習活動を通して，材料と加工，エネルギー変換，生物育成及び情報に関する基礎的・基本的な知識及び技術を習得するとともに，技術と社会や環境とのかかわりについて理解を深め，技術を適切に評価し活用する能力と態度を育てる。",73C1202000000000
技術・家庭,1258,２　内容,73C1203000000000
技術・家庭,1259,Ａ　材料と加工に関する技術,73C1203100000000
技術・家庭,1260,(1) 生活や産業の中で利用されている技術について，次の事項を指導する。,73C1213110000000
技術・家庭,1261,ア　技術が生活の向上や産業の継承と発展に果たしている役割について考えること。,73C1213111000000
技術・家庭,1262,イ　技術の進展と環境との関係について考えること。,73C1213112000000
技術・家庭,1263,(2) 材料と加工法について，次の事項を指導する。,73C1203120000000
技術・家庭,1264,ア　材料の特徴と利用方法を知ること。,73C1203121000000
技術・家庭,1265,イ　材料に適した加工法を知り，工具や機器を安全に使用できること。,73C1203122000000
技術・家庭,1266,ウ　材料と加工に関する技術の適切な評価・活用について考えること。,73C1203123000000
技術・家庭,1267,(3) 材料と加工に関する技術を利用した製作品の設計・製作について，次の事項を指導する。,73C1203130000000
技術・家庭,1268,ア　使用目的や使用条件に即した機能と構造について考えること。,73C1203131000000
技術・家庭,1269,イ　構想の表示方法を知り，製作図をかくことができること。,73C1203132000000
技術・家庭,1270,ウ　部品加工，組立て及び仕上げができること。,73C1203133000000
技術・家庭,1271,Ｂ　エネルギー変換に関する技術,73C1203200000000
技術・家庭,1272,(1) エネルギー変換機器の仕組みと保守点検について，次の事項を指導する。,73C1203210000000
技術・家庭,1273,ア　エネルギーの変換方法や力の伝達の仕組みを知ること。,73C1203211000000
技術・家庭,1274,イ　機器の基本的な仕組みを知り，保守点検と事故防止ができること。,73C1203212000000
技術・家庭,1275,ウ　エネルギー変換に関する技術の適切な評価・活用について考えること。,73C1203213000000
技術・家庭,1276,(2) エネルギー変換に関する技術を利用した製作品の設計・製作について，次の事項を指導する。,73C1203220000000
技術・家庭,1277,ア　製作品に必要な機能と構造を選択し，設計ができること。,73C1203221000000
技術・家庭,1278,イ　製作品の組立て・調整や電気回路の配線・点検ができること。,73C1203222000000
技術・家庭,1279,Ｃ　生物育成に関する技術,73C1203300000000
技術・家庭,1280,(1) 生物の生育環境と育成技術について，次の事項を指導する。,73C1203310000000
技術・家庭,1281,ア　生物の育成に適する条件と生物の育成環境を管理する方法を知ること。,73C1203311000000
技術・家庭,1282,イ　生物育成に関する技術の適切な評価・活用について考えること。,73C1203312000000
技術・家庭,1283,(2) 生物育成に関する技術を利用した栽培又は飼育について，次の事項を指導する。,73C1203320000000
技術・家庭,1284,ア　目的とする生物の育成計画を立て，生物の栽培又は飼育ができること。,73C1203321000000
技術・家庭,1285,Ｄ　情報に関する技術,73C1203400000000
技術・家庭,1286,(1) 情報通信ネットワークと情報モラルについて，次の事項を指導する。,73C1203410000000
技術・家庭,1287,ア　コンピュータの構成と基本的な情報処理の仕組みを知ること。,73C1203411000000
技術・家庭,1288,イ　情報通信ネットワークにおける基本的な情報利用の仕組みを知ること。,73C1203412000000
技術・家庭,1289,ウ　著作権や発信した情報に対する責任を知り，情報モラルについて考えること。,73C1203413000000
技術・家庭,1290,エ　情報に関する技術の適切な評価・活用について考えること。,73C1203414000000
技術・家庭,1291,(2) ディジタル作品の設計・制作について，次の事項を指導する。,73C1203420000000
技術・家庭,1292,ア　メディアの特徴と利用方法を知り，制作品の設計ができること。,73C1203421000000
技術・家庭,1293,イ　多様なメディアを複合し，表現や発信ができること。,73C1203422000000
技術・家庭,1294,(3) プログラムによる計測・制御について，次の事項を指導する。,73C1203430000000
技術・家庭,1295,ア　コンピュータを利用した計測・制御の基本的な仕組みを知ること。,73C1203431000000
技術・家庭,1296,イ　情報処理の手順を考え，簡単なプログラムが作成できること。,73C1203432000000
技術・家庭,1297,３　内容の取扱い,73C1205000000000
技術・家庭,1298,(1) 内容の「Ａ材料と加工に関する技術」の(1)については，技術の進展が資源やエネルギーの有効利用，自然環境の保全に貢献していることや，ものづくりの技術が我が国の伝統や文化を支えてきたことについても扱うものとする。,73C1205100000000
技術・家庭,1299,(2) 内容の「Ｂエネルギー変換に関する技術」の(1)のイについては，漏電・感電等についても扱うものとする。 ,73C1205200000000
技術・家庭,1300,(3) 内容の「Ｃ生物育成に関する技術」の(2)については，地域固有の生態系に影響を及ぼすことのないよう留意するものとする。,73C1205300000000
技術・家庭,1301,(4) 内容の「Ｄ情報に関する技術」については，次のとおり取り扱うものとする。,73C1205400000000
技術・家庭,1302,ア  (1)のアについては，情報のディジタル化の方法と情報の量についても扱うこと。(1)のウについては，情報通信ネットワークにおける知的財産の保護の必要性についても扱うこと。,73C1205410000000
技術・家庭,1303,イ  (2)については，使用するメディアに応じて，個人情報の保護の必要性についても扱うこと。,73C1205420000000
技術・家庭,1304,(5) すべての内容において，技術にかかわる倫理観や新しい発想を生み出し活用しようとする態度が育成されるようにするものとする。,73C1205500000000
技術・家庭,1305,〔家庭分野〕,73C2200000000000
技術・家庭,1306,"１　目標
　衣食住などに関する実践的・体験的な学習活動を通して，生活の自立に必要な基礎的・基本的な知識及び技術を習得するとともに，家庭の機能について理解を深め，これからの生活を展望して，課題をもって生活をよりよくしようとする能力と態度を育てる。",73C2202000000000
技術・家庭,1307,２　内容,73C2203000000000
技術・家庭,1308,Ａ　家族・家庭と子どもの成長,73C2203100000000
技術・家庭,1309,(1) 自分の成長と家族について，次の事項を指導する。,73C2213110000000
技術・家庭,1310,ア　自分の成長と家族や家庭生活とのかかわりについて考えること。,73C2213111000000
技術・家庭,1311,(2) 家庭と家族関係について，次の事項を指導する。,73C2203120000000
技術・家庭,1312,ア　家庭や家族の基本的な機能と，家庭生活と地域とのかかわりについて理解すること。,73C2203121000000
技術・家庭,1313,イ　これからの自分と家族とのかかわりに関心をもち，家族関係をよりよくする方法を考えること。,73C2203122000000
技術・家庭,1314,(3) 幼児の生活と家族について，次の事項を指導する。,73C2203130000000
技術・家庭,1315,ア　幼児の発達と生活の特徴を知り，子どもが育つ環境としての家族の役割について理解すること。,73C2203131000000
技術・家庭,1316,イ　幼児の観察や遊び道具の製作などの活動を通して，幼児の遊びの意義について理解すること。,73C2203132000000
技術・家庭,1317,ウ　幼児と触れ合うなどの活動を通して，幼児への関心を深め，かかわり方を工夫できること。,73C2203133000000
技術・家庭,1318,エ　家族又は幼児の生活に関心をもち，課題をもって家族関係又は幼児の生活について工夫し，計画を立てて実践できること。 ,73C2203134000000
技術・家庭,1319,Ｂ　食生活と自立,73C2203200000000
技術・家庭,1320,(1) 中学生の食生活と栄養について，次の事項を指導する。,73C2203210000000
技術・家庭,1321,ア　自分の食生活に関心をもち，生活の中で食事が果たす役割を理解し，健康によい食習慣について考えること。,73C2203211000000
技術・家庭,1322,イ　栄養素の種類と働きを知り，中学生に必要な栄養の特徴について考えること。,73C2203212000000
技術・家庭,1323,(2) 日常食の献立と食品の選び方について，次の事項を指導する。,73C2203220000000
技術・家庭,1324,ア　食品の栄養的特質や中学生の１日に必要な食品の種類と概量について知ること。,73C2203221000000
技術・家庭,1325,イ　中学生の１日分の献立を考えること。　,73C2203222000000
技術・家庭,1326,ウ　食品の品質を見分け，用途に応じて選択できること。,73C2203223000000
技術・家庭,1327,(3) 日常食の調理と地域の食文化について，次の事項を指導する。,73C2203230000000
技術・家庭,1328,ア　基礎的な日常食の調理ができること。また，安全と衛生に留意し，食品や調理用具等の適切な管理ができること。,73C2203231000000
技術・家庭,1329,イ　地域の食材を生かすなどの調理を通して，地域の食文化について理解すること。,73C2203232000000
技術・家庭,1330,ウ　食生活に関心をもち，課題をもって日常食又は地域の食材を生かした調理などの活動について工夫し，計画を立てて実践できること。,73C2203233000000
技術・家庭,1331,Ｃ　衣生活・住生活と自立,73C2203300000000
技術・家庭,1332,(1) 衣服の選択と手入れについて，次の事項を指導する。,73C2203310000000
技術・家庭,1333,ア　衣服と社会生活とのかかわりを理解し，目的に応じた着用や個性を生かす着用を工夫できること。,73C2203311000000
技術・家庭,1334,イ　衣服の計画的な活用の必要性を理解し，適切な選択ができること。,73C2203312000000
技術・家庭,1335,ウ　衣服の材料や状態に応じた日常着の手入れができること。,73C2203313000000
技術・家庭,1336,(2) 住居の機能と住まい方について，次の事項を指導する。,73C2203320000000
技術・家庭,1337,ア　家族の住空間について考え，住居の基本的な機能について知ること。,73C2203321000000
技術・家庭,1338,イ　家族の安全を考えた室内環境の整え方を知り，快適な住まい方を工夫できること。,73C2203322000000
技術・家庭,1339,(3) 衣生活，住生活などの生活の工夫について，次の事項を指導する。,73C2203330000000
技術・家庭,1340,ア　布を用いた物の製作を通して，生活を豊かにするための工夫ができること。,73C2203331000000
技術・家庭,1341,イ　衣服又は住まいに関心をもち，課題をもって衣生活又は住生活について工夫し，計画を立てて実践できること。,73C2203332000000
技術・家庭,1342,Ｄ　身近な消費生活と環境,73C2203400000000
技術・家庭,1343,(1) 家庭生活と消費について，次の事項を指導する。,73C2203410000000
技術・家庭,1344,ア　自分や家族の消費生活に関心をもち，消費者の基本的な権利と責任について理解すること。,73C2203411000000
技術・家庭,1345,イ　販売方法の特徴について知り，生活に必要な物資・サービスの適切な選択，購入及び活用ができること。,73C2203412000000
技術・家庭,1346,(2) 家庭生活と環境について，次の事項を指導する。,73C2203420000000
技術・家庭,1347,ア　自分や家族の消費生活が環境に与える影響について考え，環境に配慮した消費生活について工夫し，実践できること。,73C2203421000000
技術・家庭,1348,３　内容の取扱い,73C2205000000000
技術・家庭,1349,(1) 内容の「Ａ家族・家庭と子どもの成長」については，次のとおり取り扱うものとする。,73C2205100000000
技術・家庭,1350,ア　(1)，(2)及び(3)については，相互に関連を図り，実習や観察，ロールプレイングなどの学習活動を中心とするよう留意すること。,73C2205110000000
技術・家庭,1351,イ　(2)のアについては，高齢者などの地域の人々とのかかわりについても触れるよう留意すること。,73C2205120000000
技術・家庭,1352,ウ　(3)のアについては，幼児期における周囲との基本的な信頼関係や生活習慣の形成の重要性についても扱うこと。(3)のウについては，幼稚園や保育所等の幼児との触れ合いができるよう留意すること。,73C2205130000000
技術・家庭,1353,(2) 内容の「Ｂ食生活と自立」については，次のとおり取り扱うものとする。,73C2205200000000
技術・家庭,1354,ア　(1)のイについては，水の働きや食物繊維についても触れること。,73C2205210000000
技術・家庭,1355,イ　(2)のウについては，主として調理実習で用いる生鮮食品と加工食品の良否や表示を扱うこと。,73C2205220000000
技術・家庭,1356,ウ　(3)のアについては，魚，肉，野菜を中心として扱い，基礎的な題材を取り上げること。(3)のイについては，調理実習を中心とし，主として地域又は季節の食材を利用することの意義について扱うこと。また，地域の伝統的な行事食や郷土料理を扱うこともできること。,73C2205230000000
技術・家庭,1357,エ　食に関する指導については，技術・家庭科の特質に応じて，食育の充実に資するよう配慮すること。,73C2205240000000
技術・家庭,1358,(3) 内容の「Ｃ衣生活・住生活と自立」については，次のとおり取り扱うものとする。,73C2205300000000
技術・家庭,1359,ア　(1)のアについては，和服の基本的な着装を扱うこともできること。(1)のイについては，既製服の表示と選択に当たっての留意事項を扱うこと。(1)のウについては，日常着の手入れは主として洗濯と補修を扱うこと。,73C2205310000000
技術・家庭,1360,イ　(2)のアについては，簡単な図などによる住空間の構想を扱うこと。,73C2205320000000
技術・家庭,1361,ウ　(3)のアについては， (1)のウとの関連を図り，主として補修の技術を生かしてできる製作品を扱うこと。,73C2205330000000
技術・家庭,1362,(4) 内容の「Ｄ身近な消費生活と環境」については，次のとおり取り扱うものとする。,73C2205400000000
技術・家庭,1363,ア　内容の「Ａ家族・家庭と子どもの成長」，「Ｂ食生活と自立」又は「Ｃ衣生活・住生活と自立」の学習との関連を図り，実践的に学習できるようにすること。,73C2205410000000
技術・家庭,1364,イ　(1)については，中学生の身近な消費行動と関連させて扱うこと。,73C2205420000000
技術・家庭,1365,第３　指導計画の作成と内容の取扱い,73C0300000000000
技術・家庭,1366,１　指導計画の作成に当たっては，次の事項に配慮するものとする。,73C0300100000000
技術・家庭,1367,(1) 技術分野及び家庭分野の授業時数については，３学年間を見通した全体的な指導計画に基づき，いずれかの分野に偏ることなく配当して履修させること。その際，家庭分野の内容の「Ａ家族・家庭と子どもの成長」の(3)のエ，「Ｂ食生活と自立」の(3)のウ及び「Ｃ衣生活・住生活と自立」の(3)のイについては，これら３事項のうち１又は２事項を選択して履修させること。,73C0300110000000
技術・家庭,1368,(2) 技術分野の内容の「Ａ材料と加工に関する技術」から「Ｄ情報に関する技術」並びに家庭分野の内容の「Ａ家族・家庭と子どもの成長」から「Ｄ身近な消費生活と環境」の各項目に配当する授業時数及び履修学年については，地域，学校及び生徒の実態等に応じて，各学校において適切に定めること。その際，技術分野の内容の「Ａ材料と加工に関する技術」の(1)及び家庭分野の内容の「Ａ家族・家庭と子どもの成長」の(1)については，それぞれ小学校図画工作科，家庭科などの学習を踏まえ，中学校における学習の見通しを立てさせるために，第１学年の最初に履修させること。,73C0300120000000
技術・家庭,1369,(3) 各項目及び各項目に示す事項については，相互に有機的な関連を図り，総合的に展開されるよう適切な題材を設定して計画を作成すること。その際，小学校における学習を踏まえ，他教科等との関連を明確にして，系統的・発展的に指導ができるよう配慮すること。,73C0300130000000
技術・家庭,1370,(4) 第１章総則の第１の２に示す道徳教育の目標に基づき，道徳科などとの関連を考慮しながら，第３章特別の教科道徳の第２に示す内容について，技術・家庭科の特質に応じて適切な指導をすること。,73C0300140000001
技術・家庭,1371,２　各分野の内容の取扱いについては，次の事項に配慮するものとする。,73C0300200000000
技術・家庭,1372,(1) 基礎的・基本的な知識及び技術を習得し，基本的な概念などの理解を深めるとともに，仕事の楽しさや完成の喜びを体得させるよう，実践的・体験的な学習活動を充実すること。,73C0300210000000
技術・家庭,1373,(2) 生徒が学習した知識及び技術を生活に活用できるよう，問題解決的な学習を充実するとともに，家庭や地域社会との連携を図るようにすること。,73C0300220000000
技術・家庭,1374,３　実習の指導に当たっては，施設・設備の安全管理に配慮し，学習環境を整備するとともに，火気，用具，材料などの取扱いに注意して事故防止の指導を徹底し，安全と衛生に十分留意するものとする。,73C0300300000000
技術・家庭,1375,４　各分野の指導については，衣食住やものづくりなどに関する実習等の結果を整理し考察する学習活動や，生活における課題を解決するために言葉や図表，概念などを用いて考えたり，説明したりするなどの学習活動が充実するよう配慮するものとする。,73C0300400000000
外国語,1376,第９節　外国語,73H0000000000000
外国語,1377,"第１　目標
　外国語を通じて，言語や文化に対する理解を深め，積極的にコミュニケーションを図ろうとする態度の育成を図り，聞くこと，話すこと，読むこと，書くことなどのコミュニケーション能力の基礎を養う。",73H0100000000000
外国語,1378,第２　各言語の目標及び内容等,73H0200000000000
外国語,1379,英語,73H1200000000000
外国語,1380,１　目標,73H1202000000000
外国語,1381,(1) 初歩的な英語を聞いて話し手の意向などを理解できるようにする。,73H1202100000000
外国語,1382,(2) 初歩的な英語を用いて自分の考えなどを話すことができるようにする。,73H1202200000000
外国語,1383,(3) 英語を読むことに慣れ親しみ，初歩的な英語を読んで書き手の意向などを理解できるようにする。,73H1202300000000
外国語,1384,(4) 英語で書くことに慣れ親しみ，初歩的な英語を用いて自分の考えなどを書くことができるようにする。,73H1202400000000
外国語,1385,２　内容,73H1203000000000
外国語,1386,"(1) 言語活動
英語を理解し，英語で表現できる実践的な運用能力を養うため，次の言語活動を３学年間を通して行わせる。",73H1203100000000
外国語,1387,"ア　聞くこと
主として次の事項について指導する。",73H1203110000000
外国語,1388,(ｱ) 強勢，イントネーション，区切りなど基本的な英語の音声の特徴をとらえ，正しく聞き取ること。,73H1203111000000
外国語,1389,(ｲ) 自然な口調で話されたり読まれたりする英語を聞いて，情報を正確に聞き取ること。,73H1203112000000
外国語,1390,(ｳ) 質問や依頼などを聞いて適切に応じること。,73H1203113000000
外国語,1391,(ｴ) 話し手に聞き返すなどして内容を確認しながら理解すること。,73H1203114000000
外国語,1392,(ｵ) まとまりのある英語を聞いて，概要や要点を適切に聞き取ること。,73H1203115000000
外国語,1393,"イ　話すこと
主として次の事項について指導する。",73H1203120000000
外国語,1394,(ｱ) 強勢，イントネーション，区切りなど基本的な英語の音声の特徴をとらえ，正しく発音すること。,73H1203121000000
外国語,1395,(ｲ) 自分の考えや気持ち，事実などを聞き手に正しく伝えること。,73H1203122000000
外国語,1396,(ｳ) 聞いたり読んだりしたことなどについて，問答したり意見を述べ合ったりなどすること。,73H1203123000000
外国語,1397,(ｴ) つなぎ言葉を用いるなどのいろいろな工夫をして話を続けること。,73H1203124000000
外国語,1398,(ｵ) 与えられたテーマについて簡単なスピーチをすること。,73H1203125000000
外国語,1399,"ウ　読むこと
主として次の事項について指導する。",73H1203130000000
外国語,1400,(ｱ) 文字や符号を識別し，正しく読むこと。,73H1203131000000
外国語,1401,(ｲ) 書かれた内容を考えながら黙読したり，その内容が表現されるように音読すること。,73H1203132000000
外国語,1402,(ｳ) 物語のあらすじや説明文の大切な部分などを正確に読み取ること。,73H1203133000000
外国語,1403,(ｴ) 伝言や手紙などの文章から書き手の意向を理解し，適切に応じること。,73H1203134000000
外国語,1404,(ｵ) 話の内容や書き手の意見などに対して感想を述べたり賛否やその理由を示したりなどすることができるよう，書かれた内容や考え方などをとらえること。,73H1203135000000
外国語,1405,"エ　書くこと
主として次の事項について指導する。",73H1203140000000
外国語,1406,(ｱ) 文字や符号を識別し，語と語の区切りなどに注意して正しく書くこと。,73H1203141000000
外国語,1407,(ｲ) 語と語のつながりなどに注意して正しく文を書くこと。,73H1203142000000
外国語,1408,(ｳ) 聞いたり読んだりしたことについてメモをとったり，感想，賛否やその理由を書いたりなどすること。,73H1203143000000
外国語,1409,(ｴ) 身近な場面における出来事や体験したことなどについて，自分の考えや気持ちなどを書くこと。,73H1203144000000
外国語,1410,(ｵ) 自分の考えや気持ちなどが読み手に正しく伝わるように，文と文のつながりなどに注意して文章を書くこと。,73H1203145000000
外国語,1411,(2) 言語活動の取扱い,73H1203200000000
外国語,1412,ア　３学年間を通じ指導に当たっては，次のような点に配慮するものとする。,73H1203210000000
外国語,1413,(ｱ) 実際に言語を使用して互いの考えや気持ちを伝え合うなどの活動を行うとともに，(3)に示す言語材料について理解したり練習したりする活動を行うようにすること。,73H1203211000000
外国語,1414,(ｲ) 実際に言語を使用して互いの考えや気持ちを伝え合うなどの活動においては，具体的な場面や状況に合った適切な表現を自ら考えて言語活動ができるようにすること。,73H1203212000000
外国語,1415,(ｳ) 言語活動を行うに当たり，主として次に示すような言語の使用場面や言語の働きを取り上げるようにすること。,73H1203213000000
外国語,1416,〔言語の使用場面の例〕,73H1203213100000
外国語,1417,ａ　特有の表現がよく使われる場面,73H1203213110000
外国語,1418,・　あいさつ,73H1203213111000
外国語,1419,・　自己紹介　　,73H1203213112000
外国語,1420,・　電話での応答,73H1203213113000
外国語,1421,・　買物   　  　 ,73H1203213114000
外国語,1422,・　道案内      ,73H1203213115000
外国語,1423,・　旅行,73H1203213116000
外国語,1424,・　食事　　,73H1203213117000
外国語,1425,　など　　,73H1203213118000
外国語,1426,ｂ　生徒の身近な暮らしにかかわる場面,73H1203213120000
外国語,1427,・　家庭での生活　　　　　,73H1203213121000
外国語,1428,・　学校での学習や活動,73H1203213122000
外国語,1429,・　地域の行事　,73H1203213123000
外国語,1430,など,73H1203213124000
外国語,1431,〔言語の働きの例〕,73H1203213200000
外国語,1432,ａ　コミュニケーションを円滑にする,73H1203213210000
外国語,1433,・　呼び掛ける　　,73H1203213211000
外国語,1434,・　相づちをうつ　　,73H1203213212000
外国語,1435,・　聞き直す,73H1203213213000
外国語,1436,・　繰り返す　,73H1203213214000
外国語,1437,など,73H1203213215000
外国語,1438,ｂ　気持ちを伝える,73H1203213220000
外国語,1439,・　礼を言う 　   ,73H1203213221000
外国語,1440,・　苦情を言う  ,73H1203213222000
外国語,1441,・　褒める,73H1203213223000
外国語,1442,・　謝る　,73H1203213224000
外国語,1443,など,73H1203213225000
外国語,1444,ｃ　情報を伝える,73H1203213230000
外国語,1445,・　説明する   　 ,73H1203213231000
外国語,1446,・　報告する　　,73H1203213232000
外国語,1447,・　発表する,73H1203213233000
外国語,1448,・　描写する　,73H1203213234000
外国語,1449,など,73H1203213235000
外国語,1450,ｄ　考えや意図を伝える,73H1203213240000
外国語,1451,・　申し出る      ,73H1203213241000
外国語,1452,・　約束する    ,73H1203213242000
外国語,1453,・　意見を言う,73H1203213243000
外国語,1454,・　賛成する      ,73H1203213244000
外国語,1455,・　反対する    ,73H1203213245000
外国語,1456,・　承諾する,73H1203213246000
外国語,1457,・　断る　,73H1203213247000
外国語,1458,など,73H1203213248000
外国語,1459,ｅ　相手の行動を促す,73H1203213250000
外国語,1460,・　質問する      ,73H1203213251000
外国語,1461,・　依頼する    ,73H1203213252000
外国語,1462,・　招待する　,73H1203213253000
外国語,1463,など,73H1203213254000
外国語,1464,イ　生徒の学習段階を考慮して各学年の指導に当たっては，次のような点に配慮するものとする。,73H1203220000000
外国語,1465,"(ｱ) 第１学年における言語活動
小学校における外国語活動を通じて音声面を中心としたコミュニケーションに対する積極的な態度などの一定の素地が育成されることを踏まえ，身近な言語の使用場面や言語の働きに配慮した言語活動を行わせること。その際，自分の気持ちや身の回りの出来事などの中から簡単な表現を用いてコミュニケーションを図れるような話題を取り上げること。",73H1213221000000
外国語,1466,"(ｲ) 第２学年における言語活動
第１学年の学習を基礎として，言語の使用場面や言語の働きを更に広げた言語活動を行わせること。その際，第１学年における学習内容を繰り返して指導し定着を図るとともに，事実関係を伝えたり，物事について判断したりした内容などの中からコミュニケーションを図れるような話題を取り上げること。",73H1223222000000
外国語,1467,"(ｳ) 第３学年における言語活動
第２学年までの学習を基礎として，言語の使用場面や言語の働きを一層広げた言語活動を行わせること。その際，第１学年及び第２学年における学習内容を繰り返して指導し定着を図るとともに，様々な考えや意見などの中からコミュニケーションが図れるような話題を取り上げること。",73H1233223000000
外国語,1468,"(3) 言語材料
(1)の言語活動は，以下に示す言語材料の中から，１の目標を達成するのにふさわしいものを適宜用いて行わせる。",73H1203300000000
外国語,1469,ア　音声,73H1203310000000
外国語,1470,(ｱ) 現代の標準的な発音,73H1203311000000
外国語,1471,(ｲ) 語と語の連結による音変化,73H1203312000000
外国語,1472,(ｳ) 語，句，文における基本的な強勢,73H1203313000000
外国語,1473,(ｴ) 文における基本的なイントネーション,73H1203314000000
外国語,1474,(ｵ) 文における基本的な区切り,73H1203315000000
外国語,1475,イ　文字及び符号,73H1203320000000
外国語,1476,(ｱ) アルファベットの活字体の大文字及び小文字,73H1203321000000
外国語,1477,(ｲ) 終止符，疑問符，コンマ，引用符，感嘆符など基本的な符号,73H1203322000000
外国語,1478,ウ　語，連語及び慣用表現,73H1203330000000
外国語,1479,(ｱ) 1200語程度の語,73H1203331000000
外国語,1480,(ｲ) in front of，a lot of，get up，look for などの連語,73H1203332000000
外国語,1481,(ｳ) excuse me，I see，I'm sorry，thank you，you're welcome，for exampleなどの慣用表現,73H1203333000000
外国語,1482,エ　文法事項,73H1203340000000
外国語,1483,(ｱ) 文,73H1203341000000
外国語,1484,ａ　単文，重文及び複文,73H1203341100000
外国語,1485,ｂ　肯定及び否定の平叙文,73H1203341200000
外国語,1486,ｃ　肯定及び否定の命令文,73H1203341300000
外国語,1487,ｄ　疑問文のうち，動詞で始まるもの，助動詞（can，do，mayなど）で始まるもの，orを含むもの及び疑問詞（how，what，when，where，which，who，whose，why）で始まるもの,73H1203341400000
外国語,1488,(ｲ) 文構造,73H1203342000000
外国語,1489,ａ　［主語＋動詞］,73H1203342100000
外国語,1490,ｂ　［主語＋動詞＋補語］のうち，,73H1203342200000
外国語,1491,(a) 主語＋be動詞＋{名詞∥代名詞∥形容詞},73H1203342210000
外国語,1492,(b) 主語＋be動詞以外の動詞＋{名詞∥形容詞},73H1203342220000
外国語,1493,ｃ　［主語＋動詞＋目的語］のうち，,73H1203342300000
外国語,1494,(a) 主語＋動詞＋{名詞∥代名詞∥動名詞∥to不定詞∥how（など）to不定詞∥thatで始まる節},73H1203342310000
外国語,1495,(b) 主語＋動詞＋whatなどで始まる節,73H1203342320000
外国語,1496,ｄ　［主語＋動詞＋間接目的語＋直接目的語］のうち，,73H1203342400000
外国語,1497,(a) 主語＋動詞＋間接目的語＋{名詞∥代名詞},73H1203342410000
外国語,1498,(b) 主語＋動詞＋間接目的語＋how（など）to不定詞,73H1203342420000
外国語,1499,ｅ　［主語＋動詞＋目的語＋補語］のうち，,73H1203342500000
外国語,1500,(a) 主語＋動詞＋目的語＋{名詞∥形容詞},73H1203342510000
外国語,1501,ｆ　その他,73H1203342600000
外国語,1502,(a) There＋be動詞＋～,73H1203342610000
外国語,1503,(b) It＋be動詞＋～（＋for～）＋to不定詞,73H1203342620000
外国語,1504,(c) 主語＋tell，wantなど＋目的語＋to不定詞,73H1203342630000
外国語,1505,(ｳ) 代名詞,73H1203343000000
外国語,1506,ａ　人称，指示，疑問，数量を表すもの,73H1203343100000
外国語,1507,ｂ　関係代名詞のうち，主格のthat，which，who及び目的格のthat，whichの制限的用法,73H1203343200000
外国語,1508,"(ｴ) 動詞の時制など
現在形，過去形，現在進行形，過去進行形，現在完了形及び助動詞などを用いた未来表現",73H1203344000000
外国語,1509,(ｵ) 形容詞及び副詞の比較変化,73H1203345000000
外国語,1510,(ｶ) to不定詞,73H1203346000000
外国語,1511,(ｷ) 動名詞,73H1203347000000
外国語,1512,(ｸ) 現在分詞及び過去分詞の形容詞としての用法,73H1203348000000
外国語,1513,(ｹ) 受け身,73H1203349000000
外国語,1514,(4) 言語材料の取扱い,73H1203400000000
外国語,1515,ア　発音と綴《つづ》りとを関連付けて指導すること。,73H1203410000000
外国語,1516,イ  文法については，コミュニケーションを支えるものであることを踏まえ，言語活動と効果的に関連付けて指導すること。,73H1203420000000
外国語,1517,ウ  (3)のエの文法事項の取扱いについては，用語や用法の区別などの指導が中心とならないよう配慮し，実際に活用できるように指導すること。また，語順や修飾関係などにおける日本語との違いに留意して指導すること。,73H1203430000000
外国語,1518, エ　英語の特質を理解させるために，関連のある文法事項はまとまりをもって整理するなど，効果的な指導ができるよう工夫すること。,73H1203440000000
外国語,1519,３　指導計画の作成と内容の取扱い,73H1206000000000
外国語,1520,(1) 指導計画の作成に当たっては，次の事項に配慮するものとする。,73H1206100000000
外国語,1521,ア　各学校においては，生徒や地域の実態に応じて，学年ごとの目標を適切に定め，３学年間を通して英語の目標の実現を図るようにすること。,73H1206110000000
外国語,1522,イ　２の(3)の言語材料については，学習段階に応じて平易なものから難しいものへと段階的に指導すること。,73H1206120000000
外国語,1523,"ウ　音声指導に当たっては，日本語との違いに留意しながら，発音練習などを通して２の(3)のアに示された言語材料を継続して指導すること。
また，音声指導の補助として，必要に応じて発音表記を用いて指導することもできること。",73H1206130000000
外国語,1524,エ  文字指導に当たっては，生徒の学習負担に配慮し筆記体を指導することもできること。,73H1206140000000
外国語,1525,オ　語，連語及び慣用表現については，運用度の高いものを用い，活用することを通して定着を図るようにすること。,73H1206150000000
外国語,1526,カ　辞書の使い方に慣れ，活用できるようにすること。,73H1206160000000
外国語,1527,"キ　生徒の実態や教材の内容などに応じて，コンピュータや情報通信ネットワーク，教育機器などを有効活用したり，ネイティブ・スピーカーなどの協力を得たりなどすること。
また，ペアワーク，グループワークなどの学習形態を適宜工夫すること。",73H1206170000000
外国語,1528,(2) 教材は，聞くこと，話すこと，読むこと，書くことなどのコミュニケーション能力を総合的に育成するため，実際の言語の使用場面や言語の働きに十分配慮したものを取り上げるものとする。その際，英語を使用している人々を中心とする世界の人々及び日本人の日常生活，風俗習慣，物語，地理，歴史，伝統文化や自然科学などに関するものの中から，生徒の発達の段階及び興味・関心に即して適切な題材を変化をもたせて取り上げるものとし，次の観点に配慮する必要がある。,73H1206200000000
外国語,1529,ア　多様なものの見方や考え方を理解し，公正な判断力を養い豊かな心情を育てるのに役立つこと。,73H1206210000000
外国語,1530,イ　外国や我が国の生活や文化についての理解を深めるとともに，言語や文化に対する関心を高め，これらを尊重する態度を育てるのに役立つこと。,73H1206220000000
外国語,1531,ウ　広い視野から国際理解を深め，国際社会に生きる日本人としての自覚を高めるとともに，国際協調の精神を養うのに役立つこと。,73H1206230000000
外国語,1532,"その他の外国語
その他の外国語については，英語の目標及び内容等に準じて行うものとする。",73H2200000000000
外国語,1533,第３　指導計画の作成と内容の取扱い,73H0300000000000
外国語,1534,１　小学校における外国語活動との関連に留意して，指導計画を適切に作成するものとする。,73H0300100000000
外国語,1535,２　外国語科においては，英語を履修させることを原則とする。,73H0300200000000
外国語,1536,３　第１章総則の第１の２に示す道徳教育の目標に基づき，道徳科などとの関連を考慮しながら，第３章特別の教科道徳の第２に示す内容について，外国語科の特質に応じて適切な指導をすること。,73H0300300000001
特別の教科　道徳,1537,第３章　特別の教科　道徳,73K0000000000001
特別の教科　道徳,1538,"第１　目標
　第１章総則の第１の２に示す道徳教育の目標に基づき，よりよく生きるための基盤となる道徳性を養うため，道徳的諸価値についての理解を基に，自己を見つめ，物事を広い視野から多面的・多角的に考え，人間としての生き方についての考えを深める学習を通して，道徳的な判断力，心情，実践意欲と態度を育てる。",73K0100000000001
特別の教科　道徳,1539,"第２　内容
　学校の教育活動全体を通じて行う道徳教育の要である道徳科においては，以下に示す項目について扱う。",73K0400000000001
特別の教科　道徳,1540,Ａ 主として自分自身に関すること,73K0400100000001
特別の教科　道徳,1541,"［自主，自律，自由と責任］
　自律の精神を重んじ，自主的に考え，判断し，誠実に実行してその結果に責任をもつこと。",73K0400110000001
特別の教科　道徳,1542,"［節度，節制］
　望ましい生活習慣を身に付け，心身の健康の増進を図り，節度を守り節制に心掛け，安全で調和のある生活をすること。",73K0400120000001
特別の教科　道徳,1543,"［向上心，個性の伸長］
　自己を見つめ，自己の向上を図るとともに，個性を伸ばして充実した生き方を追求すること。",73K0400130000001
特別の教科　道徳,1544,"［希望と勇気，克己と強い意志］
　より高い目標を設定し，その達成を目指し，希望と勇気をもち，困難や失敗を乗り越えて着実にやり遂げること。",73K0400140000001
特別の教科　道徳,1545,"［真理の探究，創造］
　真実を大切にし，真理を探究して新しいものを生み出そうと努めること。",73K0400150000001
特別の教科　道徳,1546,Ｂ　主として人との関わりに関すること,73K0400200000001
特別の教科　道徳,1547,"［思いやり，感謝］
　思いやりの心をもって人と接するとともに，家族などの支えや多くの人々の善意により日々の生活や現在の自分があることに感謝し，進んでそれに応え，人間愛の精神を深めること。",73K0400210000001
特別の教科　道徳,1548,"［礼儀］
　礼儀の意義を理解し，時と場に応じた適切な言動をとること。",73K0400220000001
特別の教科　道徳,1549,"［友情，信頼］
　友情の尊さを理解して心から信頼できる友達をもち，互いに励まし合い，高め合うとともに，異性についての理解を深め，悩みや葛藤も経験しながら人間関係を深めていくこと。",73K0400230000001
特別の教科　道徳,1550,"［相互理解，寛容］
　自分の考えや意見を相手に伝えるとともに，それぞれの個性や立場を尊重し，いろいろなものの見方や考え方があることを理解し，寛容の心をもって謙虚に他に学び，自らを高めていくこと。",73K0400240000001
特別の教科　道徳,1551,Ｃ 主として集団や社会との関わりに関すること,73K0400300000001
特別の教科　道徳,1552,"［遵法精神，公徳心］
　法やきまりの意義を理解し，それらを進んで守るとともに，そのよりよい在り方について考え，自他の権利を大切にし，義務を果たして，規律ある安定した社会の実現に努めること。",73K0400310000001
特別の教科　道徳,1553,"［公正，公平，社会正義］
　正義と公正さを重んじ，誰に対しても公平に接し，差別や偏見のない社会の実現に努めること。",73K0400320000001
特別の教科　道徳,1554,"［社会参画，公共の精神］
　社会参画の意識と社会連帯の自覚を高め，公共の精神をもってよりよい社会の実現に努めること。",73K0400330000001
特別の教科　道徳,1555,"［勤労］
　勤労の尊さや意義を理解し，将来の生き方について考えを深め，勤労を通じて社会に貢献すること。",73K0400340000001
特別の教科　道徳,1556,"［家族愛，家庭生活の充実］
　父母，祖父母を敬愛し，家族の一員としての自覚をもって充実した家庭生活を築くこと。",73K0400350000001
特別の教科　道徳,1557,"［よりよい学校生活，集団生活の充実］
　教師や学校の人々を敬愛し，学級や学校の一員としての自覚をもち，協力し合ってよりよい校風をつくるとともに，様々な集団の意義や集団の中での自分の役割と責任を自覚して集団生活の充実に努めること。",73K0400360000001
特別の教科　道徳,1558,"［郷土の伝統と文化の尊重，郷土を愛する態度］
　郷土の伝統と文化を大切にし，社会に尽くした先人や高齢者に尊敬の念を深め，地域社会の一員としての自覚をもって郷土を愛し，進んで郷土の発展に努めること。",73K0400370000001
特別の教科　道徳,1559,"［我が国の伝統と文化の尊重，国を愛する態度］
　優れた伝統の継承と新しい文化の創造に貢献するとともに，日本人としての自覚をもって国を愛し，国家及び社会の形成者として，その発展に努めること。",73K0400380000001
特別の教科　道徳,1560,"［国際理解，国際貢献］
　世界の中の日本人としての自覚をもち，他国を尊重し，国際的視野に立って，世界の平和と人類の発展に寄与すること。",73K0400390000001
特別の教科　道徳,1561,Ｄ　主として生命や自然，崇高なものとの関わりに関すること,73K0400400000001
特別の教科　道徳,1562,"［生命の尊さ］
　生命の尊さについて，その連続性や有限性なども含めて理解し，かけがえのない生命を尊重すること。",73K0400410000001
特別の教科　道徳,1563,"［自然愛護］
　自然の崇高さを知り，自然環境を大切にすることの意義を理解し，進んで自然の愛護に努めること。",73K0400420000001
特別の教科　道徳,1564,"［感動，畏敬の念］
　美しいものや気高いものに感動する心をもち，人間の力を超えたものに対する畏敬の念を深めること。",73K0400430000001
特別の教科　道徳,1565,"［よりよく生きる喜び］
　人間には自らの弱さや醜さを克服する強さや気高く生きようとする心があることを理解し，人間として生きることに喜びを見いだすこと。",73K0400440000001
特別の教科　道徳,1566,第３　指導計画の作成と内容の取扱い                                      ,73K0300000000000
特別の教科　道徳,1567,１　各学校においては，道徳教育の全体計画に基づき，各教科，総合的な学習の時間及び特別活動との関連を考慮しながら，道徳科の年間指導計画を作成するものとする。なお，作成に当たっては，第２に示す内容項目について，各学年において全て取り上げることとする。その際，生徒や学校の実態に応じ，３学年間を見通した重点的な指導や内容項目間の関連を密にした指導，一つの内容項目を複数の時間で扱う指導を取り入れるなどの工夫を行うものとする。,73K0300100000001
特別の教科　道徳,1568,２　第２の内容の指導に当たっては，次の事項に配慮するものとする。,73K0300200000001
特別の教科　道徳,1569,(1) 学級担任の教師が行うことを原則とするが，校長や教頭などの参加，他の教師との協力的な指導などについて工夫し，道徳教育推進教師を中心とした指導体制を充実すること。,73K0300210000001
特別の教科　道徳,1570,(2) 道徳科が学校の教育活動全体を通じて行う道徳教育の要としての役割を果たすことができるよう，計画的・発展的な指導を行うこと。特に，各教科，総合的な学習の時間及び特別活動における道徳教育としては取り扱う機会が十分でない内容項目に関わる指導を補うことや，生徒や学校の実態等を踏まえて指導をより一層深めること，内容項目の相互の関連を捉え直したり発展させたりすることに留意すること。,73K0300220000001
特別の教科　道徳,1571,(3) 生徒が自ら道徳性を養う中で，自らを振り返って成長を実感したり，これからの課題や目標を見付けたりすることができるよう工夫すること。その際，道徳性を養うことの意義について，生徒自らが考え，理解し，主体的に学習に取り組むことができるようにすること。また，発達の段階を考慮し，人間としての弱さを認めながら，それを乗り越えてよりよく生きようとすることのよさについて，教師が生徒と共に考える姿勢を大切にすること。,73K0300230000001
特別の教科　道徳,1572,(4) 生徒が多様な感じ方や考え方に接する中で，考えを深め，判断し，表現する力などを育むことができるよう，自分の考えを基に討論したり書いたりするなどの言語活動を充実すること。その際，様々な価値観について多面的・多角的な視点から振り返って考える機会を設けるとともに，生徒が多様な見方や考え方に接しながら，更に新しい見方や考え方を生み出していくことができるよう留意すること。,73K0300240000001
特別の教科　道徳,1573,(5) 生徒の発達の段階や特性等を考慮し，指導のねらいに即して，問題解決的な学習，道徳的行為に関する体験的な学習等を適切に取り入れるなど，指導方法を工夫すること。その際，それらの活動を通じて学んだ内容の意義などについて考えることができるようにすること。また，特別活動等における多様な実践活動や体験活動も道徳科の授業に生かすようにすること。,73K0300250000001
特別の教科　道徳,1574,(6) 生徒の発達の段階や特性等を考慮し，第２に示す内容との関連を踏まえつつ，情報モラルに関する指導を充実すること。また，例えば，科学技術の発展と生命倫理との関係や社会の持続可能な発展などの現代的な課題の取扱いにも留意し，身近な社会的課題を自分との関係において考え，その解決に向けて取り組もうとする意欲や態度を育てるよう努めること。なお，多様な見方や考え方のできる事柄について，特定の見方や考え方に偏った指導を行うことのないようにすること。,73K0300260000001
特別の教科　道徳,1575,(7) 道徳科の授業を公開したり，授業の実施や地域教材の開発や活用などに家庭や地域の人々，各分野の専門家等の積極的な参加や協力を得たりするなど，家庭や地域社会との共通理解を深め，相互の連携を図ること。,73K0300270000001
特別の教科　道徳,1576,３　教材については，次の事項に留意するものとする。,73K0300300000001
特別の教科　道徳,1577,(1) 生徒の発達の段階や特性，地域の実情等を考慮し，多様な教材の活用に努めること。特に，生命の尊厳，社会参画，自然，伝統と文化，先人の伝記，スポーツ，情報化への対応等の現代的な課題などを題材とし，生徒が問題意識をもって多面的・多角的に考えたり， 感動を覚えたりするような充実した教材の開発や活用を行うこと。,73K0300310000001
特別の教科　道徳,1578,(2) 教材については，教育基本法や学校教育法その他の法令に従い，次の観点に照らし適切と判断されるものであること,73K0300320000001
特別の教科　道徳,1579,ア　生徒の発達の段階に即し，ねらいを達成するのにふさわしいものであること。,73K0300321000001
特別の教科　道徳,1580,イ　人間尊重の精神にかなうものであって，悩みや葛藤等の心の揺れ，人間関係の理解等の課題も含め，生徒が深く考えることができ，人間としてよりよく生きる喜びや勇気を与えられるものであること。,73K0300322000001
特別の教科　道徳,1581,ウ　多様な見方や考え方のできる事柄を取り扱う場合には，特定の見方や考え方に偏った取扱いがなされていないものであること。,73K0300323000001
特別の教科　道徳,1582,４　生徒の学習状況や道徳性に係る成長の様子を継続的に把握し，指導に生かすよう努める必要がある。ただし，数値などによる評価は行わないものとする。,73K0300400000001
総合的な学習の時間,1583,第４章　総合的な学習の時間,73M0000000000000
総合的な学習の時間,1584,"第１　目標
　横断的・総合的な学習や探究的な学習を通して，自ら課題を見付け，自ら学び，自ら考え，主体的に判断し，よりよく問題を解決する資質や能力を育成するとともに，学び方やものの考え方を身に付け，問題の解決や探究活動に主体的，創造的，協同的に取り組む態度を育て，自己の生き方を考えることができるようにする。",73M0100000000000
総合的な学習の時間,1585,第２　各学校において定める目標及び内容,73M0200000000000
総合的な学習の時間,1586,"１　目標
　各学校においては，第１の目標を踏まえ，各学校の総合的な学習の時間の目標を定める。",73M0202000000000
総合的な学習の時間,1587,"２　内容
 　各学校においては，第１の目標を踏まえ，各学校の総合的な学習の時間の内容を定める。",73M0203000000000
総合的な学習の時間,1588,第３　指導計画の作成と内容の取扱い,73M0300000000000
総合的な学習の時間,1589,１　指導計画の作成に当たっては，次の事項に配慮するものとする。,73M0300100000000
総合的な学習の時間,1590,(1) 全体計画及び年間指導計画の作成に当たっては，学校における全教育活動との関連の下に，目標及び内容，育てようとする資質や能力及び態度，学習活動，指導方法や指導体制，学習の評価の計画などを示すこと。その際，小学校における総合的な学習の時間の取組を踏まえること。,73M0300110000000
総合的な学習の時間,1591,(2) 地域や学校，生徒の実態等に応じて，教科等の枠を超えた横断的・総合的な学習，探究的な学習，生徒の興味・関心等に基づく学習など創意工夫を生かした教育活動を行うこと。,73M0300120000000
総合的な学習の時間,1592,(3) 第２の各学校において定める目標及び内容については，日常生活や社会とのかかわりを重視すること。,73M0300130000000
総合的な学習の時間,1593,(4) 育てようとする資質や能力及び態度については，例えば，学習方法に関すること，自分自身に関すること，他者や社会とのかかわりに関することなどの視点を踏まえること。,73M0300140000000
総合的な学習の時間,1594,(5) 学習活動については，学校の実態に応じて，例えば国際理解，情報，環境，福祉・健康などの横断的・総合的な課題についての学習活動，生徒の興味・関心に基づく課題についての学習活動，地域や学校の特色に応じた課題についての学習活動，職業や自己の将来に関する学習活動などを行うこと。,73M0300150000000
総合的な学習の時間,1595,(6) 各教科，道徳科及び特別活動で身に付けた知識や技能等を相互に関連付け，学習や生活において生かし，それらが総合的に働くようにすること。,73M0300160000001
総合的な学習の時間,1596,(7) 各教科，道徳科及び特別活動の目標及び内容との違いに留意しつつ，第１の目標並びに第２の各学校において定める目標及び内容を踏まえた適切な学習活動を行うこと。,73M0300170000001
総合的な学習の時間,1597,(8) 各学校における総合的な学習の時間の名称については，各学校において適切に定めること。,73M0300180000000
総合的な学習の時間,1598,(9) 第１章総則の第１の２に示す道徳教育の目標に基づき，道徳科などとの関連を考慮しながら， 第３章特別の教科道徳の第２に示す内容について，総合的な学習の時間の特質に応じて適切な指導をすること。,73M0300190000001
総合的な学習の時間,1599,２　第２の内容の取扱いについては，次の事項に配慮するものとする。,73M0300200000000
総合的な学習の時間,1600,(1) 第２の各学校において定める目標及び内容に基づき，生徒の学習状況に応じて教師が適切な指導を行うこと。,73M0300210000000
総合的な学習の時間,1601,(2) 問題の解決や探究活動の過程においては，他者と協同して問題を解決しようとする学習活動や，言語により分析し，まとめたり表現したりするなどの学習活動が行われるようにすること。,73M0300220000000
総合的な学習の時間,1602,(3) 自然体験や職場体験活動，ボランティア活動などの社会体験，ものづくり，生産活動などの体験活動，観察・実験，見学や調査，発表や討論などの学習活動を積極的に取り入れること。,73M0300230000000
総合的な学習の時間,1603,(4) 体験活動については，第１の目標並びに第２の各学校において定める目標及び内容を踏まえ，問題の解決や探究活動の過程に適切に位置付けること。,73M0300240000000
総合的な学習の時間,1604,(5) グループ学習や異年齢集団による学習などの多様な学習形態，地域の人々の協力も得つつ全教師が一体となって指導に当たるなどの指導体制について工夫を行うこと。,73M0300250000000
総合的な学習の時間,1605,(6) 学校図書館の活用，他の学校との連携，公民館，図書館，博物館等の社会教育施設や社会教育関係団体等の各種団体との連携，地域の教材や学習環境の積極的な活用などの工夫を行うこと。,73M0300260000000
総合的な学習の時間,1606,(7) 職業や自己の将来に関する学習を行う際には，問題の解決や探究活動に取り組むことを通して，自己を理解し，将来の生き方を考えるなどの学習活動が行われるようにすること。,73M0300270000000
特別活動,1607,第５章　特別活動,73N0000000000000
特別活動,1608,"第１　目標
　望ましい集団活動を通して，心身の調和のとれた発達と個性の伸長を図り，集団や社会の一員としてよりよい生活や人間関係を築こうとする自主的，実践的な態度を育てるとともに，人間としての生き方についての自覚を深め，自己を生かす能力を養う。",73N0100000000000
特別活動,1609,第２　各活動・学校行事の目標及び内容 ,73N0200000000000
特別活動,1610,〔学級活動〕 ,73N1200000000000
特別活動,1611,"１　目標
　学級活動を通して，望ましい人間関係を形成し，集団の一員として学級や学校におけるよりよい生活づくりに参画し，諸問題を解決しようとする自主的，実践的な態度や健全な生活態度を育てる。",73N1202000000000
特別活動,1612,"２　内容
　学級を単位として，学級や学校の生活の充実と向上，生徒が当面する諸課題への対応に資する活動を行うこと。",73N1203000000000
特別活動,1613,(1) 学級や学校の生活づくり,73N1203100000000
特別活動,1614,ア　学級や学校における生活上の諸問題の解決,73N1203110000000
特別活動,1615,イ　学級内の組織づくりや仕事の分担処理,73N1203120000000
特別活動,1616,ウ　学校における多様な集団の生活の向上,73N1203130000000
特別活動,1617,(2) 適応と成長及び健康安全,73N1203200000000
特別活動,1618,ア　思春期の不安や悩みとその解決,73N1203210000000
特別活動,1619,イ　自己及び他者の個性の理解と尊重,73N1203220000000
特別活動,1620,ウ　社会の一員としての自覚と責任,73N1203230000000
特別活動,1621,エ　男女相互の理解と協力,73N1203240000000
特別活動,1622,オ　望ましい人間関係の確立,73N1203250000000
特別活動,1623,カ　ボランティア活動の意義の理解と参加,73N1203260000000
特別活動,1624,キ　心身ともに健康で安全な生活態度や習慣の形成,73N1203270000000
特別活動,1625,ク　性的な発達への適応,73N1203280000000
特別活動,1626,ケ　食育の観点を踏まえた学校給食と望ましい食習慣の形成,73N1203290000000
特別活動,1627,(3) 学業と進路,73N1203300000000
特別活動,1628,ア　学ぶことと働くことの意義の理解,73N1203310000000
特別活動,1629,イ　自主的な学習態度の形成と学校図書館の利用,73N1203320000000
特別活動,1630,ウ　進路適性の吟味と進路情報の活用,73N1203330000000
特別活動,1631,エ　望ましい勤労観・職業観の形成,73N1203340000000
特別活動,1632,オ　主体的な進路の選択と将来設計,73N1203350000000
特別活動,1633,〔生徒会活動〕 ,73N4200000000000
特別活動,1634,"１　目標
　生徒会活動を通して，望ましい人間関係を形成し，集団や社会の一員としてよりよい学校生活づくりに参画し，協力して諸問題を解決しようとする自主的，実践的な態度を育てる。",73N4202000000000
特別活動,1635,"２　内容
　学校の全生徒をもって組織する生徒会において，学校生活の充実と向上を図る活動を行うこと。",73N4203000000000
特別活動,1636,(1) 生徒会の計画や運営,73N4203100000000
特別活動,1637,(2) 異年齢集団による交流,73N4203200000000
特別活動,1638,(3) 生徒の諸活動についての連絡調整,73N4203300000000
特別活動,1639,(4) 学校行事への協力,73N4203400000000
特別活動,1640,(5) ボランティア活動などの社会参加,73N4203500000000
特別活動,1641,〔学校行事〕,73N5200000000000
特別活動,1642,"１　目標
　学校行事を通して，望ましい人間関係を形成し，集団への所属感や連帯感を深め，公共の精神を養い，協力してよりよい学校生活を築こうとする自主的，実践的な態度を育てる。",73N5202000000000
特別活動,1643,"２　内容
　全校又は学年を単位として，学校生活に秩序と変化を与え，学校生活の充実と発展に資する体験的な活動を行うこと。",73N5203000000000
特別活動,1644,"(1) 儀式的行事
学校生活に有意義な変化や折り目を付け，厳粛で清新な気分を味わい，新しい生活の展開への動機付けとなるような活動を行うこと。",73N5203100000000
特別活動,1645,"(2）文化的行事
平素の学習活動の成果を発表し，その向上の意欲を一層高めたり，文化や芸術に親しんだりするような活動を行うこと。 ",73N5203200000000
特別活動,1646,"(3) 健康安全・体育的行事
心身の健全な発達や健康の保持増進などについての理解を深め，安全な行動や規律ある集団行動の体得，運動に親しむ態度の育成，責任感や連帯感の涵（かん）養，体力の向上などに資するような活動を行うこと。 ",73N5203300000000
特別活動,1647,"(4) 旅行・集団宿泊的行事
平素と異なる生活環境にあって，見聞を広め，自然や文化などに親しむとともに，集団生活の在り方や公衆道徳などについての望ましい体験を積むことができるような活動を行うこと。",73N5203400000000
特別活動,1648,"(5) 勤労生産・奉仕的行事
勤労の尊さや創造することの喜びを体得し，職場体験などの職業や進路にかかわる啓発的な体験が得られるようにするとともに，共に助け合って生きることの喜びを体得し，ボランティア活動などの社会奉仕の精神を養う体験が得られるような活動を行うこと。",73N5203500000000
特別活動,1649,第３　指導計画の作成と内容の取扱い,73N0300000000000
特別活動,1650,１　指導計画の作成に当たっては，次の事項に配慮するものとする。,73N0300100000000
特別活動,1651,(1) 特別活動の全体計画や各活動・学校行事の年間指導計画の作成に当たっては，学校の創意工夫を生かすとともに，学校の実態や生徒の発達の段階などを考慮し，生徒による自主的，実践的な活動が助長されるようにすること。また，各教科，道徳科及び総合的な学習の時間などの指導との関連を図るとともに， 家庭や地域の人々との連携， 社会教育施設等の活用などを工夫すること。,73N0300110000001
特別活動,1652,(2) 生徒指導の機能を十分に生かすとともに，教育相談（進路相談を含む。）についても，生徒の家庭との連絡を密にし，適切に実施できるようにすること。,73N0300120000000
特別活動,1653,(3) 学校生活への適応や人間関係の形成，進路の選択などの指導に当たっては，ガイダンスの機能を充実するよう〔学級活動〕等の指導を工夫すること。特に，中学校入学当初においては，個々の生徒が学校生活に適応するとともに，希望と目標をもって生活をできるよう工夫すること。,73N0300130000000
特別活動,1654,(4) 第１章総則の第１の２に示す道徳教育の目標に基づき，道徳科などとの関連を考慮しながら，第３章特別の教科道徳の第２に示す内容について，特別活動の特質に応じて適切な指導をすること。,73N0300140000001
特別活動,1655,２　第２の内容の取扱いについては，次の事項に配慮するものとする。,73N0300200000000
特別活動,1656,(1) 〔学級活動〕及び〔生徒会活動〕の指導については，指導内容の特質に応じて，教師の適切な指導の下に，生徒の自発的，自治的な活動が効果的に展開されるようにするとともに，内容相互の関連を図るよう工夫すること。また，よりよい生活を築くために集団としての意見をまとめるなどの話合い活動や自分たちできまりをつくって守る活動，人間関係を形成する力を養う活動などを充実するよう工夫すること。,73N0300210000000
特別活動,1657,(2) 〔学級活動〕については，学校，生徒の実態及び第１章総則の第４の３の(2)に示す道徳教育の重点などを踏まえ，各学年において取り上げる指導内容の重点化を図るとともに，必要に応じて，内容間の関連や統合を図ったり，他の内容を加えたりすることができること。また，個々の生徒についての理解を深め，生徒との信頼関係を基礎に指導を行うとともに，生徒指導との関連を図るようにすること。,73N0300220000001
特別活動,1658,(3) 〔学校行事〕については，学校や地域及び生徒の実態に応じて，各種類ごとに，行事及びその内容を重点化するとともに，行事間の関連や統合を図るなど精選して実施すること。また，実施に当たっては，幼児，高齢者，障害のある人々などとの触れ合い，自然体験や社会体験などの体験活動を充実するとともに，体験活動を通して気付いたことなどを振り返り，まとめたり，発表し合ったりするなどの活動を充実するよう工夫すること。,73N0300230000000
特別活動,1659,３　入学式や卒業式などにおいては，その意義を踏まえ，国旗を掲揚するとともに，国歌を斉唱するよう指導するものとする。,73N0300300000000
