【74V10】高等学校学習指導要領（平成21年告示）コード表　Ver 1.0,,,
教科等,No,学習指導要領テキスト,学習指導要領コード
総則,1,第１章　総　　　則,7400000000000000
総則,2,第１款　教育課程編成の一般方針,7400000100000000
総則,3,"１　各学校においては，教育基本法及び学校教育法その他の法令並びにこの章以下に示すところに従い，生徒の人間として調和のとれた育成を目指し，地域や学校の実態，課程や学科の特色，生徒の心身の発達の段階及び特性等を十分考慮して，適切な教育課程を編成するものとし，これらに掲げる目標を達成するよう教育を行うものとする。
　学校の教育活動を進めるに当たっては，各学校において，生徒に生きる力をはぐくむことを目指し，創意工夫を生かした特色ある教育活動を展開する中で，基礎的・基本的な知識及び技能を確実に習得させ，これらを活用して課題を解決するために必要な思考力，判断力，表現力その他の能力をはぐくむとともに，主体的に学習に取り組む態度を養い，個性を生かす教育の充実に努めなければならない。その際，生徒の発達の段階を考慮して，生徒の言語活動を充実するとともに，家庭との連携を図りながら，生徒の学習習慣が確立するよう配慮しなければならない。",7400000110000000
総則,4,"２　学校における道徳教育は，生徒が自己探求と自己実現に努め国家・社会の一員としての自覚に基づき行為しうる発達の段階にあることを考慮し人間としての在り方生き方に関する教育を学校の教育活動全体を通じて行うことにより，その充実を図るものとし，各教科に属する科目，総合的な学習の時間及び特別活動のそれぞれの特質に応じて，適切な指導を行わなければならない。
　道徳教育は，教育基本法及び学校教育法に定められた教育の根本精神に基づき，人間尊重の精神と生命に対する畏《い》敬の念を家庭，学校，その他社会における具体的な生活の中に生かし，豊かな心をもち，伝統と文化を尊重し，それらをはぐくんできた我が国と郷土を愛し，個性豊かな文化の創造を図るとともに，公共の精神を尊び，民主的な社会及び国家の発展に努め，他国を尊重し，国際社会の平和と発展や環境の保全に貢献し未来を拓《ひら》く主体性のある日本人を育成するため，その基盤としての道徳性を養うことを目標とする。
　道徳教育を進めるに当たっては，特に，道徳的実践力を高めるとともに，自他の生命を尊重する精神，自律の精神及び社会連帯の精神並びに義務を果たし責任を重んずる態度及び人権を尊重し差別のないよりよい社会を実現しようとする態度を養うための指導が適切に行われるよう配慮しなければならない。",7400000120000000
総則,5,３　学校における体育・健康に関する指導は，生徒の発達の段階を考慮して，学校の教育活動全体を通じて適切に行うものとする。特に，学校における食育の推進並びに体力の向上に関する指導，安全に関する指導及び心身の健康の保持増進に関する指導については，保健体育科はもとより，家庭科，特別活動などにおいてもそれぞれの特質に応じて適切に行うよう努めることとする。また，それらの指導を通して，家庭や地域社会との連携を図りながら，日常生活において適切な体育･健康に関する活動の実践を促し，生涯を通じて健康･安全で活力ある生活を送るための基礎が培われるよう配慮しなければならない。,7400000130000000
総則,6,４　学校においては，地域や学校の実態等に応じて，就業やボランティアにかかわる体験的な学習の指導を適切に行うようにし，勤労の尊さや創造することの喜びを体得させ，望ましい勤労観，職業観の育成や社会奉仕の精神の涵《かん》養に資するものとする。,7400000140000000
総則,7,第２款　各教科・科目及び単位数等,7400000200000000
総則,8,"１　卒業までに履修させる単位数等
　各学校においては，卒業までに履修させる下記２から５までに示す各教科に属する科目及びその単位数，総合的な学習の時間の単位数並びに特別活動及びその授業時数に関する事項を定めるものとする。この場合，各教科に属する科目（以下「各教科・科目」という。）及び総合的な学習の時間の単位数の計は，第３款の１，２及び３の(1)に掲げる各教科・科目の単位数並びに総合的な学習の時間の単位数を含めて74単位以上とする。
　単位については，１単位時間を50分とし，35単位時間の授業を１単位として計算することを標準とする。ただし，通信制の課程においては，第７款の定めるところによるものとする。",7400000210000000
総則,9,"２　各学科に共通する各教科・科目及び総合的な学習の時間並びに標準単位数
　各学校においては，教育課程の編成に当たって，次の表に掲げる各教科・科目及び総合的な学習の時間並びにそれぞれの標準単位数を踏まえ，生徒に履修させる各教科・科目及び総合的な学習の時間並びにそれらの単位数について適切に定めるものとする。ただし，生徒の実態等を考慮し，特に必要がある場合には，標準単位数の標準の限度を超えて単位数を増加して配当することができる。",7400000220000000
総則,10,"【摘要】教科等（科目：標準単位数）
国語（国語総合：４,国語表現：３,現代文Ａ：２,現代文Ｂ：４,古典Ａ：２,古典Ｂ：４）
地理歴史（世界史Ａ：２,世界史Ｂ：４,日本史Ａ：２,日本史Ｂ：４,地理Ａ：２,地理Ｂ：４）
公民（現代社会：２,倫理：２,政治・経済：２）
数学（数学Ⅰ：３,数学Ⅱ：４,数学Ⅲ：５,数学Ａ：２,数学Ｂ：２,数学Ｃ：２）
理科（科学と人間生活：２,物理基礎：２,物理：４,化学基礎：２,化学：４,生物基礎：２,生物：４,地学基礎：２,地学：４,理科課題研究：１）
保健体育（体育：７～８,保健：２）
芸術（音楽Ⅰ：２,音楽Ⅱ：２,音楽Ⅲ：２,美術Ⅰ：２,美術Ⅱ：２,美術Ⅲ：２,工芸Ⅰ：２,工芸Ⅱ：２,工芸Ⅲ：２,書道Ⅰ：２,書道Ⅱ：２,書道Ⅲ：２）
外国語（コミュニケーション英語基礎：２,コミュニケーション英語Ⅰ：３,コミュニケーション英語Ⅱ：４,コミュニケーション英語Ⅲ：４,英語表現Ⅰ：２,英語表現Ⅱ：４,英語会話：２）
家庭（家庭基礎：２,家庭総合：４,生活デザイン：４）
情報（社会と情報：２,情報の科学：２）
総合的な学習の時間（　：３～６）",7400000221000000
総則,11,"３　主として専門学科において開設される各教科・科目
　各学校においては，教育課程の編成に当たって，次の表に掲げる主として専門学科（専門教育を主とする学科をいう。以下同じ。）において開設される各教科・科目及び設置者の定めるそれぞれの標準単位数を踏まえ，生徒に履修させる各教科・科目及びその単位数について適切に定めるものとする。",7400000230000000
総則,12,"農業（農業と環境，課題研究，総合実習，農業情報処理，作物，野菜，果樹，草花，畜産，農業経営，農業機械，食品製造，食品化学，微生物利用，植物バイオテクノロジー，動物バイオテクノロジー，農業経済，食品流通，森林科学，森林経営，林産物利用，農業土木設計，農業土木施工，水循環，造園計画，造園技術，環境緑化材料，測量，生物活用，
グリーンライフ）",7400000230100000
総則,13,工業（工業技術基礎，課題研究，実習，製図，工業数理基礎，情報技術基礎，材料技術基礎，生産システム技術，工業技術英語，工業管理技術，環境工学基礎，機械工作，機械設計，原動機，電子機械，電子機械応用，自動車工学，自動車整備，電気基礎，電気機器，電力技術，電子技術，電子回路，電子計測制御，通信技術，電子情報技術，プログラミング技術，ハードウェア技術，ソフトウェア技術，コンピュータシステム技術，建築構造，建築計画，建築構造設計，建築施工，建築法規，設備計画，空気調和設備，衛生・防災設備，測量，土木基礎力学，土木構造設計，土木施工，社会基盤工学，工業化学，化学工学，地球環境化学，材料製造技術，工業材料，材料加工，セラミック化学，セラミック技術，セラミック工業，繊維製品，繊維・染色技術，染織デザイン，インテリア計画，インテリア装備，インテリアエレメント生産，デザイン技術，デザイン材料，デザイン史）,7400000230200000
総則,14,商業（ビジネス基礎，課題研究，総合実践，ビジネス実務，マーケティング，商品開発，広告販売促進，ビジネス経済，ビジネス経済応用，経済活動と法，簿記，財務会計Ⅰ，財務会計Ⅱ，原価計算，管理会計，情報処理，ビジネス情報，電子商取引，プログラミング，ビジネス情報管理）,7400000230300000
総則,15,水産（水産海洋基礎，課題研究，総合実習，海洋情報技術，水産海洋科学，漁業，航海・計器，船舶運用，船用機関，機械設計工作，電気理論，移動体通信工学，海洋通信技術，資源増殖，海洋生物，海洋環境，小型船舶，食品製造，食品管理，水産流通，ダイビング，マリンスポーツ）,7400000230400000
総則,16,家庭（生活産業基礎，課題研究，生活産業情報，消費生活，子どもの発達と保育，子ども文化，生活と福祉，リビングデザイン，服飾文化，ファッション造形基礎，ファッション造形，ファッションデザイン，服飾手芸，フードデザイン，食文化，調理，栄養，食品，食品衛生，公衆衛生）,7400000230500000
総則,17,看護（基礎看護，人体と看護，疾病と看護，生活と看護，成人看護，老年看護，精神看護，在宅看護，母性看護，小児看護，看護の統合と実践，看護臨地実習，看護情報活用）,7400000230600000
総則,18,情報（情報産業と社会，課題研究，情報の表現と管理，情報と問題解決，情報テクノロジー，アルゴリズムとプログラム，ネットワークシステム，データベース，情報システム実習，情報メディア，情報デザイン，表現メディアの編集と表現，情報コンテンツ実習）,7400000230700000
総則,19,福祉（社会福祉基礎，介護福祉基礎，コミュニケーション技術，生活支援技術，介護過程，介護総合演習，介護実習，こころとからだの理解，福祉情報活用）,7400000230800000
総則,20,理数（理数数学Ⅰ，理数数学Ⅱ，理数数学特論，理数物理，理数化学，理数生物，理数地学，課題研究）,7400000230900000
総則,21,体育（スポーツ概論，スポーツⅠ，スポーツⅡ，スポーツⅢ，スポーツⅣ，スポーツⅤ，スポーツⅥ，スポーツ総合演習）,7400000231000000
総則,22,音楽（音楽理論，音楽史，演奏研究，ソルフェージュ，声楽，器楽，作曲，鑑賞研究）,7400000231100000
総則,23,美術（美術概論，美術史，素描，構成，絵画，版画，彫刻，ビジュアルデザイン，クラフトデザイン，情報メディアデザイン，映像表現，環境造形，鑑賞研究）,7400000231200000
総則,24,英語（総合英語，英語理解，英語表現，異文化理解，時事英語）,7400000231300000
総則,25,"４　学校設定科目
　学校においては，地域，学校及び生徒の実態，学科の特色等に応じ，特色ある教育課程の編成に資するよう，上記２及び３の表に掲げる教科について，これらに属する科目以外の科目（以下「学校設定科目」という。）を設けることができる。この場合において，学校設定科目の名称，目標，内容，単位数等については，その科目の属する教科の目標に基づき，各学校の定めるところによるものとする。",7400000240000000
総則,26,５　学校設定教科,7400000250000000
総則,27,(1) 学校においては，地域，学校及び生徒の実態，学科の特色等に応じ，特色ある教育課程の編成に資するよう，上記２及び３の表に掲げる教科以外の教科（以下「学校設定教科」という。）及び当該教科に関する科目を設けることができる。この場合において，学校設定教科及び当該教科に関する科目の名称，目標，内容，単位数等については，高等学校教育の目標及びその水準の維持等に十分配慮し，各学校の定めるところによるものとする。,7400000251000000
総則,28,(2) 学校においては，学校設定教科に関する科目として「産業社会と人間」を設けることができる。この科目の目標，内容，単位数等を各学校において定めるに当たっては，産業社会における自己の在り方生き方について考えさせ，社会に積極的に寄与し，生涯にわたって学習に取り組む意欲や態度を養うとともに，生徒の主体的な各教科・科目の選択に資するよう，就業体験等の体験的な学習や調査・研究などを通して，次のような事項について指導することに配慮するものとする。,7400000252000000
総則,29,ア　社会生活や職業生活に必要な基本的な能力や態度及び望ましい勤労観，職業観の育成,7400000252100000
総則,30,イ　我が国の産業の発展とそれがもたらした社会の変化についての考察,7400000252200000
総則,31,ウ　自己の将来の生き方や進路についての考察及び各教科・科目の履修計画の作成,7400000252300000
総則,32,第３款　各教科・科目の履修等,7400000300000000
総則,33,１　各学科に共通する必履修教科・科目及び総合的な学習の時間,7400000310000000
総則,34,(1) すべての生徒に履修させる各教科・科目（以下「必履修教科・科目」という。）は次のとおりとし，その単位数は，第２款の２に標準単位数として示された単位数を下らないものとする。ただし，生徒の実態及び専門学科の特色等を考慮し，特に必要がある場合には，「国語総合」については３単位又は２単位とし，「数学Ⅰ」及び「コミュニケーション英語Ⅰ」については２単位とすることができ，その他の必履修教科・科目（標準単位数が２単位であるものを除く。）についてはその単位数の一部を減じることができる。,7400000311000000
総則,35,ア　国語のうち「国語総合」,7400000311100000
総則,36,イ　地理歴史のうち「世界史Ａ」及び「世界史Ｂ」のうちから１科目並びに「日本史Ａ」，「日本史Ｂ」，「地理Ａ」及び「地理Ｂ」のうちから１科目 ,7400000311200000
総則,37,ウ　公民のうち「現代社会」又は「倫理」・「政治・経済」,7400000311300000
総則,38,エ　数学のうち「数学Ⅰ」,7400000311400000
総則,39,オ　理科のうち「科学と人間生活」，「物理基礎」，「化学基礎」，「生物基礎」及び「地学基礎」のうちから２科目（うち１科目は「科学と人間生活」とする。）又は「物理基礎」，「化学基礎」，「生物基礎」及び「地学基礎」のうちから３科目,7400000311500000
総則,40,カ　保健体育のうち「体育」及び「保健」,7400000311600000
総則,41,キ　芸術のうち「音楽Ⅰ」，「美術Ⅰ」，「工芸Ⅰ」及び「書道Ⅰ」のうちから１科目,7400000311700000
総則,42,ク　外国語のうち「コミュニケーション英語Ⅰ」（英語以外の外国語を履修する場合は，学校設定科目として設ける１科目とし，その標準単位数は３単位とする。）,7400000311800000
総則,43,ケ　家庭のうち「家庭基礎」，「家庭総合」及び「生活デザイン」のうちから１科目,7400000311900000
総則,44,コ　情報のうち「社会と情報」及び「情報の科学」のうちから１科目,7400000311A00000
総則,45,(2) 総合的な学習の時間については，すべての生徒に履修させるものとし，その単位数は，第２款の２に標準単位数として示された単位数の下限を下らないものとする。ただし，特に必要がある場合には，その単位数を２単位とすることができる。,7400000312000000
総則,46,"２　専門学科における各教科・科目の履修
　専門学科における各教科・科目の履修については，上記１のほか次のとおりとする。",7400000320000000
総則,47,(1) 専門学科においては，専門教科・科目（第２款の３の表に掲げる各教科・科目，同表の教科に属する学校設定科目及び専門教育に関する学校設定教科に関する科目をいう。以下同じ。）について，すべての生徒に履修させる単位数は，25単位を下らないこと。ただし，商業に関する学科においては，上記の単位数の中に外国語に属する科目の単位を５単位まで含めることができること。また，商業に関する学科以外の専門学科においては，各学科の目標を達成する上で，専門教科・科目以外の教科・科目の履修により，専門教科・科目の履修と同様の成果が期待できる場合においては，その専門教科・科目以外の教科・科目の単位を５単位まで上記の単位数の中に含めることができること。,7400000321000000
総則,48,(2) 専門教科・科目の履修によって，上記１の必履修教科・科目の履修と同様の成果が期待できる場合においては，その専門教科・科目の履修をもって，必履修教科・科目の履修の一部又は全部に替えることができること。,7400000322000000
総則,49,(3) 職業教育を主とする専門学科においては，総合的な学習の時間の履修により，農業，工業，商業，水産，家庭若しくは情報の各教科に属する「課題研究」，「看護臨地実習」又は「介護総合演習」（以下この項において「課題研究等」という。）の履修と同様の成果が期待できる場合においては，総合的な学習の時間の履修をもって課題研究等の履修の一部又は全部に替えることができる。また，課題研究等の履修により，総合的な学習の時間の履修と同様の成果が期待できる場合においては，課題研究等の履修をもって総合的な学習の時間の履修の一部又は全部に替えることができる。,7400000323000000
総則,50,"３　総合学科における各教科・科目の履修等
　総合学科における各教科・科目の履修等については，上記１のほか次のとおりとする。",7400000330000000
総則,51,(1) 総合学科においては，第２款の５の(2)に掲げる「産業社会と人間」をすべての生徒に原則として入学年次に履修させるものとし，標準単位数は２～４単位とすること。,7400000331000000
総則,52,(2) 総合学科においては，学年による教育課程の区分を設けない課程（以下「単位制による課程」という。）とすることを原則とするとともに，「産業社会と人間」及び専門教科・科目を合わせて25単位以上設け，生徒が多様な各教科・科目から主体的に選択履修できるようにすること。その際，生徒が選択履修するに当たっての指針となるよう，体系性や専門性等において相互に関連する各教科・科目によって構成される科目群を複数設けるとともに，必要に応じ，それら以外の各教科・科目を設け，生徒が自由に選択履修できるようにすること。,7400000332000000
総則,53,第４款　各教科・科目，総合的な学習の時間及び特別活動の授業時数等,7400000400000000
総則,54,１　全日制の課程における各教科・科目及びホームルーム活動の授業は，年間35週行うことを標準とし，必要がある場合には，各教科・科目の授業を特定の学期又は特定の期間（夏季，冬季，学年末等の休業日の期間に授業日を設定する場合を含む。）に行うことができる。,7400000410000000
総則,55,２　全日制の課程における週当たりの授業時数は，30単位時間を標準とする。ただし，必要がある場合には，これを増加することができる。,7400000420000000
総則,56,３　定時制の課程における授業日数の季節的配分又は週若しくは１日当たりの授業時数については，生徒の勤労状況と地域の諸事情等を考慮して，適切に定めるものとする。,7400000430000000
総則,57,４　ホームルーム活動の授業時数については，原則として，年間35単位時間以上とするものとする。,7400000440000000
総則,58,５　生徒会活動及び学校行事については，学校の実態に応じて，それぞれ適切な授業時数を充てるものとする。,7400000450000000
総則,59,６　定時制の課程において，特別の事情がある場合には，ホームルーム活動の授業時数の一部を減じ，又はホームルーム活動及び生徒会活動の内容の一部を行わないものとすることができる。,7400000460000000
総則,60,７　各教科・科目，総合的な学習の時間及び特別活動（以下「各教科・科目等」という。）のそれぞれの授業の１単位時間は，各学校において，各教科・科目等の授業時数を確保しつつ，生徒の実態及び各教科・科目等の特質を考慮して適切に定めるものとする。なお，10分間程度の短い時間を単位として特定の各教科・科目の指導を行う場合において，当該各教科・科目を担当する教師がその指導内容の決定や指導の成果の把握と活用等を責任をもって行う体制が整備されているときは，その時間を当該各教科・科目の授業時数に含めることができる。,7400000470000000
総則,61,８　総合的な学習の時間における学習活動により，特別活動の学校行事に掲げる各行事の実施と同様の成果が期待できる場合においては，総合的な学習の時間における学習活動をもって相当する特別活動の学校行事に掲げる各行事の実施に替えることができる。,7400000480000000
総則,62,第５款　教育課程の編成・実施に当たって配慮すべき事項,7400000500000000
総則,63,"１　選択履修の趣旨を生かした適切な教育課程編成
　教育課程の編成に当たっては，生徒の特性，進路等に応じた適切な各教科・科目の履修ができるようにし，このため，多様な各教科・科目を設け生徒が自由に選択履修することのできるよう配慮するものとする。また，教育課程の類型を設け，そのいずれかの類型を選択して履修させる場合においても，その類型において履修させることになっている各教科・科目以外の各教科・科目を履修させたり，生徒が自由に選択履修することのできる各教科・科目を設けたりするものとする。",7400000510000000
総則,64,２　各教科・科目等の内容等の取扱い,7400000520000000
総則,65,(1) 学校においては，第２章以下に示していない事項を加えて指導することができる。また，第２章以下に示す内容の取扱いのうち内容の範囲や程度等を示す事項は，当該科目を履修するすべての生徒に対して指導するものとする内容の範囲や程度等を示したものであり，学校において必要がある場合には，この事項にかかわらず指導することができる。ただし，これらの場合には，第２章以下に示す教科，科目及び特別活動の目標や内容の趣旨を逸脱したり，生徒の負担過重になったりすることのないようにするものとする。,7400000521000000
総則,66,(2) 第２章以下に示す各教科・科目及び特別活動の内容に掲げる事項の順序は，特に示す場合を除き，指導の順序を示すものではないので，学校においては，その取扱いについて適切な工夫を加えるものとする。,7400000522000000
総則,67,(3) 学校においては，あらかじめ計画して，各教科・科目の内容及び総合的な学習の時間における学習活動を学期の区分に応じて単位ごとに分割して指導することができる。,7400000523000000
総則,68,(4) 学校においては，特に必要がある場合には，第２章及び第３章に示す教科及び科目の目標の趣旨を損なわない範囲内で，各教科・科目の内容に関する事項について，基礎的・基本的な事項に重点を置くなどその内容を適切に選択して指導することができる。,7400000524000000
総則,69,"３　指導計画の作成に当たって配慮すべき事項
　各学校においては，次の事項に配慮しながら，学校の創意工夫を生かし，全体として，調和のとれた具体的な指導計画を作成するものとする。",7400000530000000
総則,70,(1) 各教科・科目等について相互の関連を図り，発展的，系統的な指導ができるようにすること。,7400000531000000
総則,71,(2) 各教科・科目の指導内容については，各事項のまとめ方及び重点の置き方に適切な工夫を加えて，効果的な指導ができるようにすること。,7400000532000000
総則,72,(3) 学校や生徒の実態等に応じ，必要がある場合には，例えば次のような工夫を行い，義務教育段階での学習内容の確実な定着を図るようにすること。,7400000533000000
総則,73,ア　各教科・科目の指導に当たり，義務教育段階での学習内容の確実な定着を図るための学習機会を設けること。,7400000533100000
総則,74,イ　義務教育段階での学習内容の確実な定着を図りながら，必履修教科・科目の内容を十分に習得させることができるよう，その単位数を標準単位数の標準の限度を超えて増加して配当すること。,7400000533200000
総則,75,ウ　義務教育段階での学習内容の確実な定着を図ることを目標とした学校設定科目等を履修させた後に，必履修教科・科目を履修させるようにすること。,7400000533300000
総則,76,(4) 全教師が協力して道徳教育を展開するため，第１款の２に示す道徳教育の目標を踏まえ，指導の方針や重点を明確にして，学校の教育活動全体を通じて行う道徳教育について，その全体計画を作成すること。,7400000534000000
総則,77,４　職業教育に関して配慮すべき事項,7400000540000000
総則,78,(1) 普通科においては，地域や学校の実態，生徒の特性，進路等を考慮し，必要に応じて，適切な職業に関する各教科・科目の履修の機会の確保について配慮するものとする。,7400000541000000
総則,79,(2) 職業教育を主とする専門学科においては，次の事項に配慮するものとする。,7400000542000000
総則,80,ア　職業に関する各教科・科目については，実験・実習に配当する授業時数を十分確保するようにすること。,7400000542100000
総則,81,イ　生徒の実態を考慮し，職業に関する各教科・科目の履修を容易にするため特別な配慮が必要な場合には，各分野における基礎的又は中核的な科目を重点的に選択し，その内容については基礎的・基本的な事項が確実に身に付くように取り扱い，また，主として実験・実習によって指導するなどの工夫をこらすようにすること。,7400000542200000
総則,82,"(3) 学校においては，キャリア教育を推進するために，地域や学校の実態，生徒の特性,進路等を考慮し,地域や産業界等との連携を図り,産業現場等における長期間の実習を取り入れるなどの就業体験の機会を積極的に設けるとともに，地域や産業界等の人々の協力を積極的に得るよう配慮するものとする。",7400000543000000
総則,83,(4) 職業に関する各教科・科目については，次の事項に配慮するものとする。,7400000544000000
総則,84,ア　職業に関する各教科・科目については，就業体験をもって実習に替えることができること。この場合，就業体験は，その各教科・科目の内容に直接関係があり，かつ，その一部としてあらかじめ計画されるものであることを要すること。,7400000544100000
総則,85,イ　農業，水産及び家庭に関する各教科・科目の指導に当たっては，ホームプロジェクト並びに学校家庭クラブ及び学校農業クラブなどの活動を活用して，学習の効果を上げるよう留意すること。この場合，ホームプロジェクトについては，その各教科・科目の授業時数の10分の２以内をこれに充てることができること。,7400000544200000
総則,86,ウ　定時制及び通信制の課程において，職業に関する各教科・科目を履修する生徒が，現にその各教科・科目と密接な関係を有する職業（家事を含む。）に従事している場合で，その職業における実務等が，その各教科・科目の一部を履修した場合と同様の成果があると認められるときは，その実務等をもってその各教科・科目の履修の一部に替えることができること。,7400000544300000
総則,87,"５　教育課程の実施等に当たって配慮すべき事項
　以上のほか，次の事項について配慮するものとする。",7400000550000000
総則,88,(1) 各教科・科目等の指導に当たっては，生徒の思考力，判断力，表現力等をはぐくむ観点から，基礎的・基本的な知識及び技能の活用を図る学習活動を重視するとともに，言語に対する関心や理解を深め，言語に関する能力の育成を図る上で必要な言語環境を整え，生徒の言語活動を充実すること。,7400000551000000
総則,89,(2) 学校の教育活動全体を通じて，個々の生徒の特性等の的確な把握に努め，その伸長を図ること。また，生徒が適切な各教科・科目や類型を選択し学校やホームルームでの生活によりよく適応するとともに，現在及び将来の生き方を考え行動する態度や能力を育成することができるよう，ガイダンスの機能の充実を図ること。,7400000552000000
総則,90,(3) 教師と生徒の信頼関係及び生徒相互の好ましい人間関係を育てるとともに生徒理解を深め，生徒が主体的に判断，行動し積極的に自己を生かしていくことができるよう，生徒指導の充実を図ること。,7400000553000000
総則,91,(4) 生徒が自己の在り方生き方を考え，主体的に進路を選択することができるよう，学校の教育活動全体を通じ，計画的，組織的な進路指導を行い，キャリア教育を推進すること。,7400000554000000
総則,92,(5) 各教科・科目等の指導に当たっては，生徒が学習の見通しを立てたり学習したことを振り返ったりする活動を計画的に取り入れるようにすること。,7400000555000000
総則,93,(6) 各教科・科目等の指導に当たっては，教師間の連携協力を密にするなど指導体制を確立するとともに，学校や生徒の実態に応じ，個別指導やグループ別指導，繰り返し指導，教師間の協力的な指導，生徒の学習内容の習熟の程度等に応じた弾力的な学級の編成など指導方法や指導体制を工夫改善し，個に応じた指導の充実を図ること。,7400000556000000
総則,94,(7) 学習の遅れがちな生徒などについては，各教科・科目等の選択，その内容の取扱いなどについて必要な配慮を行い，生徒の実態に応じ，例えば義務教育段階の学習内容の確実な定着を図るための指導を適宜取り入れるなど，指導内容や指導方法を工夫すること。,7400000557000000
総則,95,(8) 障害のある生徒などについては，各教科・科目等の選択，その内容の取扱いなどについて必要な配慮を行うとともに，特別支援学校等の助言又は援助を活用しつつ，例えば指導についての計画又は家庭や医療，福祉，労働等の業務を行う関係機関と連携した支援のための計画を個別に作成することなどにより，個々の生徒の障害の状態等に応じた指導内容や指導方法の工夫を計画的，組織的に行うこと。,7400000558000000
総則,96,(9) 海外から帰国した生徒などについては，学校生活への適応を図るとともに，外国における生活経験を生かすなど適切な指導を行うこと。,7400000559000000
総則,97,(10) 各教科・科目等の指導に当たっては，生徒が情報モラルを身に付け，コンピュータや情報通信ネットワークなどの情報手段を適切かつ実践的，主体的に活用できるようにするための学習活動を充実するとともに，これらの情報手段に加え視聴覚教材や教育機器などの教材・教具の適切な活用を図ること。,740000055A000000
総則,98,(11) 学校図書館を計画的に利用しその機能の活用を図り，生徒の主体的，意欲的な学習活動や読書活動を充実すること。,740000055B000000
総則,99,(12) 生徒のよい点や進歩の状況などを積極的に評価するとともに，指導の過程や成果を評価し，指導の改善を行い学習意欲の向上に生かすようにすること。,740000055C000000
総則,100,(13) 生徒の自主的，自発的な参加により行われる部活動については，スポーツや文化及び科学等に親しませ，学習意欲の向上や責任感，連帯感の涵《かん》養等に資するものであり，学校教育の一環として，教育課程との関連が図られるよう留意すること。その際，地域や学校の実態に応じ，地域の人々の協力，社会教育施設や社会教育関係団体等の各種団体との連携などの運営上の工夫を行うようにすること。 ,740000055D000000
総則,101,(14) 学校がその目的を達成するため，地域や学校の実態等に応じ，家庭や地域の人々の協力を得るなど家庭や地域社会との連携を深めること。また，高等学校間や中学校，特別支援学校及び大学などとの間の連携や交流を図るとともに，障害のある幼児児童生徒などとの交流及び共同学習や高齢者などとの交流の機会を設けること。,740000055E000000
総則,102,第６款　単位の修得及び卒業の認定,7400000600000000
総則,103,１　各教科・科目及び総合的な学習の時間の単位の修得の認定,7400000610000000
総則,104,(1) 学校においては，生徒が学校の定める指導計画に従って各教科・科目を履修し，その成果が教科及び科目の目標からみて満足できると認められる場合には，その各教科・科目について履修した単位を修得したことを認定しなければならない。,7400000611000000
総則,105,(2) 学校においては，生徒が学校の定める指導計画に従って総合的な学習の時間を履修し，その成果が第４章に定める目標からみて満足できると認められる場合には，総合的な学習の時間について履修した単位を修得したことを認定しなければならない。,7400000612000000
総則,106,(3) 学校においては，生徒が１科目又は総合的な学習の時間を２以上の年次にわたって分割履修したときは，各年次ごとにその各教科・科目又は総合的な学習の時間について履修した単位を修得したことを認定することを原則とする。また，単位の修得の認定を学期の区分ごとに行うことができる。,7400000613000000
総則,107,"２　卒業までに修得させる単位数
　学校においては，卒業までに修得させる単位数を定め，校長は，当該単位数を修得した者で，特別活動の成果がその目標からみて満足できると認められるものについて，高等学校の全課程の修了を認定するものとする。この場合，卒業までに修得させる単位数は，74単位以上とする。なお，普通科においては，卒業までに修得させる単位数に含めることができる学校設定科目及び学校設定教科に関する科目に係る修得単位数は，合わせて20単位を超えることができない。",7400000620000000
総則,108,"３　各学年の課程の修了の認定
　学校においては，各学年の課程の修了の認定については，単位制が併用されていることを踏まえ，弾力的に行うよう配慮するものとする。",7400000630000000
総則,109,"第７款　通信制の課程における教育課程の特例
　通信制の課程における教育課程については，第１款から第６款まで（第４款，第５款の１並びに第５款の４の(4)のア及びイを除く。）に定めるところによるほか，次に定めるところによる。",7400000700000000
総則,110,１　各教科・科目の添削指導の回数及び面接指導の単位時間（１単位時間は，50分として計算するものとする。以下同じ。）数の標準は，１単位につき次の表のとおりとするほか，学校設定教科に関する科目のうち専門教科・科目以外のものについては，各学校が定めるものとする。,7400000710000000
総則,111,"国語，地理歴史，公民及び数学に属する科目（添削指導３回，面接指導１（単位時間））
理科に属する科目（添削指導３回，面接指導４（単位時間））
保健体育に属する科目のうち「体育」（添削指導１回，面接指導５（単位時間））
保健体育に属する科目のうち「保健」（添削指導３回，面接指導１（単位時間））
芸術及び外国語に属する科目（添削指導３回，面接指導４（単位時間））
家庭及び情報に属する科目並びに専門教科・科目（添削指導は各教科・科目の必要に応じて２～３回，面接指導は各教科・科目の必要に応じて２～８（単位時間））",7400000711000000
総則,112,２　総合的な学習の時間の添削指導の回数及び面接指導の単位時間数については，各学校において，学習活動に応じ適切に定めるものとする。,7400000720000000
総則,113,３　面接指導の授業の１単位時間は，各学校において，各教科・科目の面接指導の単位時間数を確保しつつ，生徒の実態及び各教科・科目等の特質を考慮して適切に定めるものとする。,7400000730000000
総則,114,４　学校が，その指導計画に，各教科・科目又は特別活動について計画的かつ継続的に行われるラジオ放送，テレビ放送その他の多様なメディアを利用して行う学習を取り入れた場合で，生徒がこれらの方法により学習し，報告課題の作成等により，その成果が満足できると認められるときは，その生徒について，その各教科・科目の面接指導の時間数又は特別活動の時間数のうち，各メディアごとにそれぞれ10分の６以内の時間数を免除することができる。ただし，免除する時間数は，合わせて10分の８を超えることができない。,7400000740000000
総則,115,５　特別活動については，ホームルーム活動を含めて，各々の生徒の卒業までに30単位時間以上指導するものとする。なお，特別の事情がある場合には，ホームルーム活動及び生徒会活動の内容の一部を行わないものとすることができる。,7400000750000000
各教科（共通）,116,第２章　各学科に共通する各教科,74n0000000000000
国語,117,第１節　国　　　語,7410000000000000
国語,118,"第１款　目　標
　国語を適切に表現し的確に理解する能力を育成し，伝え合う力を高めるとともに，思考力や想像力を伸ばし，心情を豊かにし，言語感覚を磨き，言語文化に対する関心を深め，国語を尊重してその向上を図る態度を育てる。",7410100000000000
国語,119,第２款　各　科　目,7410500000000000
国語,120,第１　国語総合,7411500000000000
国語,121,"１　目　標
　国語を適切に表現し的確に理解する能力を育成し，伝え合う力を高めるとともに，思考力や想像力を伸ばし，心情を豊かにし，言語感覚を磨き，言語文化に対する関心を深め，国語を尊重してその向上を図る態度を育てる。",7411502000000000
国語,122,２　内　容,7411503000000000
国語,123,Ａ　話すこと・聞くこと,7411503100000000
国語,124,(1) 次の事項について指導する。,7411503110000000
国語,125,ア　話題について様々な角度から検討して自分の考えをもち，根拠を明確にするなど論理の構成や展開を工夫して意見を述べること。,7411503111000000
国語,126,イ　目的や場に応じて，効果的に話したり的確に聞き取ったりすること。,7411503112000000
国語,127,ウ　課題を解決したり考えを深めたりするために，相手の立場や考えを尊重し，表現の仕方や進行の仕方などを工夫して話し合うこと。,7411503113000000
国語,128,エ　話したり聞いたり話し合ったりしたことの内容や表現の仕方について自己評価や相互評価を行い，自分の話し方や言葉遣いに役立てるとともに，ものの見方，感じ方，考え方を豊かにすること。,7411503114000000
国語,129,(2) (1)に示す事項については，例えば，次のような言語活動を通して指導するものとする。,7411503120000000
国語,130,ア　状況に応じた話題を選んでスピーチしたり，資料に基づいて説明したりすること。,7411503121000000
国語,131,イ　調査したことなどをまとめて報告や発表をしたり，内容や表現の仕方を吟味しながらそれらを聞いたりすること。,7411503122000000
国語,132,ウ　反論を想定して発言したり疑問点を質問したりしながら，課題に応じた話合いや討論などを行うこと。,7411503123000000
国語,133,Ｂ　書くこと,7411503200000000
国語,134,(1) 次の事項について指導する。,7411503210000000
国語,135,ア　相手や目的に応じて題材を選び，文章の形態や文体，語句などを工夫して書くこと。,7411503211000000
国語,136,イ　論理の構成や展開を工夫し，論拠に基づいて自分の考えを文章にまとめること。,7411503212000000
国語,137,ウ　対象を的確に説明したり描写したりするなど，適切な表現の仕方を考えて書くこと。,7411503213000000
国語,138,エ　優れた表現に接してその条件を考えたり，書いた文章について自己評価や相互評価を行ったりして，自分の表現に役立てるとともに，ものの見方，感じ方，考え方を豊かにすること。,7411503214000000
国語,139,(2) (1)に示す事項については，例えば，次のような言語活動を通して指導するものとする。,7411503220000000
国語,140,ア　情景や心情の描写を取り入れて，詩歌をつくったり随筆などを書いたりすること。,7411503221000000
国語,141,イ　出典を明示して文章や図表などを引用し，説明や意見などを書くこと。,7411503222000000
国語,142,ウ　相手や目的に応じた語句を用い，手紙や通知などを書くこと。,7411503223000000
国語,143,Ｃ　読むこと,7411503300000000
国語,144,(1) 次の事項について指導する。,7411503310000000
国語,145,ア　文章の内容や形態に応じた表現の特色に注意して読むこと。,7411503311000000
国語,146,イ　文章の内容を叙述に即して的確に読み取ったり，必要に応じて要約や詳述をしたりすること。,7411503312000000
国語,147,ウ　文章に描かれた人物，情景，心情などを表現に即して読み味わうこと。,7411503313000000
国語,148,エ　文章の構成や展開を確かめ，内容や表現の仕方について評価したり，書き手の意図をとらえたりすること。,7411503314000000
国語,149,オ　幅広く本や文章を読み，情報を得て用いたり，ものの見方，感じ方，考え方を豊かにしたりすること。,7411503315000000
国語,150,(2) (1)に示す事項については，例えば，次のような言語活動を通して指導するものとする。,7411503320000000
国語,151,ア　文章を読んで脚本にしたり，古典を現代の物語に書き換えたりすること。,7411503321000000
国語,152,イ　文字，音声，画像などのメディアによって表現された情報を，課題に応じて読み取り，取捨選択してまとめること。,7411503322000000
国語,153,ウ　現代の社会生活で必要とされている実用的な文章を読んで内容を理解し，自分の考えをもって話し合うこと。,7411503323000000
国語,154,エ　様々な文章を読み比べ，内容や表現の仕方について，感想を述べたり批評する文章を書いたりすること。,7411503324000000
国語,155,〔伝統的な言語文化と国語の特質に関する事項〕,7411503400000000
国語,156,(1) 「Ａ話すこと・聞くこと」，「Ｂ書くこと」及び「Ｃ読むこと」の指導を通して，次の事項について指導する。,7411503410000000
国語,157,ア　伝統的な言語文化に関する事項,7411503411000000
国語,158,(ｱ) 言語文化の特質や我が国の文化と外国の文化との関係について気付き，伝統的な言語文化への興味・関心を広げること。,7411503411100000
国語,159,(ｲ) 文語のきまり，訓読のきまりなどを理解すること。,7411503411200000
国語,160,イ　言葉の特徴やきまりに関する事項,7411503412000000
国語,161,(ｱ) 国語における言葉の成り立ち，表現の特色及び言語の役割などを理解すること。,7411503412100000
国語,162,(ｲ) 文や文章の組立て，語句の意味，用法及び表記の仕方などを理解し，語彙《い》を豊かにすること。,7411503412200000
国語,163,ウ　漢字に関する事項,7411503413000000
国語,164,(ｱ) 常用漢字の読みに慣れ，主な常用漢字が書けるようになること。,7411503413100000
国語,165,３　内容の取扱い,7411505000000000
国語,166,(1) 総合的な言語能力を養うため，内容のＡ，Ｂ，Ｃ及び〔伝統的な言語文化と国語の特質に関する事項〕について相互に密接な関連を図り，効果的に指導するようにする。,7411505100000000
国語,167,(2) 内容のＡに関する指導については，次の事項に配慮するものとする。,7411505200000000
国語,168,ア　話すこと・聞くことを主とする指導には15～25単位時間程度を配当するものとし，計画的に指導すること。,7411505210000000
国語,169,イ　口語のきまり，言葉遣い，敬語の用法などについて，必要に応じて扱うこと。,7411505220000000
国語,170,(3) 内容のＢに関する指導については，次の事項に配慮するものとする。,7411505300000000
国語,171,ア　書くことを主とする指導には30～40単位時間程度を配当するものとし，計画的に指導すること。,7411505310000000
国語,172,(4) 内容のＣに関する指導については，次の事項に配慮するものとする。,7411505400000000
国語,173,ア　古典を教材とした授業時数と近代以降の文章を教材とした授業時数との割合は，おおむね同等とすることを目安として，生徒の実態に応じて適切に定めること。なお，古典における古文と漢文との割合は，一方に偏らないようにすること。,7411505410000000
国語,174,イ　文章を読み深めるため，音読，朗読，暗唱などを取り入れること。,7411505420000000
国語,175,ウ　自分の読書生活を振り返り，読書の幅を広げ，読書の習慣を養うこと。,7411505430000000
国語,176,(5) 内容の〔伝統的な言語文化と国語の特質に関する事項〕については，次の事項に配慮するものとする。,7411505500000000
国語,177,ア　中学校の指導の上に立って，内容のＡ，Ｂ及びＣの指導の中で深めること。,7411505510000000
国語,178,イ　(1)のアの(ｲ)については，読むことの指導に即して行うこと。,7411505520000000
国語,179,(6) 教材については，次の事項に留意するものとする。,7411505600000000
国語,180,ア　教材は，話すこと・聞くことの能力，書くことの能力，読むことの能力などを偏りなく養うことや読書に親しむ態度の育成をねらいとし，生徒の発達の段階に即して適切な話題や題材を精選して調和的に取り上げること。また，内容のＡ，Ｂ及びＣのそれぞれの(2)に掲げる言語活動が十分行われるよう教材を選定すること。,7411505610000000
国語,181,イ　古典の教材については，表記を工夫し，注釈，傍注，解説，現代語訳などを適切に用い，特に漢文については訓点を付け，必要に応じて書き下し文を用いるなど理解しやすいようにすること。また，古典に関連する近代以降の文章を含めること。,7411505620000000
国語,182,ウ　教材は，次のような観点に配慮して取り上げること。,7411505630000000
国語,183,(ｱ) 言語文化に対する関心や理解を深め，国語を尊重する態度を育てるのに役立つこと。,7411505631000000
国語,184,(ｲ) 日常の言葉遣いなど言語生活に関心をもち，伝え合う力を高めるのに役立つこと。,7411505632000000
国語,185,(ｳ) 思考力や想像力を伸ばし，心情を豊かにし，言語感覚を磨くのに役立つこと。,7411505633000000
国語,186,(ｴ) 情報を活用して，公正かつ適切に判断する能力や創造的精神を養うのに役立つこと。,7411505634000000
国語,187,(ｵ) 科学的，論理的な見方や考え方を養い，視野を広げるのに役立つこと。,7411505635000000
国語,188,(ｶ) 生活や人生について考えを深め，人間性を豊かにし，たくましく生きる意志を培うのに役立つこと。,7411505636000000
国語,189,(ｷ) 人間，社会，自然などに広く目を向け，考えを深めるのに役立つこと。,7411505637000000
国語,190,(ｸ) 我が国の伝統と文化に対する関心や理解を深め，それらを尊重する態度を育てるのに役立つこと。,7411505638000000
国語,191,(ｹ) 広い視野から国際理解を深め，日本人としての自覚をもち，国際協調の精神を高めるのに役立つこと。,7411505639000000
国語,192,第２　国語表現,7412500000000000
国語,193,"１　目　標 
　国語で適切かつ効果的に表現する能力を育成し，伝え合う力を高めるとともに，思考力や想像力を伸ばし，言語感覚を磨き，進んで表現することによって国語の向上や社会生活の充実を図る態度を育てる。",7412502000000000
国語,194,２　内　容,7412503000000000
国語,195,(1) 次の事項について指導する。,7412503100000000
国語,196,ア　話題や題材に応じて情報を収集し，分析して，自分の考えをまとめたり深めたりすること。,7412503110000000
国語,197,イ　相手の立場や異なる考えを尊重して課題を解決するために，論拠の妥当性を判断しながら話し合うこと。,7412503120000000
国語,198,ウ　主張や感動などが効果的に伝わるように，論理の構成や描写の仕方などを工夫して書くこと。,7412503130000000
国語,199,エ　目的や場に応じて，言葉遣いや文体など表現を工夫して効果的に話したり書いたりすること。,7412503140000000
国語,200,オ　様々な表現についてその効果を吟味したり，書いた文章を互いに読み合って批評したりして，自分の表現や推敲《こう》に役立てるとともに，ものの見方，感じ方，考え方を豊かにすること。,7412503150000000
国語,201,カ　国語における言葉の成り立ち，表現の特色及び言語の役割などについて理解を深めること。,7412503160000000
国語,202,(2) (1)に示す事項については，例えば，次のような言語活動を通して指導するものとする。,7412503200000000
国語,203,ア　様々な考え方ができる事柄について，幅広い情報を基に自分の考えをまとめ，発表したり討論したりすること。,7412503210000000
国語,204,イ　詩歌をつくったり小説などを書いたり，鑑賞したことをまとめたりすること。,7412503220000000
国語,205,ウ　関心をもった事柄について調査したことを整理して，解説や論文などにまとめること。,7412503230000000
国語,206,エ　相手や目的に応じて，紹介，連絡，依頼などのための話をしたり文章を書いたりすること。,7412503240000000
国語,207,オ　話題や題材などについて調べてまとめたことや考えたことを伝えるための資料を，図表や画像なども用いて編集すること。,7412503250000000
国語,208,３　内容の取扱い,7412505000000000
国語,209,(1) 生徒の実態等に応じて，話すこと・聞くこと又は書くことのいずれかに重点を置いて指導することができる。,7412505100000000
国語,210,(2) 内容の(1)のエについては，発声や発音の仕方，話す速度，文章の形式なども必要に応じて扱うようにする。,7412505200000000
国語,211,(3) 内容の(1)のカについては，文や文章，語句，語彙《い》及び文語の表現法なども必要に応じて関連的に扱うようにする。また，現代社会における言語生活の在り方について考えさせるようにする。,7412505300000000
国語,212,(4) 教材は，思考力や想像力を伸ばす学習活動に役立つもの，情報を活用して表現する学習活動に役立つもの，歴史的，国際的な視野から現代の国語を考える学習活動に役立つものを取り上げるようにする。,7412505400000000
国語,213,第３　現代文Ａ,7413500000000000
国語,214,"１　目　標
　近代以降の様々な文章を読むことによって，我が国の言語文化に対する理解を深め，生涯にわたって読書に親しみ，国語の向上や社会生活の充実を図る態度を育てる。",7413502000000000
国語,215,２　内　容,7413503000000000
国語,216,(1) 次の事項について指導する。,7413503100000000
国語,217,ア　文章に表れたものの見方，感じ方，考え方を読み取り，人間，社会，自然などについて考察すること。,7413503110000000
国語,218,イ　文章特有の表現を味わったり，語句の用いられ方について理解を深めたりすること。,7413503120000000
国語,219,ウ　文章を読んで，言語文化の特質や我が国の文化と外国の文化との関係について理解すること。,7413503130000000
国語,220,エ　近代以降の言語文化についての課題を設定し，様々な資料を読んで探究して，言語文化について理解を深めること。,7413503140000000
国語,221,(2) (1)に示す事項については，例えば，次のような言語活動を通して指導するものとする。,7413503200000000
国語,222,ア　文章の調子などを味わいながら音読や朗読をしたり，印象に残った内容や場面について文章中の表現を根拠にして説明したりすること。,7413503210000000
国語,223,イ　外国の文化との関係なども視野に入れて，文章の内容や表現の特色を調べ，発表したり論文にまとめたりすること。,7413503220000000
国語,224,ウ　図書館を利用して同じ作者や同じテーマの文章を読み比べ，それについて話し合ったり批評したりすること。,7413503230000000
国語,225,３　内容の取扱い,7413505000000000
国語,226,(1) 文章を読む楽しさを味わったり，近代以降の言語文化に触れることの意義を理解したりすることを重視し，読書への関心を高め，読書の習慣を付けるようにする。,7413505100000000
国語,227,(2) 教材については，次の事項に留意するものとする。,7413505200000000
国語,228,ア　教材は，特定の文章や作品，文種や形態などについて，まとまりのあるものを中心として適切に取り上げること。,7413505210000000
国語,229,イ　教材は，近代以降の様々な種類の文章とすること。また，必要に応じて実用的な文章，翻訳の文章，近代以降の文語文及び演劇や映画の作品などを用いることができること。,7413505220000000
国語,230,第４　現代文Ｂ,7414500000000000
国語,231,"１　目　標
　近代以降の様々な文章を的確に理解し，適切に表現する能力を高めるとともに，ものの見方，感じ方，考え方を深め，進んで読書することによって，国語の向上を図り人生を豊かにする態度を育てる。",7414502000000000
国語,232,２　内　容,7414503000000000
国語,233,(1) 次の事項について指導する。,7414503100000000
国語,234,ア　文章を読んで，構成，展開，要旨などを的確にとらえ，その論理性を評価すること。,7414503110000000
国語,235,イ　文章を読んで，書き手の意図や，人物，情景，心情の描写などを的確にとらえ，表現を味わうこと。,7414503120000000
国語,236,ウ　文章を読んで批評することを通して，人間，社会，自然などについて自分の考えを深めたり発展させたりすること。,7414503130000000
国語,237,エ　目的や課題に応じて，収集した様々な情報を分析，整理して資料を作成し，自分の考えを効果的に表現すること。,7414503140000000
国語,238,オ　語句の意味，用法を的確に理解し，語彙《い》を豊かにするとともに，文体や修辞などの表現上の特色をとらえ，自分の表現や推敲《こう》に役立てること。,7414503150000000
国語,239,(2) (1)に示す事項については，例えば，次のような言語活動を通して指導するものとする。,7414503200000000
国語,240,ア　文学的な文章を読んで，人物の生き方やその表現の仕方などについて話し合うこと。,7414503210000000
国語,241,イ　論理的な文章を読んで，書き手の考えやその展開の仕方などについて意見を書くこと。,7414503220000000
国語,242,ウ　伝えたい情報を表現するためのメディアとしての文字，音声，画像などの特色をとらえて，目的に応じた表現の仕方を考えたり創作的な活動を行ったりすること。,7414503230000000
国語,243,エ　文章を読んで関心をもった事柄などについて課題を設定し，様々な資料を調べ，その成果をまとめて発表したり報告書や論文集などに編集したりすること。,7414503240000000
国語,244,３　内容の取扱い,7414505000000000
国語,245,(1) 総合的な言語能力を養うため，話すこと・聞くこと，書くこと及び読むことについて相互に密接な関連を図り，効果的に指導するようにする。,7414505100000000
国語,246,(2) 生徒の読書意欲を喚起し，読書の幅を一層広げ，文字・活字文化に対する理解が深まるようにする。,7414505200000000
国語,247,(3) 近代以降の文章や文学の変遷について，必要に応じて扱うようにする。,7414505300000000
国語,248,(4) 教材は，近代以降の様々な種類の文章とする。その際，現代の社会生活で必要とされている実用的な文章を含めるものとする。また，必要に応じて翻訳の文章や近代以降の文語文などを用いることができる。,7414505400000000
国語,249,第５　古典Ａ,7415500000000000
国語,250,"１　目　標
　古典としての古文と漢文，古典に関連する文章を読むことによって，我が国の伝統と文化に対する理解を深め，生涯にわたって古典に親しむ態度を育てる。",7415502000000000
国語,251,２　内　容,7415503000000000
国語,252,(1) 次の事項について指導する。,7415503100000000
国語,253,ア　古典などに表れた思想や感情を読み取り，人間，社会，自然などについて考察すること。,7415503110000000
国語,254,イ　古典特有の表現を味わったり，古典の言葉と現代の言葉とのつながりについて理解したりすること。,7415503120000000
国語,255,ウ　古典などを読んで，言語文化の特質や我が国の文化と中国の文化との関係について理解すること。,7415503130000000
国語,256,エ　伝統的な言語文化についての課題を設定し，様々な資料を読んで探究して，我が国の伝統と文化について理解を深めること。,7415503140000000
国語,257,(2) (1)に示す事項については，例えば，次のような言語活動を通して指導するものとする。,7415503200000000
国語,258,ア　古文や漢文の調子などを味わいながら音読，朗読，暗唱をすること。,7415503210000000
国語,259,イ　日常の言語生活の中から我が国の伝統と文化に関連する表現を集め，その意味や特色，由来などについて調べたことを報告すること。,7415503220000000
国語,260,ウ　図書館を利用して古典などを読み比べ，そこに描かれた人物，情景，心情などについて，感じたことや考えたことを文章にまとめたり話し合ったりすること。,7415503230000000
国語,261,３　内容の取扱い,7415505000000000
国語,262,(1) 古文と漢文の両方又はいずれか一方を取り上げることができる。,7415505100000000
国語,263,(2) 古典を読む楽しさを味わったり，伝統的な言語文化に触れることの意義を理解したりすることを重視し，古典などへの関心を高めるようにする。,7415505200000000
国語,264,(3) 教材については，次の事項に留意するものとする。,7415505300000000
国語,265,ア　教材は，特定の文章や作品，文種や形態などについて，まとまりのあるものを中心として適切に取り上げること。,7415505310000000
国語,266,イ　教材には，古典に関連する近代以降の文章を含めること。また，必要に応じて日本漢文，近代以降の文語文や漢詩文などを用いることができること。,7415505320000000
国語,267,ウ　教材は，次のような観点に配慮して取り上げること。,7415505330000000
国語,268,(ｱ) 古典を進んで学習する意欲や態度を養うのに役立つこと。,7415505331000000
国語,269,(ｲ) 人間，社会，自然などに対する様々な時代の人々のものの見方，感じ方，考え方について理解を深めるのに役立つこと。,7415505332000000
国語,270,(ｳ) 様々な時代の人々の生き方や自分の生き方について考えたり，我が国の伝統と文化について理解を深めたりするのに役立つこと。,7415505333000000
国語,271,(ｴ) 古典を読むのに必要な知識を身に付けるのに役立つこと。,7415505334000000
国語,272,(ｵ) 現代の国語について考えたり，言語感覚を豊かにしたりするのに役立つこと。,7415505335000000
国語,273,(ｶ) 中国など外国の文化との関係について理解を深めるのに役立つこと。,7415505336000000
国語,274,第６　古典Ｂ,7416500000000000
国語,275,"１　目　標
　古典としての古文と漢文を読む能力を養うとともに，ものの見方，感じ方，考え方を広くし，古典についての理解や関心を深めることによって人生を豊かにする態度を育てる。",7416502000000000
国語,276,２　内　容,7416503000000000
国語,277,(1) 次の事項について指導する。,7416503100000000
国語,278,ア　古典に用いられている語句の意味，用法及び文の構造を理解すること。,7416503110000000
国語,279,イ　古典を読んで，内容を構成や展開に即して的確にとらえること。,7416503120000000
国語,280,ウ　古典を読んで，人間，社会，自然などに対する思想や感情を的確にとらえ，ものの見方，感じ方，考え方を豊かにすること。,7416503130000000
国語,281,エ　古典の内容や表現の特色を理解して読み味わい，作品の価値について考察すること。,7416503140000000
国語,282,オ　古典を読んで，我が国の文化の特質や我が国の文化と中国の文化との関係について理解を深めること。,7416503150000000
国語,283,(2) (1)に示す事項については，例えば，次のような言語活動を通して指導するものとする。,7416503200000000
国語,284,ア　辞書などを用いて古典の言葉と現代の言葉とを比較し，その変遷などについて分かったことを報告すること。,7416503210000000
国語,285,イ　同じ題材を取り上げた文章や同じ時代の文章などを読み比べ，共通点や相違点などについて説明すること。,7416503220000000
国語,286,ウ　古典に表れた人間の生き方や考え方などについて，文章中の表現を根拠にして話し合うこと。,7416503230000000
国語,287,エ　古典を読んで関心をもった事柄などについて課題を設定し，様々な資料を調べ，その成果を発表したり文章にまとめたりすること。,7416503240000000
国語,288,３　内容の取扱い,7416505000000000
国語,289,(1) 古文及び漢文の両方を取り上げるものとし，一方に偏らないようにする。,7416505100000000
国語,290,(2) 古典を読み深めるため，音読，朗読，暗唱などを取り入れるようにする。,7416505200000000
国語,291,(3) 文語文法の指導は読むことの学習に即して行い，必要に応じてある程度まとまった学習もできるようにする。,7416505300000000
国語,292,(4) 教材については，次の事項に留意するものとする。,7416505400000000
国語,293,ア　教材は，言語文化の変遷について理解を深める学習に資するよう，文種や形態，長短や難易などに配慮して適当な部分を取り上げること。,7416505410000000
国語,294,イ　教材には，日本漢文を含めること。また，必要に応じて近代以降の文語文や漢詩文，古典についての評論文などを用いることができること。,7416505420000000
国語,295,第３款　各科目にわたる指導計画の作成と内容の取扱い,7410300000000000
国語,296,１　指導計画の作成に当たっては，「国語表現」，「現代文Ａ」，「現代文Ｂ」，「古典Ａ」及び「古典Ｂ」の各科目については，原則として，「国語総合」を履修した後に履修させるものとする。,7410300100000000
国語,297,２　内容の取扱いに当たっては，次の事項に配慮するものとする。,7410300200000000
国語,298,(1) 教材については，各科目の３の内容の取扱いに示す事項のほか，「国語表現」及び「現代文Ａ」は「国語総合」の３の(6)のウに示す事項について，「現代文Ｂ」は「国語総合」の３の(6)のア及びウに示す事項について，「古典Ａ」及び「古典Ｂ」は「国語総合」の３の(6)のイに示す事項について，「古典Ｂ」は「古典Ａ」の３の(3)のウに示す事項について留意すること。,7410300210000000
国語,299,(2) 学校図書館を計画的に利用しその機能の活用を図ることなどを通して，読書意欲を喚起し幅広く読書する態度を育成するとともに，情報を適切に用いて，思考し，表現する能力を高めるようにすること。,7410300220000000
国語,300,(3) 音声言語や画像による教材，コンピュータや情報通信ネットワークなども適切に活用し，学習の効果を高めるようにすること。,7410300230000000
地理歴史,301,第２節　地 理 歴 史,7430000000000000
地理歴史,302,"第１款　目　標
　我が国及び世界の形成の歴史的過程と生活・文化の地域的特色についての理解と認識を深め，国際社会に主体的に生き平和で民主的な国家・社会を形成する日本国民として必要な自覚と資質を養う。",7430100000000000
地理歴史,303,第２款　各　科　目,7430500000000000
地理歴史,304,第１　世界史Ａ,7431500000000000
地理歴史,305,"１　目　標
　近現代史を中心とする世界の歴史を諸資料に基づき地理的条件や日本の歴史と関連付けながら理解させ，現代の諸課題を歴史的観点から考察させることによって，歴史的思考力を培い，国際社会に主体的に生きる日本国民としての自覚と資質を養う。",7431502000000000
地理歴史,306,２　内　容,7431503000000000
地理歴史,307,"(1) 世界史へのいざない
　自然環境と歴史，日本の歴史と世界の歴史のつながりにかかわる適切な主題を設定し考察する活動を通して，世界史学習の基本的技能に触れさせるとともに，地理と歴史への関心を高め，世界史学習の意義に気付かせる。",7431503100000000
地理歴史,308,"ア　自然環境と歴史
　歴史の舞台としての自然環境について，河川，海洋，草原，オアシス，森林などから適切な事例を取り上げ，地図や写真などを読み取る活動を通して，自然環境と人類の活動が相互に作用し合っていることに気付かせる。",7431503110000000
地理歴史,309,"イ　日本列島の中の世界の歴史
　日本列島の中に見られる世界との関係や交流について，人，もの，技術，文化，宗教，生活などから適切な事例を取り上げ，年表や地図などに表す活動を通して，日本の歴史が世界の歴史とつながっていることに気付かせる。",7431503120000000
地理歴史,310,"(2) 世界の一体化と日本
　近現代世界を理解するための前提として，ユーラシアの諸文明の特質に触れるとともに，16世紀以降の世界商業の進展及び資本主義の確立を中心に，世界が一体化に向かう過程を理解させる。その際，世界の動向と日本とのかかわりに着目させる。",7431503200000000
地理歴史,311,"ア　ユーラシアの諸文明
　自然環境，生活，宗教などに着目させながら，東アジア，南アジア，西アジア，ヨーロッパに形成された諸文明の特質とユーラシアの海，陸における交流を概観させる。",7431503210000000
地理歴史,312,"イ　結び付く世界と近世の日本
　大航海時代のヨーロッパとアフリカ，アメリカ，アジアの接触と交流，アジアの諸帝国とヨーロッパの主権国家体制，大西洋世界の展開とアフリカ・アメリカ社会の変容を扱い，16世紀から18世紀までの世界の一体化の動きと近世の日本の対応を把握させる。",7431503220000000
地理歴史,313,"ウ　ヨーロッパ・アメリカの工業化と国民形成
　産業革命と資本主義の確立，フランス革命とアメリカ諸国の独立，自由主義と国民主義の進展を扱い，ヨーロッパ・アメリカにおける工業化と国民形成を理解させる。",7431503230000000
地理歴史,314,"エ　アジア諸国の変貌《ぼう》と近代の日本
　ヨーロッパの進出期におけるアジア諸国の状況，植民地化や従属化の過程での抵抗と挫《ざ》折，伝統文化の変容，その中での日本の動向を扱い，19世紀の世界の一体化と日本の近代化を理解させる。",7431503240000000
地理歴史,315,"(3) 地球社会と日本
　地球規模で一体化した構造をもつ現代世界の特質と展開過程を理解させ，人類の課題について歴史的観点から考察させる。その際，世界の動向と日本とのかかわりに着目させる。",7431503300000000
地理歴史,316,"ア　急変する人類社会
　科学技術の発達，企業や国家の巨大化，公教育の普及と国民統合，国際的な移民の増加，マスメディアの発達，社会の大衆化と政治や文化の変容などを理解させ，19世紀後期から20世紀前半までの社会の変化について，人類史的視野から考察させる。",7431503310000000
地理歴史,317,"イ　世界戦争と平和
　帝国主義諸国の抗争とアジア・アフリカの対応，二つの世界大戦の原因と総力戦としての性格，それらが世界と日本に及ぼした影響を理解させ，19世紀後期から20世紀前半までの世界の動向と平和の意義について考察させる。",7431503320000000
地理歴史,318,"ウ　三つの世界と日本の動向
　第二次世界大戦後の米ソ両陣営の対立と日本の動向，アジア・アフリカの民族運動と植民地支配からの独立を理解させ，核兵器問題やアジア・アフリカ諸国が抱える問題などについて考察させる。",7431503330000000
地理歴史,319,"エ　地球社会への歩みと課題
　1970年代以降の市場経済のグローバル化，冷戦の終結，地域統合の進展，知識基盤社会への移行，地域紛争の頻発，環境や資源・エネルギーをめぐる問題などを理解させ，地球社会への歩みと地球規模で深刻化する課題について考察させる。",7431503340000000
地理歴史,320,"オ　持続可能な社会への展望
　現代世界の特質や課題に関する適切な主題を設定させ，歴史的観点から資料を活用して探究し，その成果を論述したり討論したりするなどの活動を通して，世界の人々が協調し共存できる持続可能な社会の実現について展望させる。",7431503350000000
地理歴史,321,３　内容の取扱い,7431505000000000
地理歴史,322,(1) 内容の全体にわたって，次の事項に配慮するものとする。,7431505100000000
地理歴史,323,ア　１の目標に即して基本的な事項・事柄を精選して指導内容を構成するとともに，各時代において世界と日本を関連付けて扱うこと。また，地理的条件とも関連付けるようにすること。,7431505110000000
地理歴史,324,イ　年表，地図その他の資料を積極的に活用したり，文化遺産，博物館や資料館の調査・見学を取り入れたりするなどして，具体的に学ばせるように工夫すること。,7431505120000000
地理歴史,325,(2) 各項目については，次の事項に配慮するものとする。,7431505200000000
地理歴史,326,ア　内容の(2)のアについては，近現代史を中心とするこの科目の特質を踏まえ，ユーラシアの諸文明を大観させるようにすること。,7431505210000000
地理歴史,327,イ　内容の(3)については，単に知識を与えるだけでなく，現代世界が当面する課題について考察させること。その際，核兵器などの脅威に着目させ，戦争を防止し，平和で民主的な世界を実現することが重要な課題であることを認識させること。,7431505220000000
地理歴史,328,(3) 主題を設定して行う学習については，次の事項に配慮するものとする。,7431505300000000
地理歴史,329,ア　学習の実施に当たっては，適切な時間を確保し，年間指導計画の中に位置付けて指導すること。また，主題の設定や資料の選択に際しては，生徒の興味・関心や学校，地域の実態等に十分配慮して行うこと。,7431505310000000
地理歴史,330,イ　内容の(1)については，中学校社会科の内容との連続性に配慮して，主題を設定すること。その際，アについては，この科目の導入として位置付け，内容の(2)のアと関連付けて指導すること。イについては，適切な時期に実施するようにすること。,7431505320000000
地理歴史,331,ウ　内容の(3)のオについては，内容の(3)のアからエまでに示された事項を参考にして主題を設定させること。,7431505330000000
地理歴史,332,(4) 近現代史の指導に当たっては，次の事項に配慮するものとする。,7431505400000000
地理歴史,333,ア　客観的かつ公正な資料に基づいて歴史の事実に関する理解を得させるようにすること。,7431505410000000
地理歴史,334,イ　政治，経済，社会，文化，宗教，生活など様々な観点から歴史的事象を取り上げ，近現代世界に対する多角的で柔軟な見方を養うこと。,7431505420000000
地理歴史,335,第２　世界史Ｂ,7432500000000000
地理歴史,336,"１　目　標
　世界の歴史の大きな枠組みと展開を諸資料に基づき地理的条件や日本の歴史と関連付けながら理解させ，文化の多様性・複合性と現代世界の特質を広い視野から考察させることによって，歴史的思考力を培い，国際社会に主体的に生きる日本国民としての自覚と資質を養う。",7432502000000000
地理歴史,337,２　内　容,7432503000000000
地理歴史,338,"(1) 世界史への扉
　自然環境と人類のかかわり，日本の歴史と世界の歴史のつながり，日常生活にみる世界の歴史にかかわる適切な主題を設定し考察する活動を通して，地理と歴史への関心を高め，世界史学習の意義に気付かせる。",7432503100000000
地理歴史,339,"ア　自然環境と人類のかかわり
　自然環境と人類のかかわりについて，生業や暮らし，交通手段，資源，災害などから適切な歴史的事例を取り上げて考察させ，世界史学習における地理的視点の重要性に気付かせる。",7432503110000000
地理歴史,340,"イ　日本の歴史と世界の歴史のつながり
　日本と世界の諸地域の接触・交流について，人，もの，技術，文化，宗教，生活などから適切な歴史的事例を取り上げて考察させ，日本の歴史と世界の歴史のつながりに気付かせる。",7432503120000000
地理歴史,341,"ウ　日常生活にみる世界の歴史
　日常生活にみる世界の歴史について，衣食住，家族，余暇，スポーツなどから適切な事例を取り上げて，その変遷を考察させ，日常生活からも世界の歴史がとらえられることに気付かせる。",7432503130000000
地理歴史,342,"(2) 諸地域世界の形成
　人類は各地の自然環境に適応しながら農耕や牧畜を基礎とする諸文明を築き上げ，やがてそれらを基により大きな地域世界を形成したことを把握させる。",7432503200000000
地理歴史,343,"ア　西アジア世界・地中海世界
　西アジアと地中海一帯の地理的特質，オリエント文明，イラン人の活動，ギリシア・ローマ文明に触れ，西アジア世界と地中海世界の形成過程を把握させる。",7432503210000000
地理歴史,344,"イ　南アジア世界・東南アジア世界
　南アジアと東南アジアの地理的特質，インダス文明，アーリヤ人の進入以後の南アジアの文化，社会，国家の発展，東南アジアの国家形成に触れ，南アジア世界と東南アジア世界の形成過程を把握させる。",7432503220000000
地理歴史,345,"ウ　東アジア世界・内陸アジア世界
　東アジアと内陸アジアの地理的特質，中華文明の起源と秦《しん》・漢帝国，遊牧国家の動向，唐帝国と東アジア諸民族の活動に触れ，日本を含む東アジア世界と内陸アジア世界の形成過程を把握させる。",7432503230000000
地理歴史,346,"エ　時間軸からみる諸地域世界
　主題を設定し，それに関連する事項を年代順に並べたり，因果関係で結び付けたり，地域世界ごとに比較したりするなどの活動を通して，世界史を時間的なつながりに着目して整理し，表現する技能を習得させる。",7432503240000000
地理歴史,347,"(3) 諸地域世界の交流と再編
　ユーラシアの海域及び内陸のネットワークを背景に，諸地域世界の交流が一段と活発化し，新たな地域世界の形成や再編を促したことを把握させる。",7432503300000000
地理歴史,348,"ア　イスラーム世界の形成と拡大
　　アラブ人とイスラーム帝国の発展，トルコ系民族の活動，アフリカ・南アジアのイスラーム化に触れ，イスラーム世界の形成と拡大の過程を把握させる。",7432503310000000
地理歴史,349,"イ　ヨーロッパ世界の形成と展開
　　ビザンツ帝国と東ヨーロッパの動向，西ヨーロッパの封建社会の成立と変動に触れ，キリスト教とヨーロッパ世界の形成と展開の過程を把握させる。",7432503320000000
地理歴史,350,"ウ　内陸アジアの動向と諸地域世界
　　内陸アジア諸民族と宋《そう》の抗争，モンゴル帝国の興亡とユーラシアの諸地域世界や日本の変動に触れ，内陸アジア諸民族が諸地域世界の交流と再編に果たした役割を把握させる。",7432503330000000
地理歴史,351,"エ　空間軸からみる諸地域世界
　　同時代性に着目して主題を設定し，諸地域世界の接触や交流などを地図上に表したり，世紀ごとに比較したりするなどの活動を通して，世界史を空間的なつながりに着目して整理し，表現する技能を習得させる。",7432503340000000
地理歴史,352,"(4) 諸地域世界の結合と変容
　アジアの繁栄とヨーロッパの拡大を背景に，諸地域世界の結合が一層進展したこととともに，主権国家体制を整え工業化を達成したヨーロッパの進出により，世界の構造化が進み，社会の変容が促されたことを理解させる。",7432503400000000
地理歴史,353,"ア　アジア諸地域の繁栄と日本
　西アジア・南アジアのイスラーム諸帝国や東南アジア海域の動向，明《みん》・清《しん》帝国と日本や朝鮮などとの関係を扱い，16世紀から18世紀までのアジア諸地域の特質とその中での日本の位置付けを理解させる。",7432503410000000
地理歴史,354,"イ　ヨーロッパの拡大と大西洋世界
　ルネサンス，宗教改革，主権国家体制の成立，世界各地への進出と大西洋世界の形成を扱い，16世紀から18世紀までのヨーロッパ世界の特質とアメリカ・アフリカとの関係を理解させる。",7432503420000000
地理歴史,355,"ウ　産業社会と国民国家の形成
　産業革命，フランス革命，アメリカ諸国の独立など，18世紀後半から19世紀までのヨーロッパ・アメリカの経済的，政治的変革を扱い，産業社会と国民国家の形成を理解させる。",7432503430000000
地理歴史,356,"エ　世界市場の形成と日本
　世界市場の形成，ヨーロッパ諸国のアジア進出，オスマン，ムガル，清《しん》帝国及び日本などアジア諸国の動揺と改革を扱い，19世紀のアジアの特質とその中での日本の位置付けを理解させる。",7432503440000000
地理歴史,357,"オ　資料からよみとく歴史の世界
　主題を設定し，その時代の資料を選択して，資料の内容をまとめたり，その意図やねらいを推測したり，資料への疑問を提起したりするなどの活動を通して，資料を多面的・多角的に考察し，よみとく技能を習得させる。",7432503450000000
地理歴史,358,"(5) 地球世界の到来
　科学技術の発達や生産力の著しい発展を背景に，世界は地球規模で一体化し，二度の世界大戦や冷戦を経て相互依存を一層強めたことを理解させる。また，今日の人類が直面する課題を歴史的観点から考察させ，21世紀の世界について展望させる。",7432503500000000
地理歴史,359,"ア　帝国主義と社会の変容
　科学技術の発達，企業・国家の巨大化，国民統合の進展，帝国主義諸国の抗争とアジア・アフリカの対応，国際的な移民の増加などを理解させ，19世紀後期から20世紀初期までの世界の動向と社会の特質について考察させる。",7432503510000000
地理歴史,360,"イ　二つの世界大戦と大衆社会の出現
　総力戦としての二つの世界大戦，ロシア革命とソヴィエト連邦の成立，大衆社会の出現とファシズム，世界恐慌と資本主義の変容，アジア・アフリカの民族運動などを理解させ，20世紀前半の世界の動向と社会の特質について考察させる。",7432503520000000
地理歴史,361,"ウ　米ソ冷戦と第三世界
　米ソ両陣営による冷戦の展開，戦後の復興と経済発展，アジア・アフリカ諸国の独立とその後の課題，平和共存の模索などを理解させ，第二次世界大戦後から1960年代までの世界の動向について考察させる。",7432503530000000
地理歴史,362,"エ　グローバル化した世界と日本
　市場経済のグローバル化とアジア経済の成長，冷戦の終結とソヴィエト連邦の解体，地域統合の進展，知識基盤社会への移行，地域紛争の頻発，環境や資源・エネルギーをめぐる問題などを理解させ，1970年代以降の世界と日本の動向及び社会の特質について考察させる。",7432503540000000
地理歴史,363,"オ　資料を活用して探究する地球世界の課題
　地球世界の課題に関する適切な主題を設定させ，歴史的観点から資料を活用して探究し，その成果を論述したり討論したりするなどの活動を通して，資料を活用し表現する技能を習得させるとともに，これからの世界と日本の在り方や世界の人々が協調し共存できる持続可能な社会の実現について展望させる。",7432503550000000
地理歴史,364,３　内容の取扱い,7432505000000000
地理歴史,365,(1) 内容の全体にわたって，次の事項に配慮するものとする。,7432505100000000
地理歴史,366,ア　１の目標に即して基本的な事項・事柄を精選して指導内容を構成するとともに，各時代における世界と日本を関連付けて扱うこと。また，地理的条件とも関連付けるようにすること。,7432505110000000
地理歴史,367,イ　年表，地図その他の資料を積極的に活用したり，文化遺産，博物館や資料館の調査・見学を取り入れたりするなどして，具体的に学ばせるように工夫すること。,7432505120000000
地理歴史,368,(2) 各項目については，次の事項に配慮するものとする。,7432505200000000
地理歴史,369,ア　内容の(2)及び(3)については，各地域世界の人々の生活，宗教，意識などを具体的に把握できるようにし，政治史のみの学習にならないようにすること。,7432505210000000
地理歴史,370,イ　内容の(5)については，単に知識を与えるだけでなく，地球世界の課題について考察させること。その際，核兵器などの脅威に着目させ，戦争を防止し，平和で民主的な世界を実現させることが重要な課題であることを認識させること。,7432505220000000
地理歴史,371,(3) 主題を設定して行う学習については，次の事項に配慮するものとする。,7432505300000000
地理歴史,372,ア　学習の実施に当たっては，適切な時間を確保し，年間指導計画の中に位置付けて段階的・継続的に指導すること。また，主題の設定や資料の選択に際しては，生徒の興味・関心や学校，地域の実態等に十分配慮して行うこと。,7432505310000000
地理歴史,373,イ　内容の(1)については，中学校社会科の内容との連続性に配慮して，主題を設定すること。その際，アについては，この科目の導入として位置付けること。イ及びウについては，適切な時期に実施するようにすること。,7432505320000000
地理歴史,374,ウ　内容の(2)のエ，(3)のエ及び(4)のオについては，次の事項に留意すること。,7432505330000000
地理歴史,375,(ｱ) それぞれの項目の内容に示された事項を参考にして主題を設定し，生徒の主体的な追究を通して，歴史的思考力を培うようにすること。,7432505331000000
地理歴史,376,(ｲ) 内容の(2)のエ及び(3)のエについては，年表や地図その他の資料を活用して説明するなどの活動を取り入れること。,7432505332000000
地理歴史,377,(ｳ) 内容の(4)のオについては，文字資料に加えて，絵画，風刺画，写真などの図像資料を取り入れるよう工夫すること。,7432505333000000
地理歴史,378,エ　内容の(5)のオについては，内容の(5)のアからエまでに示された事項を参考にして主題を設定させること。,7432505340000000
地理歴史,379,(4) 近現代史の指導に当たっては，次の事項に配慮するものとする。,7432505400000000
地理歴史,380,ア　客観的かつ公正な資料に基づいて歴史の事実に関する理解を得させるようにすること。,7432505410000000
地理歴史,381,イ　各国史別の扱いにならないよう，広い視野から世界の動きをとらえさせるようにすること。,7432505420000000
地理歴史,382,ウ　政治，経済，社会，文化，宗教，生活など様々な観点から歴史的事象を取り上げ，近現代世界に対する多角的で柔軟な見方を養うこと。,7432505430000000
地理歴史,383,エ　日本と関連する諸国の歴史については，当該国の歴史から見た日本などにも着目させ，世界の歴史における日本の位置付けを明確にすること。,7432505440000000
地理歴史,384,第３　日本史Ａ,7433500000000000
地理歴史,385,"１　目　標
　我が国の近現代の歴史の展開を諸資料に基づき地理的条件や世界の歴史と関連付け，現代の諸課題に着目して考察させることによって，歴史的思考力を培い，国際社会に主体的に生きる日本国民としての自覚と資質を養う。",7433502000000000
地理歴史,386,２　内　容,7433503000000000
地理歴史,387,"(1) 私たちの時代と歴史
　現代の社会やその諸課題が歴史的に形成されたものであるという観点から，近現代の歴史的事象と現在との結び付きを考える活動を通して，歴史への関心を高め，歴史を学ぶ意義に気付かせる。",7433503100000000
地理歴史,388,"(2) 近代の日本と世界
　開国前後から第二次世界大戦終結までの政治や経済，国際環境，国民生活や文化の動向について，相互の関連を重視して考察させる。",7433503200000000
地理歴史,389,ア　近代国家の形成と国際関係の推移,7433503210000000
地理歴史,390,(ｱ) 近代の萌《ほう》芽や欧米諸国のアジア進出，文明開化などに見られる欧米文化の導入と明治政府による諸改革に伴う社会や文化の変容，自由民権運動と立憲体制の成立に着目して，開国から明治維新を経て近代国家が形成される過程について考察させる。,7433503211000000
地理歴史,391,(ｲ) 条約改正や日清《にっしん》・日露戦争前後の対外関係の変化，政党の役割と社会的な基盤に着目して，国際環境や政党政治の推移について考察させる。,7433503212000000
地理歴史,392,イ　近代産業の発展と両大戦をめぐる国際情勢,7433503220000000
地理歴史,393,(ｱ) 産業革命の進行，都市や村落の生活の変化と社会問題の発生，学問・文化の進展と教育の普及，大衆社会と大衆文化の形成に着目して，近代産業の発展と国民生活の変化について考察させる。,7433503221000000
地理歴史,394,(ｲ) 諸国家間の対立や協調関係と日本の立場，国内の経済・社会の動向，アジア近隣諸国との関係に着目して，二つの世界大戦とその間の内外情勢の変化について考察させる。,7433503222000000
地理歴史,395,"ウ　近代の追究
　近代における政治や経済，国際環境，国民生活や文化の動向が相互に深くかかわっているという観点から，産業と生活，国際情勢と国民，地域社会の変化などについて，具体的な歴史的事象と関連させた適切な主題を設定して追究し表現する活動を通して，歴史的な見方や考え方を育てる。",7433503230000000
地理歴史,396,"(3) 現代の日本と世界
　第二次世界大戦後の政治や経済，国際環境，国民生活や文化の動向について，現代の諸課題と近現代の歴史との関連を重視して考察させる。",7433503300000000
地理歴史,397,"ア　現代日本の政治と国際社会
　占領政策と諸改革，新憲法の成立，平和条約と独立，国際交流や国際貢献の拡大などに着目して，我が国の再出発及びその後の政治や対外関係の推移について考察させる。",7433503310000000
地理歴史,398,"イ　経済の発展と国民生活の変化
　戦後の経済復興，高度経済成長と科学技術の発達，経済の国際化，生活意識や価値観の変化などに着目して，日本経済の発展と国民生活の変化について考察させる。",7433503320000000
地理歴史,399,"ウ　現代からの探究
　現代の社会やその諸課題が歴史的に形成されたものであるという観点から，近現代の歴史にかかわる身の回りの社会的事象と関連させた適切な主題を設定させ，資料を活用して探究し，その解決に向けた考えを表現する活動を通して，歴史的な見方や考え方を身に付けさせる。",7433503330000000
地理歴史,400,３　内容の取扱い,7433505000000000
地理歴史,401,(1) 内容の全体にわたって，次の事項に配慮するものとする。,7433505100000000
地理歴史,402,ア　我が国の近現代の歴史の展開について国際環境や地理的条件などと関連付け，世界の中の日本という視点から考察させること。,7433505110000000
地理歴史,403,イ　１の目標に即して基本的な事項・事柄を精選して指導内容を構成すること。,7433505120000000
地理歴史,404,ウ　年表，地図その他の資料を一層活用させるとともに，地域の文化遺産，博物館や資料館の調査・見学などを取り入れるよう工夫すること。,7433505130000000
地理歴史,405,エ　国民生活や文化の動向については，地域社会の様子などと関連付けるとともに，衣食住や風習・信仰などの生活文化についても扱うようにすること。,7433505140000000
地理歴史,406,(2) この科目の指導に当たっては，客観的かつ公正な資料に基づいて，事実の正確な理解に導くようにするとともに，多面的・多角的に考察し公正に判断する能力を育成するようにする。その際，核兵器などの脅威に着目させ，戦争を防止し，平和で民主的な国際社会を実現することが重要な課題であることを認識させる。,7433505200000000
地理歴史,407,(3) 内容の取扱いに当たっては，次の事項に配慮するものとする。,7433505300000000
地理歴史,408,ア　内容の(1)については，この科目の導入として位置付けること。また，近代，現代などの時代区分の持つ意味，近現代の歴史の考察に有効な諸資料についても扱うこと。,7433505310000000
地理歴史,409,イ　内容の(2)のウ及び(3)のウについては，資料を活用して歴史を考察したりその結果を表現したりする技能を高めること。内容の(3)のウについては，この科目のまとめとして位置付けること。,7433505320000000
地理歴史,410,第４　日本史Ｂ,7434500000000000
地理歴史,411,"１　目　標
　我が国の歴史の展開を諸資料に基づき地理的条件や世界の歴史と関連付けて総合的に考察させ，我が国の伝統と文化の特色についての認識を深めさせることによって，歴史的思考力を培い，国際社会に主体的に生きる日本国民としての自覚と資質を養う。",7434502000000000
地理歴史,412,２　内　容,7434503000000000
地理歴史,413,"(1) 原始・古代の日本と東アジア
　原始社会の特色及び古代国家と社会や文化の特色について，国際環境と関連付けて考察させる。",7434503100000000
地理歴史,414,"ア　歴史と資料
　遺跡や遺物，文書など様々な歴史資料の特性に着目し，資料に基づいて歴史が叙述されていることなど歴史を考察する基本的な方法を理解させ，歴史への関心を高めるとともに，文化財保護の重要性に気付かせる。",7434503110000000
地理歴史,415,"イ　日本文化の黎《れい》明と古代国家の形成
　旧石器文化，縄文文化及び弥生《やよい》文化の時代を経て，我が国において国家が形成され律令《りつりょう》体制が確立する過程，隋《ずい》・唐など東アジア世界との関係，古墳文化，天平《てんぴょう》文化に着目して，古代国家の形成と展開，文化の特色とその成立の背景について考察させる。",7434503120000000
地理歴史,416,"ウ　古代国家の推移と社会の変化
　東アジア世界との関係の変化，荘園《しょうえん》・公領の動きや武士の台頭など諸地域の動向に着目して，古代国家の推移，文化の特色とその成立の背景及び中世社会の萌《ほう》芽について考察させる。",7434503130000000
地理歴史,417,"(2) 中世の日本と東アジア
　中世国家と社会や文化の特色について，国際環境と関連付けて考察させる。",7434503200000000
地理歴史,418,"ア　歴史の解釈
　歴史資料を含む諸資料を活用して，歴史的事象の推移や変化，相互の因果関係を考察するなどの活動を通して，歴史の展開における諸事象の意味や意義を解釈させる。",7434503210000000
地理歴史,419,"イ　中世国家の形成
　武士の土地支配と公武関係，宋《そう》・元などとの関係，仏教の動向に着目して，中世国家の形成過程や社会の仕組み，文化の特色とその成立の背景について考察させる。",7434503220000000
地理歴史,420,"ウ　中世社会の展開
　日本の諸地域の動向，日明《にちみん》貿易など東アジア世界との関係，産業経済の発展，庶民の台頭と下剋上《げこくじょう》，武家文化と公家《くげ》文化のかかわりや庶民文化の萌《ほう》芽に着目して，中世社会の多様な展開，文化の特色とその成立の背景について考察させる。",7434503230000000
地理歴史,421,"(3) 近世の日本と世界
　近世国家と社会や文化の特色について，国際環境と関連付けて考察させる。",7434503300000000
地理歴史,422,"ア　歴史の説明
　歴史的事象には複数の歴史的解釈が成り立つことに気付かせ，それぞれの根拠や論理を踏まえて，筋道立てて考えを説明させる。",7434503310000000
地理歴史,423,"イ　近世国家の形成
　ヨーロッパ世界との接触やアジア各地との関係，織豊政権と幕藩体制下の政治・経済基盤，身分制度の形成や儒学の役割，文化の特色に着目して，近世国家の形成過程とその特色や社会の仕組みについて考察させる。",7434503320000000
地理歴史,424,"ウ　産業経済の発展と幕藩体制の変容
　幕藩体制下の農業など諸産業や交通・技術の発展，町人文化の形成，欧米諸国のアジアへの進出，学問・思想の動きに着目して，近世の都市や農山漁村における生活や文化の特色とその成立の背景，幕藩体制の変容と近代化の基盤の形成について考察させる。",7434503330000000
地理歴史,425,"(4) 近代日本の形成と世界
　近代国家の形成と社会や文化の特色について，国際環境と関連付けて考察させる。",7434503400000000
地理歴史,426,"ア　明治維新と立憲体制の成立
　開国と幕府の滅亡，文明開化など欧米の文化・思想の影響や国際環境の変化，自由民権運動と立憲体制の成立に着目して，明治維新以降の我が国の近代化の推進過程について考察させる。",7434503410000000
地理歴史,427,"イ　国際関係の推移と立憲国家の展開
　条約改正，日清《にっしん》・日露戦争とその前後のアジア及び欧米諸国との関係の推移に着目して，我が国の立憲国家としての展開について考察させる。",7434503420000000
地理歴史,428,"ウ　近代産業の発展と近代文化
　国民生活の向上と社会問題の発生，学問の発展や教育制度の拡充に着目して，近代産業の発展の経緯や近代文化の特色とその成立の背景について考察させる。",7434503430000000
地理歴史,429,"(5) 両世界大戦期の日本と世界
　近代国家の展開と社会や文化の特色について，国際環境と関連付けて考察させる。",7434503500000000
地理歴史,430,"ア　政党政治の発展と大衆社会の形成
　政治や社会運動の動向，都市の発達と農山漁村の変化及び文化の大衆化に着目して，政党政治の発展，大衆社会の特色とその成立の背景について考察させる。",7434503510000000
地理歴史,431,"イ　第一次世界大戦と日本の経済・社会
　国際社会の中の日本の立場に着目して，第一次世界大戦前後の対外政策の推移や大戦が国内の経済・社会に及ぼした影響について考察させる。",7434503520000000
地理歴史,432,"ウ　第二次世界大戦と日本
　国際社会の動向，国内政治と経済の動揺，アジア近隣諸国との関係に着目して，対外政策の推移と戦時体制の強化など日本の動向と第二次世界大戦とのかかわりについて考察させる。",7434503530000000
地理歴史,433,"(6) 現代の日本と世界
　現代の社会や国民生活の特色について，国際環境と関連付けて考察させ，世界の中での日本の立場について認識させる。",7434503600000000
地理歴史,434,"ア　現代日本の政治と国際社会
　占領政策と諸改革，新憲法の成立，平和条約と独立，国際交流や国際貢献の拡大などに着目して，我が国の再出発及びその後の政治や対外関係の推移について考察させる。",7434503610000000
地理歴史,435,"イ　経済の発展と国民生活の変化
　戦後の経済復興，高度経済成長と科学技術の発達，経済の国際化，生活意識や価値観の変化などに着目して，日本経済の発展と国民生活の変化について考察させる。",7434503620000000
地理歴史,436,"ウ　歴史の論述
　社会と個人，世界の中の日本，地域社会の歴史と生活などについて，適切な主題を設定させ，資料を活用して探究し，考えを論述する活動を通して，歴史的な見方や考え方を身に付けさせる。",7434503630000000
地理歴史,437,３　内容の取扱い,7434505000000000
地理歴史,438,(1) 内容の全体にわたって，次の事項に配慮するものとする。,7434505100000000
地理歴史,439,ア　我が国の歴史と文化について各時代の国際環境や地理的条件などと関連付け，世界の中の日本という視点から考察させること。,7434505110000000
地理歴史,440,イ　１の目標に即して基本的な事項・事柄を精選して指導内容を構成すること。その際，各時代の特色を総合的に考察する学習及び前後の時代を比較してその移り変わりを考察する学習それぞれの充実を図ること。,7434505120000000
地理歴史,441,ウ　年表，地図その他の資料を一層活用させるとともに，地域の文化遺産，博物館や資料館の調査・見学などを取り入れるよう工夫すること。,7434505130000000
地理歴史,442,エ　文化に関する指導に当たっては，各時代の文化とそれを生み出した時代的背景との関連，外来の文化などとの接触や交流による文化の変容や発展の過程などに着目させ，我が国の伝統と文化の特色とそれを形成した様々な要因を総合的に考察させるようにすること。衣食住や風習・信仰などの生活文化についても，時代の特色や地域社会の様子などと関連付け，民俗学や考古学などの成果の活用を図りながら扱うようにすること。,7434505140000000
地理歴史,443,オ　地域社会の歴史と文化について扱うようにするとともに，祖先が地域社会の向上と文化の創造や発展に努力したことを具体的に理解させ，それらを尊重する態度を育てるようにすること。,7434505150000000
地理歴史,444,(2) 内容の取扱いに当たっては，次の事項に配慮するものとする。,7434505200000000
地理歴史,445,ア　内容の(1)のア，(2)のア，(3)のア，(6)のウを通じて，資料を活用して歴史を考察したりその結果を表現したりする技能を段階的に高めていくこと。様々な資料の特性に着目させ複数の資料の活用を図って，資料に対する批判的な見方を養うとともに，因果関係を考察させたり解釈の多様性に気付かせたりすること。,7434505210000000
地理歴史,446,イ　内容の(1)のアについては，この科目の導入として位置付けること。内容の(2)のア及び(3)のアについては，原則として各時代の学習内容と関連させて適切な時期に実施すること。内容の(6)のウについては，この科目のまとめとして位置付けること。,7434505220000000
地理歴史,447,(3) 近現代史の指導に当たっては，客観的かつ公正な資料に基づいて，事実の正確な理解に導くようにするとともに，多面的・多角的に考察し公正に判断する能力を育成するようにする。その際，核兵器などの脅威に着目させ，戦争を防止し，平和で民主的な国際社会を実現することが重要な課題であることを認識させる。,7434505300000000
地理歴史,448,第５　地理Ａ,7435500000000000
地理歴史,449,"１　目　標
　現代世界の地理的な諸課題を地域性や歴史的背景，日常生活との関連を踏まえて考察し，現代世界の地理的認識を養うとともに，地理的な見方や考え方を培い，国際社会に主体的に生きる日本国民としての自覚と資質を養う。",7435502000000000
地理歴史,450,２　内　容,7435503000000000
地理歴史,451,"(1) 現代世界の特色と諸課題の地理的考察
　世界諸地域の生活・文化及び地球的課題について，地域性や歴史的背景を踏まえて考察し，現代世界の地理的認識を深めるとともに，地理的技能及び地理的な見方や考え方を身に付けさせる。",7435503100000000
地理歴史,452,"ア　地球儀や地図からとらえる現代世界
　地球儀と世界地図との比較，様々な世界地図の読図などを通して，地理的技能を身に付けさせるとともに，方位や時差，日本の位置と領域，国家間の結び付きなどについてとらえさせる。",7435503110000000
地理歴史,453,"イ　世界の生活・文化の多様性
　世界諸地域の生活・文化を地理的環境や民族性と関連付けてとらえ，その多様性について理解させるとともに，異文化を理解し尊重することの重要性について考察させる。",7435503120000000
地理歴史,454,"ウ　地球的課題の地理的考察
　環境，資源・エネルギー，人口，食料及び居住・都市問題を地球的及び地域的視野からとらえ，地球的課題は地域を越えた課題であるとともに地域によって現れ方が異なっていることを理解させ，それらの課題の解決には持続可能な社会の実現を目指した各国の取組や国際協力が必要であることについて考察させる。",7435503130000000
地理歴史,455,"(2) 生活圏の諸課題の地理的考察
　生活圏の諸課題について，地域性や歴史的背景を踏まえて考察し，地理的技能及び地理的な見方や考え方を身に付けさせる。",7435503200000000
地理歴史,456,"ア　日常生活と結び付いた地図
　身の回りにある様々な地図の収集や地形図の読図，目的や用途に適した地図の作成などを通して，地理的技能を身に付けさせる。",7435503210000000
地理歴史,457,"イ　自然環境と防災
　我が国の自然環境の特色と自然災害とのかかわりについて理解させるとともに，国内にみられる自然災害の事例を取り上げ，地域性を踏まえた対応が大切であることなどについて考察させる。",7435503220000000
地理歴史,458,"ウ　生活圏の地理的な諸課題と地域調査
　生活圏の地理的な諸課題を地域調査やその結果の地図化などによってとらえ，その解決に向けた取組などについて探究する活動を通して，日常生活と結び付いた地理的技能及び地理的な見方や考え方を身に付けさせる。",7435503230000000
地理歴史,459,３　内容の取扱い,7435505000000000
地理歴史,460,(1) 内容の全体にわたって，次の事項に配慮するものとする。,7435505100000000
地理歴史,461,ア　１の目標に即して基本的な事項・事柄を精選して指導内容を構成すること。,7435505110000000
地理歴史,462,イ　地理的な見方や考え方及び地図の読図や作図，衛星画像や空中写真，景観写真の読み取りなど地理的技能を身に付けることができるよう系統性に留意して計画的に指導すること。その際，教科用図書「地図」を十分に活用するとともに，地図や統計などの地理情報の収集・分析には，情報通信ネットワークや地理情報システムなどの活用を工夫すること。,7435505120000000
地理歴史,463,ウ　地図を有効に活用して事象を説明したり，自分の解釈を加えて論述したり，討論したりするなどの活動を充実させること。,7435505130000000
地理歴史,464,エ　学習過程で政治，経済，生物，地学的な事象なども必要に応じて扱うことができるが，それらは空間的な傾向性や諸地域の特色を理解するのに必要な程度とすること。 ,7435505140000000
地理歴史,465,オ　各項目の内容に応じて日本を含めて扱うとともに，日本と比較し関連付けて考察させること。,7435505150000000
地理歴史,466,(2) 内容の取扱いに当たっては，次の事項に配慮するものとする。,7435505200000000
地理歴史,467,ア　内容の(1)については，次の事項に留意すること。,7435505210000000
地理歴史,468,(ｱ) アについては，球面上の世界のとらえ方に慣れ親しませるよう工夫すること。日本の位置と領域については，世界的視野から日本の位置をとらえるとともに，日本の領域をめぐる問題にも触れること。また，国家間の結び付きについては，世界の国家群，貿易，交通・通信，観光の現状と動向に関する諸事象を様々な主題図などを基にとらえさせ，地理情報の活用の方法が身に付くよう工夫すること。,7435505211000000
地理歴史,469,(ｲ) イについては，世界諸地域の生活・文化について世界を広く大観する学習と事例地域を通して考察する学習を組み合わせて扱うこと。その際，生活と宗教のかかわりなどについて考察させるとともに，日本との共通性や異質性に着目させ，異なる習慣や価値観などをもっている人々と共存していくことの意義に気付かせること。,7435505212000000
地理歴史,470,(ｳ) ウについては，地球的課題ごとに世界を広く大観する学習と具体例を通して考察する学習を組み合わせて扱うこと。その際，環境，資源・エネルギー，人口，食料及び居住・都市問題は，それぞれ相互に関連し合っていることに留意して取扱いを工夫すること。,7435505213000000
地理歴史,471,イ　内容の(2)については，次の事項に留意すること。,7435505220000000
地理歴史,472,(ｱ) アからウまでの項目については，地図の読図や作図などを主とした作業的，体験的な学習を取り入れるとともに，各項目を関連付けて地理的技能が身に付くよう工夫すること。,7435505221000000
地理歴史,473,(ｲ) アについては，日常生活の中でみられる様々な地図を取り上げ，目的や用途に適した地図表現の工夫などについて理解させ，日常生活と結び付いた地図の役割とその有用性について認識させるよう工夫すること。,7435505222000000
地理歴史,474,(ｳ) イについては，日本では様々な自然災害が多発することから，早くから自然災害への対応に努めてきたことなどを具体例を通して取り扱うこと。その際，地形図やハザードマップなどの主題図の読図など，日常生活と結び付いた地理的技能を身に付けさせるとともに，防災意識を高めるよう工夫すること。,7435505223000000
地理歴史,475,(ｴ) ウについては，生徒の特性や学校所在地の事情等を考慮し，地域調査を実施し，その方法が身に付くよう工夫すること。その際，これまでの学習成果を活用すること。,7435505224000000
地理歴史,476,第６　地理Ｂ,7436500000000000
地理歴史,477,"１　目　標
　現代世界の地理的事象を系統地理的に，現代世界の諸地域を歴史的背景を踏まえて地誌的に考察し，現代世界の地理的認識を養うとともに，地理的な見方や考え方を培い，国際社会に主体的に生きる日本国民としての自覚と資質を養う。",7436502000000000
地理歴史,478,２　内　容,7436503000000000
地理歴史,479,"(1) 様々な地図と地理的技能
　地球儀や様々な地図の活用及び地域調査などの活動を通して，地図の有用性に気付かせるとともに，地理的技能を身に付けさせる。",7436503100000000
地理歴史,480,"ア　地理情報と地図
　地球儀の活用，様々な時代や種類の世界地図の読図，地理情報の地図化などの活動を通して，各時代の人々の世界観をとらえさせるとともに，地図の有用性に気付かせ，現代世界の地理的事象をとらえる地理的技能を身に付けさせる。",7436503110000000
地理歴史,481,"イ　地図の活用と地域調査
　直接的に調査できる地域を地図を活用して多面的・多角的に調査し，生活圏の地域的特色をとらえる地理的技能を身に付けさせる。",7436503120000000
地理歴史,482,"(2) 現代世界の系統地理的考察
　世界の自然環境，資源，産業，人口，都市・村落，生活文化，民族・宗教に関する諸事象の空間的な規則性，傾向性やそれらの要因などを系統地理的に考察させるとともに，現代世界の諸課題について地球的視野から理解させる。",7436503200000000
地理歴史,483,"ア　自然環境
　世界の地形，気候，植生などに関する諸事象を取り上げ，それらの分布や人間生活とのかかわりなどについて考察させるとともに，現代世界の環境問題を大観させる。",7436503210000000
地理歴史,484,"イ　資源，産業
　世界の資源・エネルギーや農業，工業，流通，消費などに関する諸事象を取り上げ，それらの分布や動向などについて考察させるとともに，現代世界の資源・エネルギー，食料問題を大観させる。",7436503220000000
地理歴史,485,"ウ　人口，都市・村落
　世界の人口，都市・村落などに関する諸事象を取り上げ，それらの分布や動向などについて考察させるとともに，現代世界の人口，居住・都市問題を大観させる。",7436503230000000
地理歴史,486,"エ　生活文化，民族・宗教
　世界の生活文化，民族・宗教に関する諸事象を取り上げ，それらの分布や民族と国家の関係などについて考察させるとともに，現代世界の民族，領土問題を大観させる。",7436503240000000
地理歴史,487,"(3) 現代世界の地誌的考察
　現代世界の諸地域を多面的・多角的に考察し，各地域の多様な特色や課題を理解させるとともに，現代世界を地誌的に考察する方法を身に付けさせる。",7436503300000000
地理歴史,488,"ア　現代世界の地域区分
　現代世界を幾つかの地域に区分する方法や地域の概念，地域区分の意義を理解させるとともに，その有用性に気付かせる。",7436503310000000
地理歴史,489,"イ　現代世界の諸地域
　現代世界の諸地域を取り上げ，歴史的背景を踏まえて多面的・多角的に地域の変容や構造を考察し，それらの地域にみられる地域的特色や地球的課題について理解させるとともに，地誌的に考察する方法を身に付けさせる。",7436503320000000
地理歴史,490,"ウ　現代世界と日本
　現代世界における日本の国土の特色について多面的・多角的に考察し，我が国が抱える地理的な諸課題を探究する活動を通して，その解決の方向性や将来の国土の在り方などについて展望させる。",7436503330000000
地理歴史,491,３　内容の取扱い,7436505000000000
地理歴史,492,(1) 内容の全体にわたって，次の事項に配慮するものとする。,7436505100000000
地理歴史,493,ア　１の目標に即して基本的な事項・事柄を精選して指導内容を構成すること。,7436505110000000
地理歴史,494,イ　地理的な見方や考え方及び地図の読図や作図，衛星画像や空中写真，景観写真の読み取りなど地理的技能を身に付けることができるよう系統性に留意して計画的に指導すること。その際，教科用図書「地図」を十分に活用するとともに，地図や統計などの地理情報の収集・分析には，情報通信ネットワークや地理情報システムなどの活用を工夫すること。,7436505120000000
地理歴史,495,ウ　地図を有効に活用して事象を説明したり，自分の解釈を加えて論述したり，討論したりするなどの活動を充実させること。,7436505130000000
地理歴史,496,エ　学習過程で政治，経済，生物，地学的な事象なども必要に応じて扱うことができるが，それらは空間的な傾向性や諸地域の特色を理解するのに必要な程度とすること。,7436505140000000
地理歴史,497,オ　各項目の内容に応じて日本を含めて扱うとともに，日本と比較し関連付けて考察させること。,7436505150000000
地理歴史,498,(2) 内容の取扱いに当たっては，次の事項に配慮するものとする。,7436505200000000
地理歴史,499,ア　内容の(1)については，次の事項に留意すること。,7436505210000000
地理歴史,500,(ｱ) 地球儀や地図の活用，観察や調査，統計，画像，文献などの地理情報の収集，選択，処理，諸資料の地理情報化や地図化などの作業的，体験的な学習を取り入れるとともに，各項目を関連付けて地理的技能が身に付くよう工夫すること。,7436505211000000
地理歴史,501,(ｲ) アについては，地理的認識を深める上で地図を活用することが大切であることを理解させるとともに，地図に関する基礎的・基本的な知識や技能を習得することができるよう工夫すること。,7436505212000000
地理歴史,502,(ｳ) イについては，生徒の特性や学校所在地の事情等を考慮し，地域調査を実施し，その方法が身に付くよう工夫すること。,7436505213000000
地理歴史,503,イ　内容の(2)については，分析，考察の過程を重視し，現代世界を系統地理的にとらえる視点や考察方法が身に付くよう工夫すること。エについては，領土問題の現状や動向を扱う際に日本の領土問題にも触れること。,7436505220000000
地理歴史,504,ウ　内容の(3)については，次の事項に留意すること。,7436505230000000
地理歴史,505,(ｱ) ア及びイについては，内容の(1)及び(2)の学習成果を活用するよう工夫すること。,7436505231000000
地理歴史,506,(ｲ) アについては，現代世界が自然，政治，経済，文化などの指標によって様々に地域区分できることに着目させ，それらを比較対照させることによって，地域の概念，地域区分の意義などを理解させるようにすること。,7436505232000000
地理歴史,507,(ｳ) イについては，アで学習した地域区分を踏まえるとともに，様々な規模の地域を世界全体から偏りなく取り上げるようにすること。また，取り上げた地域の多様な事象を項目ごとに整理して考察する地誌，取り上げた地域の特色ある事象と他の事象を有機的に関連付けて考察する地誌，対照的又は類似的な性格の二つの地域を比較して考察する地誌の考察方法を用いて学習できるよう工夫すること。,7436505233000000
地理歴史,508,(ｴ) ウについては，この科目のまとめとして位置付けること。,7436505234000000
地理歴史,509,第３款　各科目にわたる指導計画の作成と内容の取扱い,7430300000000000
地理歴史,510,１　指導計画の作成に当たっては，次の事項に配慮するものとする。,7430300100000000
地理歴史,511,(1) 地理歴史科の目標を達成するため，教科全体として調和のとれた指導が行われるよう，適切に留意すること。,7430300110000000
地理歴史,512,(2) 中学校社会科及び公民科との関連並びに地理歴史科に属する科目相互の関連に留意すること。,7430300120000000
地理歴史,513,２　各科目の指導に当たっては，次の事項に配慮するものとする。,7430300200000000
地理歴史,514,(1) 情報を主体的に活用する学習活動を重視するとともに，作業的，体験的な学習を取り入れるよう配慮すること。そのため，地図や年表を読みかつ作成すること，各種の統計，年鑑，白書，画像，新聞，読み物その他の資料を収集・選択し，それらを読み取り解釈すること，観察，見学及び調査・研究したことを発表したり報告書にまとめたりすることなど様々な学習活動を取り入れること。また，生徒が資料を適切に活用し，諸事象を公正に判断することができるようにすること。,7430300210000000
地理歴史,515,(2) 資料の収集，処理や発表などに当たっては，コンピュータや情報通信ネットワークなどを積極的に活用するとともに，生徒が主体的に情報手段を活用できるようにすること。その際，情報モラルの指導にも留意すること。,7430300220000000
地理歴史,516,"３　内容の指導に当たっては,教育基本法第14条及び第15条の規定に基づき,適切に行うよう特に慎重に配慮して，政治及び宗教に関する教育を行うものとする。",7430300300000000
公民,517,第３節　公　　　民,7440000000000000
公民,518,"第１款　目　標
　広い視野に立って，現代の社会について主体的に考察させ，理解を深めさせるとともに，人間としての在り方生き方についての自覚を育て，平和で民主的な国家・社会の有為な形成者として必要な公民としての資質を養う。",7440100000000000
公民,519,第２款　各　科　目,7440500000000000
公民,520,第１　現代社会,7441500000000000
公民,521,"１　目　標
　人間の尊重と科学的な探究の精神に基づいて，広い視野に立って，現代の社会と人間についての理解を深めさせ，現代社会の基本的な問題について主体的に考察し公正に判断するとともに自ら人間としての在り方生き方について考察する力の基礎を養い，良識ある公民として必要な能力と態度を育てる。",7441502000000000
公民,522,２　内　容,7441503000000000
公民,523,"(1) 私たちの生きる社会
　現代社会における諸課題を扱う中で，社会の在り方を考察する基盤として，幸福，正義，公正などについて理解させるとともに，現代社会に対する関心を高め，いかに生きるかを主体的に考察することの大切さを自覚させる。",7441503100000000
公民,524,"(2) 現代社会と人間としての在り方生き方
　現代社会について，倫理，社会，文化，政治，法，経済，国際社会など多様な角度から理解させるとともに，自己とのかかわりに着目して，現代社会に生きる人間としての在り方生き方について考察させる。",7441503200000000
公民,525,"ア　青年期と自己の形成
　生涯における青年期の意義を理解させ，自己実現と職業生活，社会参加，伝統や文化に触れながら自己形成の課題を考察させ，現代社会における青年の生き方について自覚を深めさせる。",7441503210000000
公民,526,"イ　現代の民主政治と政治参加の意義
　基本的人権の保障，国民主権，平和主義と我が国の安全について理解を深めさせ，天皇の地位と役割，議会制民主主義と権力分立など日本国憲法に定める政治の在り方について国民生活とのかかわりから認識を深めさせるとともに，民主政治における個人と国家について考察させ，政治参加の重要性と民主社会において自ら生きる倫理について自覚を深めさせる。",7441503220000000
公民,527,"ウ　個人の尊重と法の支配
　個人の尊重を基礎として，国民の権利の保障，法の支配と法や規範の意義及び役割，司法制度の在り方について日本国憲法と関連させながら理解を深めさせるとともに，生命の尊重，自由・権利と責任・義務，人間の尊厳と平等などについて考察させ，他者と共に生きる倫理について自覚を深めさせる。",7441503230000000
公民,528,"エ　現代の経済社会と経済活動の在り方
　現代の経済社会の変容などに触れながら，市場経済の機能と限界，政府の役割と財政・租税，金融について理解を深めさせ，経済成長や景気変動と国民福祉の向上の関連について考察させる。また，雇用，労働問題，社会保障について理解を深めさせるとともに，個人や企業の経済活動における役割と責任について考察させる。",7441503240000000
公民,529,"オ　国際社会の動向と日本の果たすべき役割
　グローバル化が進展する国際社会における政治や経済の動向に触れながら，人権，国家主権，領土に関する国際法の意義，人種・民族問題，核兵器と軍縮問題，我が国の安全保障と防衛及び国際貢献，経済における相互依存関係の深まり，地域的経済統合，南北問題など国際社会における貧困や格差について理解させ，国際平和，国際協力や国際協調を推進する上での国際的な組織の役割について認識させるとともに，国際社会における日本の果たすべき役割及び日本人の生き方について考察させる。",7441503250000000
公民,530,"(3) 共に生きる社会を目指して
　持続可能な社会の形成に参画するという観点から課題を探究する活動を通して，現代社会に対する理解を深めさせるとともに，現代に生きる人間としての在り方生き方について考察を深めさせる。",7441503300000000
公民,531,３　内容の取扱い,7441505000000000
公民,532,(1) 内容の全体にわたって，次の事項に配慮するものとする。,7441505100000000
公民,533,ア　中学校社会科及び道徳並びに公民科に属する他の科目，地理歴史科，家庭科，情報科及び特別活動などとの関連を図るとともに，項目相互の関連に留意しながら，全体としてのまとまりを工夫し，特定の事項だけに偏らないようにすること。,7441505110000000
公民,534,イ　社会的事象は相互に関連し合っていることに留意し，社会的事象に対する関心をもって多様な角度から考察させるとともに，できるだけ総合的にとらえることができるようにすること。また，生徒が自己の生き方にかかわって主体的に考察できるよう学習指導の展開を工夫すること。,7441505120000000
公民,535,ウ　１の目標に即して基本的な事項・事柄を精選して指導内容を構成すること。,7441505130000000
公民,536,エ　的確な資料に基づいて，社会的事象に対する客観的かつ公正なものの見方や考え方を育成するとともに，学び方の習得を図ること。その際，統計などの資料の見方やその意味，情報の検索や処理の仕方，簡単な社会調査の方法などについて指導するよう留意すること。また，学習の過程で考察したことや学習の成果を適切に表現させるよう留意すること。,7441505140000000
公民,537,(2) 内容の取扱いに当たっては，次の事項に配慮するものとする。,7441505200000000
公民,538,ア　内容の(1)については，次の事項に留意すること。,7441505210000000
公民,539,(ｱ) 内容の(1)は，この科目の導入として位置付けること。,7441505211000000
公民,540,(ｲ) 「現代社会における諸課題」としては，生命，情報，環境などを扱うこと。,7441505212000000
公民,541,イ　内容の(2)については，次の事項に留意すること。,7441505220000000
公民,542,(ｱ) 項目ごとに課題を設定し，内容の(1)で取り上げた幸福，正義，公正などを用いて考察させること。,7441505221000000
公民,543,(ｲ) アの「生涯における青年期の意義」と「自己形成の課題」については，生涯にわたる学習の意義についても考察させること。また，男女が共同して社会に参画することの重要性にも触れること。,7441505222000000
公民,544,(ｳ) イについては，地方自治に触れながら政治と生活との関連について認識を深めさせること。「政治参加の重要性」については，世論の形成の意義についても理解させること。また，「民主社会において自ら生きる倫理」については，個人と社会との関係に着目して考察させること。,7441505223000000
公民,545,(ｴ) ウについては，法に関する基本的な見方や考え方を身に付けさせるとともに裁判員制度についても扱うこと。,7441505224000000
公民,546,(ｵ) エの「市場経済の機能と限界」については，経済活動を支える私法に関する基本的な考え方についても触れること。「金融」については，金融制度や資金の流れの変化などにも触れること。また，「個人や企業の経済活動における役割と責任」については，公害の防止と環境保全，消費者に関する問題などについても触れること。,7441505225000000
公民,547,(ｶ) オの「人種・民族問題」については，文化や宗教の多様性についても触れ，それぞれの固有の文化などを尊重する寛容の態度を養うこと。,7441505226000000
公民,548,ウ　内容の(3)については，この科目のまとめとして位置付け，内容の(1)及び(2)で学習した成果を活用させること。地域や学校，生徒の実態等に応じて課題を設定し，個人と社会の関係，社会と社会の関係，現役世代と将来世代の関係のいずれかに着目させること。,7441505230000000
公民,549,第２　倫　理,7442500000000000
公民,550,"１　目　標
　人間尊重の精神と生命に対する畏《い》敬の念に基づいて，青年期における自己形成と人間としての在り方生き方について理解と思索を深めさせるとともに，人格の形成に努める実践的意欲を高め，他者と共に生きる主体としての自己の確立を促し，良識ある公民として必要な能力と態度を育てる。",7442502000000000
公民,551,２　内　容,7442503000000000
公民,552,"(1) 現代に生きる自己の課題
　自らの体験や悩みを振り返ることを通して，青年期の意義と課題を理解させ，豊かな自己形成に向けて，他者と共に生きる自己の生き方について考えさせるとともに，自己の生き方が現代の倫理的課題と結び付いていることをとらえさせる。",7442503100000000
公民,553,"(2) 人間としての在り方生き方
　自己の生きる課題とのかかわりにおいて，先哲の基本的な考え方を手掛かりとして，人間の存在や価値について思索を深めさせる。",7442503200000000
公民,554,"ア　人間としての自覚
　人生における哲学，宗教，芸術のもつ意義などについて理解させ，人間の存在や価値にかかわる基本的な課題について思索させることを通して，人間としての在り方生き方について考えを深めさせる。",7442503210000000
公民,555,"イ　国際社会に生きる日本人としての自覚
　日本人にみられる人間観，自然観，宗教観などの特質について，我が国の風土や伝統，外来思想の受容に触れながら，自己とのかかわりにおいて理解させ，国際社会に生きる主体性のある日本人としての在り方生き方について自覚を深めさせる。",7442503220000000
公民,556,"(3) 現代と倫理
　現代に生きる人間の倫理的課題について思索を深めさせ，自己の生き方の確立を促すとともに，よりよい国家・社会を形成し，国際社会に主体的に貢献しようとする人間としての在り方生き方について自覚を深めさせる。",7442503300000000
公民,557,"ア　現代に生きる人間の倫理
　人間の尊厳と生命への畏《い》敬，自然や科学技術と人間とのかかわり，民主社会における人間の在り方，社会参加と奉仕，自己実現と幸福などについて，倫理的な見方や考え方を身に付けさせ，他者と共に生きる自己の生き方にかかわる課題として考えを深めさせる。",7442503310000000
公民,558,"イ　現代の諸課題と倫理
　　生命，環境，家族，地域社会，情報社会，文化と宗教，国際平和と人類の福祉などにおける倫理的課題を自己の課題とつなげて探究する活動を通して，論理的思考力や表現力を身に付けさせるとともに，現代に生きる人間としての在り方生き方について自覚を深めさせる。",7442503320000000
公民,559,３　内容の取扱い,7442505000000000
公民,560,(1) 内容の全体にわたって，次の事項に配慮するものとする。,7442505100000000
公民,561,ア　中学校社会科及び道徳並びに公民科に属する他の科目，地理歴史科，家庭科，情報科及び特別活動などとの関連を図るとともに，全体としてのまとまりを工夫し，特定の事項だけに偏らないようにすること。,7442505110000000
公民,562,イ　先哲の基本的な考え方を取り上げるに当たっては，内容と関連が深く生徒の発達や学習段階に適した代表的な先哲の言説等を精選すること。また，生徒自らが人生観，世界観を確立するための手掛かりを得させるよう様々な工夫を行うこと。,7442505120000000
公民,563,(2) 内容の取扱いに当たっては，次の事項に配慮するものとする。,7442505200000000
公民,564,ア　内容の(1)については，この科目の導入として位置付け，生徒自身の課題を他者，集団や社会，生命や自然などとのかかわりを視点として考えさせ，以後の学習への意欲を喚起すること。,7442505210000000
公民,565,イ　内容の(2)については，次の事項に留意すること。,7442505220000000
公民,566,(ｱ) アについては，ギリシアの思想，キリスト教，イスラム教，仏教，儒教などの基本的な考え方を代表する先哲の思想，芸術家とその作品を，倫理的な観点を明確にして取り上げるなど工夫すること。,7442505221000000
公民,567,(ｲ) イについては，古来の日本人の考え方や代表的な日本の先哲の思想を手掛かりにして，自己の課題として学習させること。,7442505222000000
公民,568,ウ　内容の(3)については，次の事項に留意すること。,7442505230000000
公民,569,(ｱ) アについては，倫理的な見方や考え方を身に付けさせ，自己の課題として考えを深めていく主体的な学習への意欲を喚起すること。,7442505231000000
公民,570,(ｲ) イについては，アの学習を基礎として，学校や生徒の実態等に応じて課題を選択し，主体的に探究する学習を行うよう工夫すること。その際，イに示された倫理的課題が相互に関連していることを踏まえて，学習が効果的に展開するよう留意するとともに，論述したり討論したりするなどの活動を通して，自己の確立を促すよう留意すること。,7442505232000000
公民,571,第３　政治・経済,7443500000000000
公民,572,"１　目　標
　広い視野に立って，民主主義の本質に関する理解を深めさせ，現代における政治，経済，国際関係などについて客観的に理解させるとともに，それらに関する諸課題について主体的に考察させ，公正な判断力を養い，良識ある公民として必要な能力と態度を育てる。",7443502000000000
公民,573,２　内　容,7443503000000000
公民,574,"(1) 現代の政治
　現代の日本の政治及び国際政治の動向について関心を高め，基本的人権と議会制民主主義を尊重し擁護することの意義を理解させるとともに，民主政治の本質について把握させ，政治についての基本的な見方や考え方を身に付けさせる。",7443503100000000
公民,575,"ア　民主政治の基本原理と日本国憲法
　日本国憲法における基本的人権の尊重，国民主権，天皇の地位と役割，国会，内閣，裁判所などの政治機構を概観させるとともに，政治と法の意義と機能，基本的人権の保障と法の支配，権利と義務の関係，議会制民主主義，地方自治などについて理解させ，民主政治の本質や現代政治の特質について把握させ，政党政治や選挙などに着目して，望ましい政治の在り方及び主権者としての政治参加の在り方について考察させる。",7443503110000000
公民,576,"イ　現代の国際政治
　国際社会の変遷，人権，国家主権，領土などに関する国際法の意義，国際連合をはじめとする国際機構の役割，我が国の安全保障と防衛及び国際貢献について理解させ，国際政治の特質や国際紛争の諸要因について把握させ，国際平和と人類の福祉に寄与する日本の役割について考察させる。",7443503120000000
公民,577,"(2) 現代の経済
　現代の日本経済及び世界経済の動向について関心を高め，日本経済のグローバル化をはじめとする経済生活の変化，現代経済の仕組みや機能について理解させるとともに，その特質を把握させ，経済についての基本的な見方や考え方を身に付けさせる。",7443503200000000
公民,578,"ア　現代経済の仕組みと特質
　経済活動の意義，国民経済における家計，企業，政府の役割，市場経済の機能と限界，物価の動き，経済成長と景気変動，財政の仕組みと働き及び租税の意義と役割，金融の仕組みと働きについて理解させ，現代経済の特質について把握させ，経済活動の在り方と福祉の向上との関連を考察させる。",7443503210000000
公民,579,"イ　国民経済と国際経済
　貿易の意義，為替相場や国際収支の仕組み，国際協調の必要性や国際経済機関の役割について理解させ，グローバル化が進む国際経済の特質について把握させ，国際経済における日本の役割について考察させる。",7443503220000000
公民,580,"(3) 現代社会の諸課題
　政治や経済などに関する基本的な理解を踏まえ，持続可能な社会の形成が求められる現代社会の諸課題を探究する活動を通して，望ましい解決の在り方について考察を深めさせる。",7443503300000000
公民,581,"ア　現代日本の政治や経済の諸課題
　少子高齢社会と社会保障，地域社会の変貌《ぼう》と住民生活，雇用と労働を巡る問題，産業構造の変化と中小企業，農業と食料問題などについて，政治と経済とを関連させて探究させる。",7443503310000000
公民,582,"イ　国際社会の政治や経済の諸課題
　地球環境と資源・エネルギー問題，国際経済格差の是正と国際協力，人種・民族問題と地域紛争，国際社会における日本の立場と役割などについて，政治と経済とを関連させて探究させる。",7443503320000000
公民,583,３　内容の取扱い,7443505000000000
公民,584,(1) 内容の全体にわたって，次の事項に配慮するものとする。,7443505100000000
公民,585,ア　中学校社会科，公民科に属する他の科目，地理歴史科，家庭科及び情報科などとの関連を図るとともに，全体としてのまとまりを工夫し，特定の事項だけに偏らないようにすること。,7443505110000000
公民,586,イ　１の目標に即して基本的な事項・事柄を精選して指導内容を構成すること。また，客観的な資料と関連させて政治や経済の諸課題を考察させるとともに，政治や経済についての公正かつ客観的な見方や考え方を深めさせること。,7443505120000000
公民,587,ウ　政治や経済について考察した過程や結果について適切に表現する能力と態度を育てるようにすること。,7443505130000000
公民,588,(2) 内容の取扱いに当たっては，次の事項に配慮するものとする。,7443505200000000
公民,589,ア　内容の(1)については，次の事項に留意すること。,7443505210000000
公民,590,(ｱ) アの「法の意義と機能」，「基本的人権の保障と法の支配」，「権利と義務の関係」については，法に関する基本的な見方や考え方を身に付けさせるとともに，裁判員制度を扱うこと。「民主政治の本質」については，世界の主な政治体制と関連させて扱うこと。また，「現代政治の特質」については，世論形成などについて具体的事例を取り上げて扱い，主権者としての政治に対する関心を高めることに留意すること。,7443505211000000
公民,591,(ｲ) イについては，文化や宗教の多様性についても理解させること。また，「国際紛争の諸要因」については，多様な角度から考察させるとともに，軍縮や核兵器廃絶などに関する国際的な取組についても扱うこと。,7443505212000000
公民,592,"イ　内容の(2)については，次の事項に留意すること。
　アについては，マクロ経済の観点を中心に扱うこと。「市場経済の機能と限界」については，公害防止と環境保全，消費者に関する問題も扱うこと。また，「金融の仕組みと働き」については，金融に関する環境の変化にも触れること。",7443505220000000
公民,593,ウ　内容の(3)については，次の事項に留意すること。,7443505230000000
公民,594,(ｱ) 内容の(3)については，この科目のまとめとして位置付け，内容の(1)及び(2)で学習した成果を生かし，地域や学校，生徒の実態等に応じて，ア及びイのそれぞれにおいて課題を選択させること。その際，政治や経済の基本的な概念や理論の理解の上に立って，事実に基づいて多様な角度から探究し，理論と現実との相互関連を理解させること。,7443505231000000
公民,595,(ｲ) アについては，国際社会の動向に着目させたり，諸外国における取組なども参考にさせたりすること。,7443505232000000
公民,596,第３款　各科目にわたる内容の取扱い,7440300000000000
公民,597,１　各科目の指導に当たっては，次の事項に配慮するものとする。,7440300100000000
公民,598,(1) 情報を主体的に活用する学習活動を重視するとともに，作業的，体験的な学習を取り入れるよう配慮すること。そのため，各種の統計，年鑑，白書，新聞，読み物，地図その他の資料を収集，選択し，それらを読み取り解釈すること，観察，見学及び調査・研究したことを発表したり報告書にまとめたりすることなど様々な学習活動を取り入れること。,7440300110000000
公民,599,(2) 資料の収集，処理や発表などに当たっては，コンピュータや情報通信ネットワークなどを積極的に活用するとともに，生徒が主体的に情報手段を活用できるようにすること。その際，情報モラルの指導にも留意すること。,7440300120000000
公民,600,２　内容の指導に当たっては，教育基本法第14条及び第15条の規定に基づき，適切に行うよう特に慎重に配慮して，政治及び宗教に関する教育を行うものとする。,7440300200000000
数学,601,第４節　数　　　学,7450000000000000
数学,602,"第１款　目　標
　数学的活動を通して，数学における基本的な概念や原理・法則の体系的な理解を深め，事象を数学的に考察し表現する能力を高め，創造性の基礎を培うとともに，数学のよさを認識し，それらを積極的に活用して数学的論拠に基づいて判断する態度を育てる。",7450100000000000
数学,603,第２款　各　科　目,7450500000000000
数学,604,第１　数学Ⅰ,7451500000000000
数学,605,"１　目　標
　数と式，図形と計量，二次関数及びデータの分析について理解させ，基礎的な知識の習得と技能の習熟を図り，事象を数学的に考察する能力を培い，数学のよさを認識できるようにするとともに，それらを活用する態度を育てる。",7451502000000000
数学,606,２　内　容,7451503000000000
数学,607,"(1) 数と式
　数を実数まで拡張する意義や集合と命題に関する基本的な概念を理解できるようにする。また，式を多面的にみたり処理したりするとともに，一次不等式を事象の考察に活用できるようにする。",7451503100000000
数学,608,ア　数と集合,7451503110000000
数学,609,"(ｱ) 実数
　数を実数まで拡張する意義を理解し，簡単な無理数の四則計算をすること。",7451503111000000
数学,610,"(ｲ) 集合
　集合と命題に関する基本的な概念を理解し，それを事象の考察に活用すること。",7451503112000000
数学,611,イ　式,7451503120000000
数学,612,"(ｱ) 式の展開と因数分解
　二次の乗法公式及び因数分解の公式の理解を深め，式を多面的にみたり目的に応じて式を適切に変形したりすること。",7451503121000000
数学,613,"(ｲ) 一次不等式
　不等式の解の意味や不等式の性質について理解し，一次不等式の解を求めたり一次不等式を事象の考察に活用したりすること。",7451503122000000
数学,614,"(2) 図形と計量
　三角比の意味やその基本的な性質について理解し，三角比を用いた計量の考えの有用性を認識するとともに，それらを事象の考察に活用できるようにする。",7451503200000000
数学,615,ア　三角比,7451503210000000
数学,616,"(ｱ) 鋭角の三角比
　鋭角の三角比の意味と相互関係について理解すること。",7451503211000000
数学,617,"(ｲ) 鈍角の三角比
　三角比を鈍角まで拡張する意義を理解し，鋭角の三角比の値を用いて鈍角の三角比の値を求めること。",7451503212000000
数学,618,"(ｳ) 正弦定理・余弦定理
　正弦定理や余弦定理について理解し，それらを用いて三角形の辺の長さや角の大きさを求めること。",7451503213000000
数学,619,"イ　図形の計量
　三角比を平面図形や空間図形の考察に活用すること。",7451503220000000
数学,620,［用語・記号］,7451503230000000
数学,621,正弦,7451503231000000
数学,622,sin,7451503232000000
数学,623,余弦,7451503233000000
数学,624,cos,7451503234000000
数学,625,正接,7451503235000000
数学,626,tan,7451503236000000
数学,627,"(3) 二次関数
　二次関数とそのグラフについて理解し，二次関数を用いて数量の関係や変化を表現することの有用性を認識するとともに，それらを事象の考察に活用できるようにする。",7451503300000000
数学,628,"ア　二次関数とそのグラフ
　事象から二次関数で表される関係を見いだすこと。また，二次関数のグラフの特徴について理解すること。",7451503310000000
数学,629,イ　二次関数の値の変化,7451503320000000
数学,630,"(ｱ) 二次関数の最大・最小
　二次関数の値の変化について，グラフを用いて考察したり最大値や最小値を求めたりすること。",7451503321000000
数学,631,"(ｲ) 二次方程式・二次不等式
　二次方程式の解と二次関数のグラフとの関係について理解するとともに，数量の関係を二次不等式で表し二次関数のグラフを利用してその解を求めること。",7451503322000000
数学,632,"(4) データの分析
　統計の基本的な考えを理解するとともに，それを用いてデータを整理・分析し傾向を把握できるようにする。",7451503400000000
数学,633,"ア　データの散らばり
　四分位偏差，分散及び標準偏差などの意味について理解し，それらを用いてデータの傾向を把握し，説明すること。",7451503410000000
数学,634,"イ　データの相関
　散布図や相関係数の意味を理解し，それらを用いて二つのデータの相関を把握し説明すること。",7451503420000000
数学,635,"〔課題学習〕
　(1)，(2)，(3)及び(4)の内容又はそれらを相互に関連付けた内容を生活と関連付けたり発展させたりするなどして，生徒の関心や意欲を高める課題を設け，生徒の主体的な学習を促し，数学のよさを認識できるようにする。",7451503500000000
数学,636,３　内容の取扱い,7451505000000000
数学,637,(1) 内容の(1)のアの(ｲ)については，簡単な命題の証明も扱うものとする。,7451505100000000
数学,638,(2) 内容の(2)のアの(ｲ)については，関連して0°，90°，180°の三角比を扱うものとする。,7451505200000000
数学,639,(3) 課題学習については，それぞれの内容との関連を踏まえ，学習効果を高めるよう適切な時期や場面に実施するとともに，実施に当たっては数学的活動を一層重視するものとする。,7451505300000000
数学,640,第２　数学Ⅱ,7452500000000000
数学,641,"１　目　標
　いろいろな式，図形と方程式，指数関数・対数関数，三角関数及び微分・積分の考えについて理解させ，基礎的な知識の習得と技能の習熟を図り，事象を数学的に考察し表現する能力を養うとともに，それらを活用する態度を育てる。",7452502000000000
数学,642,２　内　容,7452503000000000
数学,643,"(1) いろいろな式
　整式の乗法・除法及び分数式の四則計算について理解できるようにするとともに，等式や不等式が成り立つことを証明できるようにする。また，方程式についての理解を深め，数の範囲を複素数まで拡張して二次方程式を解くこと及び因数分解を利用して高次方程式を解くことができるようにする。",7452503100000000
数学,644,ア　式と証明,7452503110000000
数学,645,"(ｱ) 整式の乗法・除法，分数式の計算
　三次の乗法公式及び因数分解の公式を理解し，それらを用いて式の展開や因数分解をすること。また，整式の除法や分数式の四則計算について理解し，簡単な場合について計算をすること。",7452503111000000
数学,646,"(ｲ) 等式と不等式の証明 
　等式や不等式が成り立つことを，それらの基本的な性質や実数の性質などを用いて証明すること。",7452503112000000
数学,647,イ　高次方程式,7452503120000000
数学,648,"(ｱ) 複素数と二次方程式
　数を複素数まで拡張する意義を理解し，複素数の四則計算をすること。また，二次方程式の解の種類の判別及び解と係数の関係について理解すること。",7452503121000000
数学,649,"(ｲ) 因数定理と高次方程式
　因数定理について理解し，簡単な高次方程式の解を因数定理などを用いて求めること。",7452503122000000
数学,650,［用語・記号］　,7452503130000000
数学,651,虚数,7452503131000000
数学,652,i,7452503132000000
数学,653,"(2) 図形と方程式
　座標や式を用いて，直線や円などの基本的な平面図形の性質や関係を数学的に表現し，その有用性を認識するとともに，事象の考察に活用できるようにする。",7452503200000000
数学,654,ア　直線と円,7452503210000000
数学,655,"(ｱ) 点と直線
　座標を用いて，平面上の線分を内分する点，外分する点の位置や二点間の距離を表すこと。また，座標平面上の直線を方程式で表し，それを二直線の位置関係などの考察に活用すること。",7452503211000000
数学,656,"(ｲ) 円の方程式
　座標平面上の円を方程式で表し，それを円と直線の位置関係などの考察に活用すること。",7452503212000000
数学,657,"イ　軌跡と領域
　軌跡について理解し，簡単な場合について軌跡を求めること。また，簡単な場合について，不等式の表す領域を求めたり領域を不等式で表したりすること。",7452503220000000
数学,658,"(3) 指数関数・対数関数
　指数関数及び対数関数について理解し，それらを事象の考察に活用できるようにする。",7452503300000000
数学,659,ア　指数関数,7452503310000000
数学,660,"(ｱ) 指数の拡張
　指数を正の整数から有理数へ拡張する意義を理解すること。",7452503311000000
数学,661,"(ｲ) 指数関数とそのグラフ
　指数関数とそのグラフの特徴について理解し，それらを事象の考察に活用すること。",7452503312000000
数学,662,イ　対数関数,7452503320000000
数学,663,"(ｱ) 対数
　対数の意味とその基本的な性質について理解し，簡単な対数の計算をすること。",7452503321000000
数学,664,"(ｲ) 対数関数とそのグラフ
　対数関数とそのグラフの特徴について理解し，それらを事象の考察に活用すること。",7452503322000000
数学,665,［用語・記号］　,7452503330000000
数学,666,累乗根,7452503331000000
数学,667,logax,7452503332000000
数学,668,"(4) 三角関数
　角の概念を一般角まで拡張して，三角関数及び三角関数の加法定理について理解し，それらを事象の考察に活用できるようにする。",7452503400000000
数学,669,"ア　角の拡張
　角の概念を一般角まで拡張する意義や弧度法による角度の表し方について理解すること。",7452503410000000
数学,670,イ　三角関数,7452503420000000
数学,671,"(ｱ) 三角関数とそのグラフ
　三角関数とそのグラフの特徴について理解すること。",7452503421000000
数学,672,"(ｲ) 三角関数の基本的な性質
　三角関数について，相互関係などの基本的な性質を理解すること。",7452503422000000
数学,673,"ウ　三角関数の加法定理
　三角関数の加法定理を理解し，それを用いて２倍角の公式を導くこと。",7452503430000000
数学,674,"(5) 微分・積分の考え
　微分・積分の考えについて理解し，それらの有用性を認識するとともに，事象の考察に活用できるようにする。",7452503500000000
数学,675,ア　微分の考え,7452503510000000
数学,676,"(ｱ) 微分係数と導関数
　微分係数や導関数の意味について理解し，関数の定数倍，和及び差の導関数を求めること。",7452503511000000
数学,677,"(ｲ) 導関数の応用
　導関数を用いて関数の値の増減や極大・極小を調べ，グラフの概形をかくこと。また，微分の考えを事象の考察に活用すること。",7452503512000000
数学,678,イ　積分の考え,7452503520000000
数学,679,"(ｱ) 不定積分と定積分
　不定積分及び定積分の意味について理解し，関数の定数倍，和及び差の不定積分や定積分を求めること。",7452503521000000
数学,680,"(ｲ) 面積
　定積分を用いて直線や関数のグラフで囲まれた図形の面積を求めること。",7452503522000000
数学,681,［用語・記号］　,7452503530000000
数学,682,極限値,7452503531000000
数学,683,lim,7452503532000000
数学,684,３　内容の取扱い,7452505000000000
数学,685,(1) 内容の(1)のアについては，関連して二項定理を扱うものとする。,7452505100000000
数学,686,(2) 内容の(3)のイについては，常用対数も扱うものとする。,7452505200000000
数学,687,(3) 内容の(4)のウについては，関連して三角関数の合成を扱うものとする。,7452505300000000
数学,688,(4) 内容の(5)のアについては，三次までの関数を中心に扱い，イについては，二次までの関数を中心に扱うものとする。アの(ｱ)の微分係数については，関数のグラフの接線に関連付けて扱うものとする。また，極限については，直観的に理解させるよう扱うものとする。,7452505400000000
数学,689,第３　数学Ⅲ,7453500000000000
数学,690,"１　目　標
　平面上の曲線と複素数平面，極限，微分法及び積分法についての理解を深め，知識の習得と技能の習熟を図り，事象を数学的に考察し表現する能力を伸ばすとともに，それらを積極的に活用する態度を育てる。",7453502000000000
数学,691,２　内　容,7453503000000000
数学,692,"(1) 平面上の曲線と複素数平面
　平面上の曲線がいろいろな式で表されること及び複素数平面について理解し，それらを事象の考察に活用できるようにする。",7453503100000000
数学,693,ア　平面上の曲線,7453503110000000
数学,694,"(ｱ) 直交座標による表示
　放物線，楕《だ》円，双曲線が二次式で表されること及びそれらの二次曲線の基本的な性質について理解すること。",7453503111000000
数学,695,"(ｲ) 媒介変数による表示
　媒介変数の意味及び曲線が媒介変数を用いて表されることを理解し，それらを事象の考察に活用すること。",7453503112000000
数学,696,"(ｳ) 極座標による表示
　極座標の意味及び曲線が極方程式で表されることを理解し，それらを事象の考察に活用すること。",7453503113000000
数学,697,イ　複素数平面,7453503120000000
数学,698,"(ｱ) 複素数の図表示
　複素数平面と複素数の極形式，複素数の実数倍，和，差，積及び商の図形的な意味を理解し，それらを事象の考察に活用すること。",7453503121000000
数学,699,"(ｲ) ド・モアブルの定理
　ド・モアブルの定理について理解すること。",7453503122000000
数学,700,［用語・記号]　,7453503130000000
数学,701,焦点,7453503131000000
数学,702,準線,7453503132000000
数学,703,"(2) 極限
　数列や関数値の極限の概念を理解し，それらを事象の考察に活用できるようにする。",7453503200000000
数学,704,ア　数列とその極限,7453503210000000
数学,705,"(ｱ) 数列の極限
　数列の極限について理解し，数列｛rn｝の極限などを基に簡単な数列の極限を求めること。また，数列の極限を事象の考察に活用すること。",7453503211000000
数学,706,"(ｲ) 無限等比級数の和
　無限級数の収束，発散について理解し，無限等比級数などの簡単な無限級数の和を求めること。また，それらを事象の考察に活用すること。",7453503212000000
数学,707,イ　関数とその極限,7453503220000000
数学,708,"(ｱ) 分数関数と無理関数
　簡単な分数関数と無理関数及びそれらのグラフの特徴について理解すること。",7453503221000000
数学,709,"(ｲ) 合成関数と逆関数
　合成関数や逆関数の意味を理解し，簡単な場合についてそれらを求めること。",7453503222000000
数学,710,"(ｳ) 関数値の極限
　関数値の極限について理解し，それを事象の考察に活用すること。",7453503223000000
数学,711,［用語・記号］,7453503230000000
数学,712,∞,7453503231000000
数学,713,"(3) 微分法
　微分法についての理解を深めるとともに，その有用性を認識し，事象の考察に活用できるようにする。",7453503300000000
数学,714,ア　導関数,7453503310000000
数学,715,"(ｱ) 関数の和・差・積・商の導関数
　関数の積及び商の導関数について理解し，関数の和，差，積及び商の導関数を求めること。",7453503311000000
数学,716,"(ｲ) 合成関数の導関数
　合成関数の導関数について理解し，合成関数の導関数を求めること。",7453503312000000
数学,717,"(ｳ) 三角関数・指数関数・対数関数の導関数
　三角関数，指数関数及び対数関数の導関数を求めること。",7453503313000000
数学,718,"イ　導関数の応用
　導関数を用いて，いろいろな曲線の接線の方程式を求めたり，いろいろな関数の値の増減，極大・極小，グラフの凹凸などを調べグラフの概形をかいたりすること。また，それらを事象の考察に活用すること。",7453503320000000
数学,719,［用語・記号］　,7453503330000000
数学,720,自然対数,7453503331000000
数学,721,e,7453503332000000
数学,722,第二次導関数,7453503333000000
数学,723,変曲点,7453503334000000
数学,724,"(4) 積分法
　積分法についての理解を深めるとともに，その有用性を認識し，事象の考察に活用できるようにする。",7453503400000000
数学,725,ア　不定積分と定積分,7453503410000000
数学,726,"(ｱ) 積分とその基本的な性質
　不定積分及び定積分の基本的な性質についての理解を深め，それらを用いて不定積分や定積分を求めること。",7453503411000000
数学,727,"(ｲ) 置換積分法・部分積分法
　置換積分法及び部分積分法について理解し，簡単な場合についてそれらを用いて不定積分や定積分を求めること。",7453503412000000
数学,728,"(ｳ) いろいろな関数の積分
　いろいろな関数について，工夫して不定積分や定積分を求めること。",7453503413000000
数学,729,"イ　積分の応用
　いろいろな曲線で囲まれた図形の面積や立体の体積及び曲線の長さなどを定積分を利用して求めること。",7453503420000000
数学,730,３　内容の取扱い,7453505000000000
数学,731,(1) 内容の(1)のアの(ｲ)及び(ｳ)については，二次曲線や内容の(3)及び(4)で取り上げる曲線を中心に扱うものとし，描画においてはコンピュータなどを積極的に活用するものとする。,7453505100000000
数学,732,(2) 内容の(2)のイの(ｳ)については，関連して関数の連続性を扱うものとする。,7453505200000000
数学,733,(3) 内容の(3)のイについては，関連して直線上の点の運動や平面上の点の運動の速度及び加速度を扱うものとする。,7453505300000000
数学,734,"(4) 内容の(4)のアの(ｲ)については，置換積分法は
と置き換えるものを中心に扱うものとする。また，部分積分法は，簡単な関数について１回の適用で結果が得られるものを中心に扱うものとする。",7453505400000000
数学,735,第４　数学Ａ,7454500000000000
数学,736,"１　目　標
　場合の数と確率，整数の性質又は図形の性質について理解させ，基礎的な知識の習得と技能の習熟を図り，事象を数学的に考察する能力を養い，数学のよさを認識できるようにするとともに，それらを活用する態度を育てる。",7454502000000000
数学,737,２　内　容,7454503000000000
数学,738,"(1) 場合の数と確率
　場合の数を求めるときの基本的な考え方や確率についての理解を深め，それらを事象の考察に活用できるようにする。",7454503100000000
数学,739,ア　場合の数,7454503110000000
数学,740,"(ｱ) 数え上げの原則
　集合の要素の個数に関する基本的な関係や和の法則，積の法則について理解すること。",7454503111000000
数学,741,"(ｲ) 順列・組合せ
　具体的な事象の考察を通して順列及び組合せの意味について理解し，それらの総数を求めること。",7454503112000000
数学,742,イ　確率,7454503120000000
数学,743,"(ｱ) 確率とその基本的な法則
　確率の意味や基本的な法則についての理解を深め，それらを用いて事象の確率を求めること。また，確率を事象の考察に活用すること。",7454503121000000
数学,744,"(ｲ) 独立な試行と確率
　独立な試行の意味を理解し，独立な試行の確率を求めること。また，それを事象の考察に活用すること。",7454503122000000
数学,745,"(ｳ) 条件付き確率
　条件付き確率の意味を理解し，簡単な場合について条件付き確率を求めること。また，それを事象の考察に活用すること。",7454503123000000
数学,746,［用語・記号］,7454503130000000
数学,747,nPr,7454503131000000
数学,748,nCr,7454503132000000
数学,749,階乗,7454503133000000
数学,750,n!,7454503134000000
数学,751,排反,7454503135000000
数学,752,"(2) 整数の性質
　整数の性質についての理解を深め，それを事象の考察に活用できるようにする。",7454503200000000
数学,753,"ア　約数と倍数
　素因数分解を用いた公約数や公倍数の求め方を理解し，整数に関連した事象を論理的に考察し表現すること。",7454503210000000
数学,754,"イ　ユークリッドの互除法
　整数の除法の性質に基づいてユークリッドの互除法の仕組みを理解し，それを用いて二つの整数の最大公約数を求めること。また，二元一次不定方程式の解の意味について理解し，簡単な場合についてその整数解を求めること。",7454503220000000
数学,755,"ウ　整数の性質の活用
　二進法などの仕組みや分数が有限小数又は循環小数で表される仕組みを理解し，整数の性質を事象の考察に活用すること。",7454503230000000
数学,756,"(3) 図形の性質
　平面図形や空間図形の性質についての理解を深め，それらを事象の考察に活用できるようにする。",7454503300000000
数学,757,ア　平面図形,7454503310000000
数学,758,"(ｱ) 三角形の性質
　三角形に関する基本的な性質について，それらが成り立つことを証明すること。",7454503311000000
数学,759,"(ｲ) 円の性質
　円に関する基本的な性質について，それらが成り立つことを証明すること。",7454503312000000
数学,760,"(ｳ) 作図
　基本的な図形の性質などをいろいろな図形の作図に活用すること。",7454503313000000
数学,761,"イ　空間図形
　空間における直線や平面の位置関係やなす角についての理解を深めること。また，多面体などに関する基本的な性質について理解し，それらを事象の考察に活用すること。",7454503320000000
数学,762,"〔課題学習〕
　(1)，(2)及び(3)の内容又はそれらを相互に関連付けた内容を生活と関連付けたり発展させたりするなどして，生徒の関心や意欲を高める課題を設け，生徒の主体的な学習を促し，数学のよさを認識できるようにする。",7454503400000000
数学,763,３　内容の取扱い,7454505000000000
数学,764,(1) この科目は，内容の(1)から(3)までの中から適宜選択させるものとする。,7454505100000000
数学,765,(2) 課題学習については，それぞれの内容との関連を踏まえ，学習効果を高めるよう適切な時期や場面に実施するとともに，実施に当たっては数学的活動を一層重視するものとする。,7454505200000000
数学,766,第５　数学Ｂ,7455500000000000
数学,767,"１　目　標
　確率分布と統計的な推測，数列又はベクトルについて理解させ，基礎的な知識の習得と技能の習熟を図り，事象を数学的に考察し表現する能力を伸ばすとともに，それらを活用する態度を育てる。",7455502000000000
数学,768,２　内　容,7455503000000000
数学,769,"(1) 確率分布と統計的な推測
　確率変数とその分布，統計的な推測について理解し，それらを不確定な事象の考察に活用できるようにする。",7455503100000000
数学,770,ア　確率分布,7455503110000000
数学,771,"(ｱ) 確率変数と確率分布
　確率変数及び確率分布について理解し，確率変数の平均，分散及び標準偏差を用いて確率分布の特徴をとらえること。",7455503111000000
数学,772,"(ｲ) 二項分布
　二項分布について理解し，それを事象の考察に活用すること。",7455503112000000
数学,773,"イ　正規分布
　正規分布について理解し，二項分布が正規分布で近似できることを知ること。また，それらを事象の考察に活用すること。",7455503120000000
数学,774,ウ　統計的な推測,7455503130000000
数学,775,"(ｱ) 母集団と標本
　標本調査の考え方について理解し，標本を用いて母集団の傾向を推測できることを知ること。",7455503131000000
数学,776,"(ｲ) 統計的な推測の考え
　母平均の統計的な推測について理解し，それを事象の考察に活用すること。",7455503132000000
数学,777,"(2) 数列
　簡単な数列とその和及び漸化式と数学的帰納法について理解し，それらを事象の考察に活用できるようにする。",7455503200000000
数学,778,ア　数列とその和,7455503210000000
数学,779,"(ｱ) 等差数列と等比数列
　等差数列と等比数列について理解し，それらの一般項及び和を求めること。",7455503211000000
数学,780,"(ｲ) いろいろな数列
　いろいろな数列の一般項や和について，その求め方を理解し，事象の考察に活用すること。",7455503212000000
数学,781,イ　漸化式と数学的帰納法,7455503220000000
数学,782,"(ｱ) 漸化式と数列
　漸化式について理解し，簡単な漸化式で表された数列について，一般項を求めること。また，漸化式を事象の考察に活用すること。",7455503221000000
数学,783,"(ｲ) 数学的帰納法
　数学的帰納法について理解し，それを用いて簡単な命題を証明するとともに，事象の考察に活用すること。",7455503222000000
数学,784,［用語・記号］,7455503230000000
数学,785,Σ,7455503231000000
数学,786,"(3) ベクトル
　ベクトルの基本的な概念について理解し，その有用性を認識するとともに，事象の考察に活用できるようにする。",7455503300000000
数学,787,ア　平面上のベクトル,7455503310000000
数学,788,"(ｱ) ベクトルとその演算
　ベクトルの意味，相等，和，差，実数倍，位置ベクトル及びベクトルの成分表示について理解すること。",7455503311000000
数学,789,"(ｲ) ベクトルの内積
　ベクトルの内積及びその基本的な性質について理解し，それらを平面図形の性質などの考察に活用すること。",7455503312000000
数学,790,"イ　空間座標とベクトル
　座標及びベクトルの考えが平面から空間に拡張できることを知ること。",7455503320000000
数学,791,３　内容の取扱い,7455505000000000
数学,792,(1) この科目は，内容の(1)から(3)までの中から適宜選択させるものとする。,7455505100000000
数学,793,第６　数学活用,7456500000000000
数学,794,"１　目　標
　数学と人間とのかかわりや数学の社会的有用性についての認識を深めるとともに，事象を数理的に考察する能力を養い，数学を積極的に活用する態度を育てる。",7456502000000000
数学,795,２　内　容,7456503000000000
数学,796,"(1) 数学と人間の活動
　数学が人間の活動にかかわってつくられ発展してきたことやその方法を理解するとともに，数学と文化とのかかわりについての認識を深める。",7456503100000000
数学,797,"ア　数や図形と人間の活動
　数量や図形に関する概念などと人間の活動や文化とのかかわりについて理解すること。",7456503110000000
数学,798,"イ　遊びの中の数学
　数理的なゲームやパズルなどを通して論理的に考えることのよさを認識し，数学と文化とのかかわりについて理解すること。",7456503120000000
数学,799,"(2) 社会生活における数理的な考察
　社会生活において数学が活用されている場面や身近な事象を数理的に考察するとともに，それらの活動を通して数学の社会的有用性についての認識を深める。",7456503200000000
数学,800,"ア　社会生活と数学
　社会生活などの場面で，事象を数学化し考察すること。",7456503210000000
数学,801,"イ　数学的な表現の工夫
　図，表，行列及び離散グラフなどを用いて，事象を数学的に表現し考察すること。",7456503220000000
数学,802,"ウ　データの分析
　目的に応じてデータを収集し，表計算用のソフトウェアなどを用いて処理しデータ間の傾向をとらえ予測や判断をすること。",7456503230000000
数学,803,３　内容の取扱い,7456505000000000
数学,804,(1) この科目の指導に当たっては，数学的活動を一層重視し，身近な事例を取り上げるなど生徒の主体的活動を促すとともに，コンピュータなどを積極的に活用した学習が行われるよう配慮するものとする。,7456505100000000
数学,805,(2) 内容の(1)のアについては，数学における概念の形成や原理・法則の認識の過程と人間の活動や文化とのかかわりを中心として，数学史的な話題及びコンピュータを活用した問題の解決などを取り上げるものとする。,7456505200000000
数学,806,(3) 内容の(2)のアについては，経済にかかわる話題なども取り上げるものとする。,7456505300000000
数学,807,第３款　各科目にわたる指導計画の作成と内容の取扱い,7450300000000000
数学,808,１　指導計画の作成に当たっては，次の事項に配慮するものとする。,7450300100000000
数学,809,(1) 「数学Ⅱ」，「数学Ⅲ」を履修させる場合は，「数学Ⅰ」，「数学Ⅱ」，「数学Ⅲ」の順に履修させることを原則とすること。,7450300110000000
数学,810,(2) 「数学Ａ」については，「数学Ⅰ」と並行してあるいは「数学Ⅰ」を履修した後に履修させ，「数学Ｂ」については，「数学Ⅰ」を履修した後に履修させることを原則とすること。,7450300120000000
数学,811,(3) 各科目を履修させるに当たっては，当該科目や他の科目の内容及び理科，情報科，家庭科等の内容を踏まえ，相互の関連を図るとともに，学習内容の系統性に留意すること。,7450300130000000
数学,812,２　内容の取扱いに当たっては，次の事項に配慮するものとする。,7450300200000000
数学,813,(1) 各科目の内容の［用語・記号］は，当該科目で扱う内容の程度や範囲を明確にするために示したものであり，内容と密接に関連させて扱うこと。,7450300210000000
数学,814,(2) 各科目の指導に当たっては，必要に応じて，コンピュータや情報通信ネットワークなどを適切に活用し，学習の効果を高めるようにすること。,7450300220000000
数学,815,３　指導に当たっては，各科目の特質に応じ数学的活動を重視し，数学を学習する意義などを実感できるようにするとともに，次の事項に配慮するものとする。,7450300300000000
数学,816,(1) 自ら課題を見いだし，解決するための構想を立て，考察・処理し，その過程を振り返って得られた結果の意義を考えたり，それを発展させたりすること。,7450300310000000
数学,817,(2) 学習した内容を生活と関連付け，具体的な事象の考察に活用すること。,7450300320000000
数学,818,(3) 自らの考えを数学的に表現し根拠を明らかにして説明したり，議論したりすること。,7450300330000000
理科,819,第５節　理　　　科,7460000000000000
理科,820,"第１款　目　標
　自然の事物・現象に対する関心や探究心を高め，目的意識をもって観察，実験などを行い，科学的に探究する能力と態度を育てるとともに自然の事物・現象についての理解を深め，科学的な自然観を育成する。",7460102000000000
理科,821,第２款　各　科　目,7460500000000000
理科,822,第１　科学と人間生活,7461500000000000
理科,823,"１　目　標
　自然と人間生活とのかかわり及び科学技術が人間生活に果たしてきた役割について，身近な事物・現象に関する観察，実験などを通して理解させ，科学的な見方や考え方を養うとともに，科学に対する興味・関心を高める。",7461502000000000
理科,824,２　内　容,7461503000000000
理科,825,"(1) 科学技術の発展
　科学技術の発展が今日の人間生活に対してどのように貢献してきたかについて理解させる。",7461503100000000
理科,826,"(2) 人間生活の中の科学
　身近な自然の事物・現象及び日常生活や社会の中で利用されている科学技術を取り上げ，科学と人間生活とのかかわりについて認識を深めさせる。",7461503200000000
理科,827,ア　光や熱の科学,7461503210000000
理科,828,"(ｱ) 光の性質とその利用
　光を中心とした電磁波の性質とその利用について理解すること。",7461503211000000
理科,829,"(ｲ) 熱の性質とその利用
　熱の性質，エネルギーの変換と保存及び有効利用について理解すること。",7461503212000000
理科,830,イ　物質の科学,7461503220000000
理科,831,"(ｱ) 材料とその再利用
　身近な材料であるプラスチックや金属の種類，性質及び用途と資源の再利用について理解すること。",7461503221000000
理科,832,"(ｲ) 衣料と食品
　身近な衣料材料の性質や用途，食品中の主な成分の性質について理解すること。",7461503222000000
理科,833,ウ　生命の科学,7461503230000000
理科,834,"(ｱ) 生物と光
　植物の生育，動物の行動及びヒトの視覚と光とのかかわりについて理解すること。",7461503231000000
理科,835,"(ｲ) 微生物とその利用
　様々な微生物の存在と生態系での働き，微生物と人間生活とのかかわりについて理解すること。",7461503232000000
理科,836,エ　宇宙や地球の科学,7461503240000000
理科,837,"(ｱ) 身近な天体と太陽系における地球
　太陽や月などの身近に見られる天体と人間生活とのかかわり，太陽系における地球について理解すること。",7461503241000000
理科,838,"(ｲ) 身近な自然景観と自然災害
　身近な自然景観の成り立ちと自然災害について，太陽の放射エネルギーによる作用や地球内部のエネルギーによる変動と関連付けて理解すること。",7461503242000000
理科,839,"(3) これからの科学と人間生活
　自然と人間生活とのかかわり及び科学技術が人間生活に果たしてきた役割についての学習を踏まえて，これからの科学と人間生活とのかかわり方について考察させる。",7461503300000000
理科,840,３　内容の取扱い,7461505000000000
理科,841,(1) 内容の構成及びその取扱いに当たっては，次の事項に配慮するものとする。,7461505100000000
理科,842,ア　中学校理科との関連を十分考慮するとともに，科学と人間生活とのかかわりについて理解させ，観察，実験などを中心に扱い，自然や科学技術に対する興味・関心を高めること。,7461505110000000
理科,843,イ　内容の(1)については，この科目の導入として位置付け，身近な事例を基に科学技術に対する興味・関心を高めるよう展開すること。,7461505120000000
理科,844,ウ　内容の(2)のアからエまでについては，生徒の実態等を考慮し，それぞれ(ｱ)又は(ｲ)のいずれかを選択して扱うこと。,7461505130000000
理科,845,エ　内容の(3)については，内容の(2)の学習を踏まえ，課題を適宜設けて考察させ，報告書を作成させたり発表を行う機会を設けたりすること。その際，コンピュータや情報通信ネットワークなどの適切な活用を図ること。,7461505140000000
理科,846,(2) 内容の範囲や程度については，次の事項に配慮するものとする。,7461505200000000
理科,847,ア　内容の(1)については，身近な科学技術の例を取り上げ，その変遷と人間生活の変化とのかかわりを扱うこと。,7461505210000000
理科,848,イ　内容の(2)のアの(ｱ)については，光の波としての分類や性質，電磁波の利用に関して，観察，実験などを中心に扱うこと。その際，「電磁波の利用」については，電波やＸ線にも触れること。(ｲ)については，熱量保存，仕事や電流による熱の発生，エネルギーの変換に関して，観察，実験などを中心に扱うこと。その際，「エネルギーの変換と保存」については，熱機関と永久機関に関する歴史的な事項や熱が仕事に変わる際の不可逆性にも触れること。,7461505220000000
理科,849,ウ　内容の(2)のイの(ｱ)については，代表的なプラスチックや金属の種類，性質に関して，観察，実験などを中心に扱うこと。その際，「プラスチック」については，その成分の違い，化学構造及び燃焼にかかわる安全性にも触れること。「金属」については，製錬や腐食とその防止にも触れること。「資源の再利用」については，ガラスにも触れること。(ｲ)については，衣料材料として用いられる代表的な天然繊維及び合成繊維の性質，食品中の主な成分である炭水化物，タンパク質及び脂質の性質に関して，観察，実験などを中心に扱うこと。その際，「身近な衣料材料の性質」や「食品中の主な成分の性質」については，化学構造との関連にも触れること。,7461505230000000
理科,850,エ　内容の(2)のウの(ｱ)については，光合成と光，光に対する動物の行動，ヒトの視覚に関して，観察，実験などを中心に扱うこと。その際，「植物の生育」については，成長運動，開花にも触れること。「動物の行動」については，体内時計も取り上げ，ヒトの健康と光とのかかわりにも触れること。(ｲ)については，様々な微生物の存在，生態系での分解者としての働き，発酵に関して，観察，実験などを中心に扱うこと。その際，「様々な微生物の存在」については，微生物の発見の歴史にも触れること。「微生物と人間生活とのかかわり」については，微生物が医薬品などの生成に利用されることにも触れること。,7461505240000000
理科,851,オ　内容の(2)のエの(ｱ)については，太陽や月の運行と時や暦などとの関係，太陽が地球や人間生活に及ぼす影響，太陽系の天体及び太陽系の広がりや構造に関して，観察，実験などを中心に扱うこと。その際，天動説，地動説にも触れること。(ｲ)については，地域の自然景観，その変化と自然災害に関して，観察，実験などを中心に扱うこと。その際，自然景観が長い時間の中で変化してできたことにも触れること。「自然景観の成り立ち」については，流水の作用，地震や火山活動と関連付けて扱うこと。「自然災害」については，防災にも触れること。,7461505250000000
理科,852,カ　内容の(3)については，(2)で学習した内容を踏まえ，生徒の興味・関心等に応じて，自然や科学技術に関連した事例を課題として設定し考察させること。,7461505260000000
理科,853,第２　物理基礎,7462500000000000
理科,854,"１　目　標
　日常生活や社会との関連を図りながら物体の運動と様々なエネルギーへの関心を高め，目的意識をもって観察，実験などを行い，物理学的に探究する能力と態度を育てるとともに，物理学の基本的な概念や原理・法則を理解させ，科学的な見方や考え方を養う。",7462502000000000
理科,855,２　内　容,7462503000000000
理科,856,"(1) 物体の運動とエネルギー
　日常に起こる物体の運動を観察，実験などを通して探究し，その基本的な概念や法則を理解させ，運動とエネルギーについての基礎的な見方や考え方を身に付けさせる。",7462503100000000
理科,857,ア　運動の表し方,7462503110000000
理科,858,"(ｱ) 物理量の測定と扱い方
　身近な物理現象について，物理量の測定と表し方，分析の手法を理解すること。",7462503111000000
理科,859,"(ｲ) 運動の表し方
　物体の運動の表し方について，直線運動を中心に理解すること。",7462503112000000
理科,860,"(ｳ) 直線運動の加速度
　物体が直線上を運動する場合の加速度を理解すること。",7462503113000000
理科,861,イ　様々な力とその働き,7462503120000000
理科,862,"(ｱ) 様々な力
　物体に様々な力が働くことを理解すること。",7462503121000000
理科,863,"(ｲ) 力のつり合い
　物体に働く力のつり合いを理解すること。",7462503122000000
理科,864,"(ｳ) 運動の法則
　運動の三法則を理解すること。",7462503123000000
理科,865,"(ｴ) 物体の落下運動
　物体が落下する際の運動の特徴及び物体に働く力と運動の関係について理解すること。",7462503124000000
理科,866,ウ　力学的エネルギー,7462503130000000
理科,867,"(ｱ) 運動エネルギーと位置エネルギー
　運動エネルギーと位置エネルギーについて，仕事と関連付けて理解すること。",7462503131000000
理科,868,"(ｲ) 力学的エネルギーの保存
　力学的エネルギー保存の法則を仕事と関連付けて理解すること。",7462503132000000
理科,869,"エ　物体の運動とエネルギーに関する探究活動
　物体の運動とエネルギーに関する探究活動を行い，学習内容の理解を深めるとともに，物理学的に探究する能力を高めること。",7462503140000000
理科,870,"(2) 様々な物理現象とエネルギーの利用
　様々な物理現象を観察，実験などを通して探究し，それらの基本的な概念や法則を理解させ，物理現象とエネルギーについての基礎的な見方や考え方を身に付けさせる。",7462503200000000
理科,871,ア　熱,7462503210000000
理科,872,"(ｱ) 熱と温度
　熱と温度について，原子や分子の熱運動という視点から理解すること。",7462503211000000
理科,873,"(ｲ) 熱の利用
　熱の移動及び熱と仕事の変換について理解すること。",7462503212000000
理科,874,イ　波,7462503220000000
理科,875,"(ｱ) 波の性質
　波の性質について，直線状に伝わる場合を中心に理解すること。",7462503221000000
理科,876,"(ｲ) 音と振動
　気柱の共鳴，弦の振動及び音波の性質を理解すること。",7462503222000000
理科,877,ウ　電気,7462503230000000
理科,878,"(ｱ) 物質と電気抵抗
　物質によって抵抗率が異なることを理解すること。",7462503231000000
理科,879,"(ｲ) 電気の利用
交流の発生，送電及び利用について，基本的な仕組みを理解すること。",7462503232000000
理科,880,エ　エネルギーとその利用,7462503240000000
理科,881,"(ｱ) エネルギーとその利用
　人類が利用可能な水力，化石燃料，原子力，太陽光などを源とするエネルギーの特性や利用などについて，物理学的な視点から理解すること。",7462503241000000
理科,882,オ　物理学が拓《ひら》く世界,7462503250000000
理科,883,"(ｱ) 物理学が拓《ひら》く世界
　「物理基礎」で学んだ事柄が，日常生活やそれを支えている科学技術と結び付いていることを理解すること。",7462503251000000
理科,884,"カ　様々な物理現象とエネルギーの利用に関する探究活動
　様々な物理現象とエネルギーの利用に関する探究活動を行い，学習内容の理解を深めるとともに，物理学的に探究する能力を高めること。",7462503260000000
理科,885,３　内容の取扱い,7462505000000000
理科,886,(1) 内容の構成及びその取扱いに当たっては，次の事項に配慮するものとする。,7462505100000000
理科,887,ア　中学校理科との関連を考慮しながら，物理学の基本的な概念の形成を図るとともに，物理学的に探究する方法の習得を通して，科学的な思考力，判断力及び表現力を育成すること。,7462505110000000
理科,888,イ　「探究活動」においては，各項目の学習活動と関連させながら観察，実験を行い，報告書を作成させたり発表を行う機会を設けたりすること。また，その特質に応じて，情報の収集，仮説の設定，実験の計画，実験による検証，実験データの分析・解釈，法則性の導出などの探究の方法を習得させるようにすること。その際，コンピュータや情報通信ネットワークなどの適切な活用を図ること。,7462505120000000
理科,889,(2) 内容の範囲や程度については，次の事項に配慮するものとする。,7462505200000000
理科,890,"ア　内容の(1)のアの(ｱ)については，「物理基礎」の学習全体に通じる手法などを扱うこと。
　イの(ｱ)については，摩擦力，弾性力，圧力及び浮力を扱うこと。また，空間を隔てて働く力にも定性的に触れること。(ｲ)については，平面内で働く力のつり合いを中心に扱うこと。(ｳ)については，直線運動を中心に扱うこと。(ｴ)については，自由落下，鉛直投射を扱い，水平投射，斜方投射及び空気抵抗の存在にも定性的に触れること。
　ウの(ｱ)の「位置エネルギー」については，重力による位置エネルギー，弾性力による位置エネルギーを扱うこと。(ｲ)については，摩擦や空気抵抗がない場合は力学的エネルギーが保存されることを中心に扱うこと。",7462505210000000
理科,891,"イ　内容の(2)のアの(ｱ)については，熱現象を微視的な視点でとらえ，原子や分子の熱運動と温度の関係を定性的に扱うこと。また，内部エネルギーや物質の三態にも触れること。(ｲ)については，熱現象における不可逆性にも触れること。
　　イの(ｱ)については，作図を用いる方法を中心に扱うこと。また，定在波も扱い，縦波や横波にも触れること。(ｲ)については，波の反射，共振，うなりなどを扱うこと。
　ウの(ｱ)については，金属中の電流が自由電子の流れによることも扱うこと。また，半導体や絶縁体があることにも触れること。(ｲ)については，交流の直流への変換や電磁波の利用にも触れること。
　エの(ｱ)については，電気エネルギーへの変換を中心に扱うこと。「原子力」については，関連して放射線及び原子力の利用とその安全性の問題にも触れること。
　オの(ｱ)については，日常生活や社会で利用されている科学技術の具体的事例を取り上げること。",7462505220000000
理科,892,第３　物　理,7463500000000000
理科,893,"１　目　標
　物理的な事物・現象に対する探究心を高め，目的意識をもって観察，実験などを行い，物理学的に探究する能力と態度を育てるとともに，物理学の基本的な概念や原理・法則の理解を深め，科学的な自然観を育成する。",7463502000000000
理科,894,２　内　容,7463503000000000
理科,895,"(1) 様々な運動
　運動とエネルギーについての基礎的な見方や考え方に基づき，物体の運動を観察，実験などを通して探究し，力と運動に関する概念や原理・法則を系統的に理解させ，それらを活用できるようにする。",7463503100000000
理科,896,ア　平面内の運動と剛体のつり合い,7463503110000000
理科,897,"(ｱ) 曲線運動の速度と加速度
　平面内を運動する物体の運動について理解すること。",7463503111000000
理科,898,"(ｲ) 斜方投射
　斜方投射された物体の運動を理解すること。",7463503112000000
理科,899,"(ｳ) 剛体のつり合い
　大きさのある物体のつり合いを理解すること。",7463503113000000
理科,900,イ　運動量,7463503120000000
理科,901,"(ｱ) 運動量と力積
　運動量と力積の関係について理解すること。",7463503121000000
理科,902,"(ｲ) 運動量の保存
　物体の衝突や分裂における運動量の保存を理解すること。",7463503122000000
理科,903,"(ｳ) はね返り係数
　衝突におけるはね返りについて理解すること。",7463503123000000
理科,904,ウ　円運動と単振動,7463503130000000
理科,905,"(ｱ) 円運動
　円運動をする物体の様子を表す方法やその物体に働く力などについて理解すること。",7463503131000000
理科,906,"(ｲ) 単振動
　単振動をする物体の様子を表す方法やその物体に働く力などについて理解すること。",7463503132000000
理科,907,エ　万有引力,7463503140000000
理科,908,"(ｱ) 惑星の運動
　惑星の運動に関する法則を理解すること。",7463503141000000
理科,909,"(ｲ) 万有引力
　万有引力の法則及び万有引力による物体の運動について理解すること。",7463503142000000
理科,910,オ　気体分子の運動,7463503150000000
理科,911,"(ｱ) 気体分子の運動と圧力
　気体分子の運動と圧力の関係について理解すること。",7463503151000000
理科,912,"(ｲ) 気体の内部エネルギー
　気体の内部エネルギーについて，気体の分子運動と関連付けて理解すること。",7463503152000000
理科,913,"(ｳ) 気体の状態変化
　気体の状態変化における熱，仕事及び内部エネルギーの関係を理解すること。",7463503153000000
理科,914,"カ　様々な運動に関する探究活動
　様々な運動に関する探究活動を行い，学習内容の理解を深めるとともに，物理学的に探究する能力を高めること。",7463503160000000
理科,915,"(2) 波
　水面波，音，光などの波動現象を観察，実験などを通して探究し，共通する基本的な概念や法則を系統的に理解させるとともに，それらを日常生活や社会と関連付けて考察できるようにする。",7463503200000000
理科,916,ア　波の伝わり方,7463503210000000
理科,917,"(ｱ) 波の伝わり方とその表し方
　波の伝わり方とその表し方について理解すること。",7463503211000000
理科,918,"(ｲ) 波の干渉と回折
　波の干渉と回折について理解すること。",7463503212000000
理科,919,イ　音,7463503220000000
理科,920,"(ｱ) 音の干渉と回折
　音の干渉と回折について理解すること。",7463503221000000
理科,921,"(ｲ) 音のドップラー効果
　音のドップラー効果について理解すること。",7463503222000000
理科,922,ウ　光,7463503230000000
理科,923,"(ｱ) 光の伝わり方
　光の伝わり方について理解すること。",7463503231000000
理科,924,"(ｲ) 光の回折と干渉
　光の回折と干渉について理解すること。",7463503232000000
理科,925,"エ　波に関する探究活動
　波に関する探究活動を行い，学習内容の理解を深めるとともに，物理学的に探究する能力を高めること。",7463503240000000
理科,926,"(3) 電気と磁気
　電気や磁気に関する現象を観察，実験などを通して探究し，電気と磁気に関する基本的な概念や原理・法則を系統的に理解させるとともに，それらを日常生活や社会と関連付けて考察できるようにする。",7463503300000000
理科,927,ア　電気と電流,7463503310000000
理科,928,"(ｱ) 電荷と電界
　電荷が相互に及ぼし合う力や電界の表し方を理解すること。",7463503311000000
理科,929,"(ｲ) 電界と電位
　電界と電位の関係を理解すること。",7463503312000000
理科,930,"(ｳ) コンデンサー
　コンデンサーの性質を理解すること。",7463503313000000
理科,931,"(ｴ) 電気回路
　電気回路について理解すること。",7463503314000000
理科,932,イ　電流と磁界,7463503320000000
理科,933,"(ｱ) 電流による磁界
　電流がつくる磁界の様子を理解すること。",7463503321000000
理科,934,"(ｲ) 電流が磁界から受ける力
　電流が磁界から受ける力について理解すること。",7463503322000000
理科,935,"(ｳ) 電磁誘導
　電磁誘導と交流について，現象や法則を理解すること。",7463503323000000
理科,936,"(ｴ) 電磁波の性質とその利用
　電磁波について，性質とその利用を理解すること。",7463503324000000
理科,937,"ウ　電気と磁気に関する探究活動
　電気や磁気に関する探究活動を行い，学習内容の理解を深めるとともに，物理学的に探究する能力を高めること。",7463503330000000
理科,938,"(4) 原子
　電子，原子及び原子核に関する現象を観察，実験などを通して探究し，原子についての基本的な概念や原理・法則を理解させる。",7463503400000000
理科,939,ア　電子と光,7463503410000000
理科,940,"(ｱ) 電子
　電子の電荷と質量について理解すること。",7463503411000000
理科,941,"(ｲ) 粒子性と波動性
　電子や光の粒子性と波動性について理解すること。",7463503412000000
理科,942,イ　原子と原子核,7463503420000000
理科,943,"(ｱ) 原子とスペクトル
　原子の構造及びスペクトルと電子のエネルギー準位の関係について理解すること。",7463503421000000
理科,944,"(ｲ) 原子核
　原子核の構成，原子核の崩壊及び核反応について理解すること。",7463503422000000
理科,945,"(ｳ) 素粒子
　素粒子の存在について知ること。",7463503423000000
理科,946,ウ　物理学が築く未来,7463503430000000
理科,947,"(ｱ) 物理学が築く未来
　物理学の成果が様々な分野で利用され，未来を築く新しい科学技術の基盤となっていることを理解すること。",7463503431000000
理科,948,"エ　原子に関する探究活動
　原子に関する探究活動を行い，学習内容の理解を深めるとともに，物理学的に探究する能力を高めること。",7463503440000000
理科,949,３　内容の取扱い,7463505000000000
理科,950,(1) 内容の構成及びその取扱いに当たっては，次の事項に配慮するものとする。,7463505100000000
理科,951,ア　「物理基礎」との関連を考慮しながら，物理学の基本的な概念の形成を図るとともに，物理学的に探究する方法の習得を通して，科学的な思考力，判断力及び表現力を育成すること。,7463505110000000
理科,952,イ　「探究活動」においては，「物理基礎」の３の(1)のイと同様に取り扱うこと。,7463505120000000
理科,953,(2) 内容の範囲や程度については，次の事項に配慮するものとする。,7463505200000000
理科,954,"ア　内容の(1)のアの(ｱ)については，物体の平面内の運動を表す変位，速度及び加速度はベクトルで表されることを扱うこと。(ｲ)については，物体の水平投射や斜方投射における速度，加速度，重力の働きなどを扱うこと。また，空気の抵抗がある場合の落下運動にも触れること。(ｳ)については，力のモーメントのつり合いを扱うこと。また，物体の重心にも触れること。
　イの(ｱ)については，運動量と力積がベクトルで表されること，運動量の変化が力積に等しいことを扱うこと。(ｳ)については，物体の衝突の際の力学的エネルギーの減少も扱うこと。
　ウの(ｱ)については，等速円運動の速度，周期，角速度，向心加速度及び向心力を扱うこと。また，遠心力にも触れること。(ｲ)については，単振動をする物体の変位，速度，加速度及び復元力を扱うこと。「単振動」については，ばね振り子と単振り子を扱うこと。
　エの(ｱ)については，ケプラーの法則を扱うこと。(ｲ)については，万有引力の位置エネルギーも扱うこと。
　オの(ｱ)については，理想気体の状態方程式，気体分子の速さ，平均の運動エネルギーなどを扱うこと。(ｲ)については，理想気体を扱うこと。(ｳ)については，熱力学第一法則を扱うこと。",7463505210000000
理科,955,"イ　内容の(2)のアの(ｱ)については，ホイヘンスの原理，水面波の反射・屈折及び波の式を扱うこと。(ｲ)については，水面波を扱うこと。
　イの(ｲ)については，観測者と音源が同一直線上を動く場合を扱うこと。
　ウの(ｱ)については，光の速さ，波長，反射，屈折，分散，偏光などを扱い，鏡やレンズの幾何光学的な性質については，基本的な扱いとすること。また，光は横波であることや光のスペクトルにも触れること。(ｲ)については，ヤングの実験，回折格子及び薄膜の干渉を扱うこと。",7463505220000000
理科,956,"ウ　内容の(3)のアの(ｱ)については，静電誘導も扱うこと。(ｳ)については，コンデンサーの接続にも触れること。(ｴ)については，抵抗率の温度変化，内部抵抗も扱うこと。また，半導体にも触れること。
　イの(ｱ)については，直線電流と円電流がつくる磁界を中心に扱うこと。(ｲ)については，ローレンツ力にも触れること。(ｳ)については，電磁誘導の法則を中心に扱い，自己誘導，相互誘導及び交流の発生も扱うこと。また，交流回路の基本的な性質にも触れること。(ｴ)については，電気振動や電磁波の発生にも触れること。",7463505230000000
理科,957,"エ　内容の(4)のアの(ｱ)については，電子に関する歴史的な実験にも触れること。(ｲ)については，光電効果，電子線回折などを扱い，Ｘ線にも触れること。
　イの(ｱ)については，水素原子の構造を中心にスペクトルと関連させて扱うこと。(ｲ)については，質量とエネルギーの等価性にも触れること。
　ウの(ｱ)については，物理学の発展と科学技術の進展に対する興味を喚起するような成果を取り上げること。",7463505240000000
理科,958,第４　化学基礎,7464500000000000
理科,959,"１　目　標
　日常生活や社会との関連を図りながら物質とその変化への関心を高め，目的意識をもって観察，実験などを行い，化学的に探究する能力と態度を育てるとともに，化学の基本的な概念や原理・法則を理解させ，科学的な見方や考え方を養う。",7464502000000000
理科,960,２　内　容,7464503000000000
理科,961,"(1) 化学と人間生活
　化学と人間生活とのかかわりについて関心を高め，化学が物質を対象とする科学であることや化学が人間生活に果たしている役割を理解させるとともに，観察，実験などを通して物質を探究する方法の基礎を身に付けさせる。",7464503100000000
理科,962,ア　化学と人間生活とのかかわり,7464503110000000
理科,963,"(ｱ) 人間生活の中の化学
　日常生活や社会を支える物質の利用とその製造の例を通して，化学に対する興味・関心を高めること。",7464503111000000
理科,964,"(ｲ) 化学とその役割
　日常生活や社会において物質が適切に使用されている例を通して，化学が果たしている役割を理解すること。",7464503112000000
理科,965,イ　物質の探究,7464503120000000
理科,966,"(ｱ) 単体・化合物・混合物
　物質の分離・精製や元素の確認などの実験を通して，単体，化合物及び混合物について理解するとともに，実験における基本操作と物質を探究する方法を身に付けること。",7464503121000000
理科,967,"(ｲ) 熱運動と物質の三態
　粒子の熱運動と温度及び物質の三態変化との関係について理解すること。",7464503122000000
理科,968,"ウ　化学と人間生活に関する探究活動
　化学と人間生活に関する探究活動を行い，学習内容の理解を深めるとともに，化学的に探究する能力を高めること。",7464503130000000
理科,969,"(2) 物質の構成
　原子の構造及び電子配置と周期律との関係を理解させる。また，物質の性質について観察，実験などを通して探究し，化学結合と物質の性質との関係を理解させ，物質について微視的な見方ができるようにする。",7464503200000000
理科,970,ア　物質の構成粒子,7464503210000000
理科,971,"(ｱ) 原子の構造
　原子の構造及び陽子，中性子，電子の性質を理解すること。",7464503211000000
理科,972,"(ｲ) 電子配置と周期表
　元素の周期律及び原子の電子配置と周期表の族や周期との関係について理解すること。",7464503212000000
理科,973,イ　物質と化学結合,7464503220000000
理科,974,"(ｱ) イオンとイオン結合
　イオンの生成を電子配置と関連付けて理解すること。また，イオン結合及びイオン結合でできた物質の性質を理解すること。",7464503221000000
理科,975,"(ｲ) 金属と金属結合
　金属結合及び金属の性質を理解すること。",7464503222000000
理科,976,"(ｳ) 分子と共有結合
　共有結合を電子配置と関連付けて理解すること。また，分子からなる物質の性質を理解すること。",7464503223000000
理科,977,"ウ　物質の構成に関する探究活動
　物質の構成に関する探究活動を行い，学習内容の理解を深めるとともに，化学的に探究する能力を高めること。",7464503230000000
理科,978,"(3) 物質の変化
　化学反応の量的関係，酸と塩基の反応及び酸化還元反応について観察，実験などを通して探究し，化学反応に関する基本的な概念や法則を理解させるとともに，それらを日常生活や社会と関連付けて考察できるようにする。",7464503300000000
理科,979,ア　物質量と化学反応式,7464503310000000
理科,980,"(ｱ) 物質量
　物質量と粒子数，質量，気体の体積との関係について理解すること。",7464503311000000
理科,981,"(ｲ) 化学反応式
　化学反応式は化学反応に関与する物質とその量的関係を表すことを理解すること。",7464503312000000
理科,982,イ　化学反応,7464503320000000
理科,983,"(ｱ) 酸・塩基と中和
　酸と塩基の性質及び中和反応に関与する物質の量的関係を理解すること。",7464503321000000
理科,984,"(ｲ) 酸化と還元
　酸化と還元が電子の授受によることを理解すること。また，酸化還元反応と日常生活や社会とのかかわりについて理解すること。",7464503322000000
理科,985,"ウ　物質の変化に関する探究活動
　物質の変化に関する探究活動を行い，学習内容の理解を深めるとともに，化学的に探究する能力を高めること。",7464503330000000
理科,986,３　内容の取扱い,7464505000000000
理科,987,(1) 内容の構成及びその取扱いに当たっては，次の事項に配慮するものとする。,7464505100000000
理科,988,ア　中学校理科との関連を考慮しながら，化学の基本的な概念の形成を図るとともに，化学的に探究する方法の習得を通して，科学的な思考力，判断力及び表現力を育成すること。,7464505110000000
理科,989,イ　「探究活動」においては，各項目の学習活動と関連させながら観察，実験を行い，報告書を作成させたり発表を行う機会を設けたりすること。また，その特質に応じて，情報の収集，仮説の設定，実験の計画，実験による検証，実験データの分析・解釈などの探究の方法を習得させるようにすること。その際，コンピュータや情報通信ネットワークなどの適切な活用を図ること。,7464505120000000
理科,990,ウ　内容の(1)のアについては，この科目の導入として位置付け，化学に対する興味・関心を高めるよう展開すること。,7464505130000000
理科,991,(2) 内容の範囲や程度については，次の事項に配慮するものとする。,7464505200000000
理科,992,"ア　内容の(1)のアの(ｱ)については，代表的な金属やプラスチックを扱うこと。その際，再利用にも触れること。(ｲ)については，洗剤や食品添加物など身近な例を扱うこと。その際，物質の性質や使用する量が有効性と危険性に関連していることにも触れること。
　イの(ｱ)の「物質の分離・精製」については，ろ過，蒸留，抽出，再結晶及びクロマトグラフィーを扱うこと。「元素の確認」については，炎色反応や沈殿反応を扱うこと。(ｲ)については，物理変化と化学変化の違いにも触れること。「粒子の熱運動」については，気体分子のエネルギー分布と絶対温度にも触れること。",7464505210000000
理科,993,"イ　内容の(2)のアの(ｱ)については，原子番号，質量数及び同位体を扱うこと。その際，放射性同位体とその利用にも触れること。(ｲ)の「電子配置」については，代表的な典型元素を扱うこと。「周期律」については，イオン化エネルギーの変化にも触れること。
　イの(ｱ)については，多原子イオンも扱うこと。「イオン結合でできた物質」については，代表的なものを扱い，その用途にも触れること。(ｲ)については，代表的な金属を扱い，その用途にも触れること。(ｳ)については，代表的な無機物質及び有機化合物を扱い，それらの用途にも触れること。また，分子の極性や配位結合にも触れるとともに，共有結合の結晶及びプラスチックなどの高分子化合物の構造にも触れること。",7464505220000000
理科,994,"ウ　内容の(3)のアの(ｱ)については，モル質量や溶液のモル濃度も扱うこと。
　イの(ｱ)については，酸，塩基の強弱と電離度の大小との関係も扱うこと。「酸と塩基」については，水素イオン濃度とｐＨとの関係にも触れること。「中和反応」については，生成する塩の性質にも触れること。(ｲ)については，代表的な酸化剤，還元剤を扱うこと。",7464505230000000
理科,995,第５　化　学,7465500000000000
理科,996,"１　目　標
　化学的な事物・現象に対する探究心を高め，目的意識をもって観察，実験などを行い，化学的に探究する能力と態度を育てるとともに，化学の基本的な概念や原理・法則の理解を深め，科学的な自然観を育成する。",7465502000000000
理科,997,２　内　容,7465503000000000
理科,998,"(1) 物質の状態と平衡
　気体，液体，固体の性質を観察，実験などを通して探究し，物質の状態変化，状態間の平衡，溶解平衡及び溶液の性質について理解させるとともに，それらを日常生活や社会と関連付けて考察できるようにする。",7465503100000000
理科,999,ア　物質の状態とその変化,7465503110000000
理科,1000,"(ｱ) 状態変化
　物質の沸点，融点を分子間力や化学結合と関連付けて理解すること。また，状態変化に伴うエネルギーの出入り及び状態間の平衡と温度や圧力との関係について理解すること。",7465503111000000
理科,1001,"(ｲ) 気体の性質
　気体の体積と圧力や温度との関係を理解すること。",7465503112000000
理科,1002,"(ｳ) 固体の構造
　結晶格子の概念及び結晶の構造を理解すること。",7465503113000000
理科,1003,イ　溶液と平衡,7465503120000000
理科,1004,"(ｱ) 溶解平衡
　溶解の仕組みを理解すること。また，溶解度を溶解平衡と関連付けて理解すること。",7465503121000000
理科,1005,"(ｲ) 溶液とその性質
　身近な現象を通して溶媒と溶液の性質の違いを理解すること。",7465503122000000
理科,1006,"ウ　物質の状態と平衡に関する探究活動
　物質の状態と平衡に関する探究活動を行い，学習内容の理解を深めるとともに，化学的に探究する能力を高めること。",7465503130000000
理科,1007,"(2) 物質の変化と平衡
　化学反応に伴うエネルギーの出入り，反応速度及び化学平衡を観察，実験などを通して探究し，化学反応に関する概念や法則を理解させるとともに，それらを日常生活や社会と関連付けて考察できるようにする。",7465503200000000
理科,1008,ア　化学反応とエネルギー,7465503210000000
理科,1009,"(ｱ) 化学反応と熱・光
　化学反応における熱及び光の発生や吸収は，反応の前後における物質のもつ化学エネルギーの差から生じることを理解すること。",7465503211000000
理科,1010,"(ｲ) 電気分解
　外部から加えた電気エネルギーによって，電極で酸化還元反応が起こることを理解すること。また，その反応に関与した物質の変化量と電気量との関係を理解すること。",7465503212000000
理科,1011,"(ｳ) 電池
　電池は，酸化還元反応によって電気エネルギーを取り出す仕組みであることを理解すること。",7465503213000000
理科,1012,イ　化学反応と化学平衡,7465503220000000
理科,1013,"(ｱ) 反応速度
　反応速度の表し方及び反応速度に影響を与える要因を理解すること。",7465503221000000
理科,1014,"(ｲ) 化学平衡とその移動
　可逆反応，化学平衡及び化学平衡の移動を理解すること。",7465503222000000
理科,1015,"(ｳ) 電離平衡
　水のイオン積，ｐＨ及び弱酸や弱塩基の電離平衡について理解すること。",7465503223000000
理科,1016,"ウ　物質の変化と平衡に関する探究活動
　物質の変化と平衡に関する探究活動を行い，学習内容の理解を深めるとともに，化学的に探究する能力を高めること。",7465503230000000
理科,1017,"(3) 無機物質の性質と利用
　無機物質の性質や反応を観察，実験などを通して探究し，元素の性質が周期表に基づいて整理できることを理解させるとともに，それらを日常生活や社会と関連付けて考察できるようにする。",7465503300000000
理科,1018,ア　無機物質,7465503310000000
理科,1019,"(ｱ) 典型元素
　典型元素の単体と化合物の性質や反応を周期表と関連付けて理解すること。",7465503311000000
理科,1020,"(ｲ) 遷移元素
　遷移元素の単体と化合物の性質や反応について理解すること。",7465503312000000
理科,1021,イ　無機物質と人間生活,7465503320000000
理科,1022,"(ｱ) 無機物質と人間生活
　無機物質が，その特徴を生かして人間生活の中で利用されていることを理解すること。",7465503321000000
理科,1023,"ウ　無機物質の性質と利用に関する探究活動
　無機物質の性質と利用に関する探究活動を行い，学習内容の理解を深めるとともに，化学的に探究する能力を高めること。",7465503330000000
理科,1024,"(4) 有機化合物の性質と利用
　有機化合物の性質や反応を観察，実験などを通して探究し，有機化合物の分類と特徴を理解させるとともに，それらを日常生活や社会と関連付けて考察できるようにする。",7465503400000000
理科,1025,ア　有機化合物,7465503410000000
理科,1026,"(ｱ) 炭化水素
　脂肪族炭化水素の性質や反応を構造と関連付けて理解すること。",7465503411000000
理科,1027,"(ｲ) 官能基をもつ化合物
　官能基をもつ脂肪族化合物の性質や反応について理解すること。",7465503412000000
理科,1028,"(ｳ) 芳香族化合物
　芳香族化合物の構造，性質及び反応について理解すること。",7465503413000000
理科,1029,イ　有機化合物と人間生活,7465503420000000
理科,1030,"(ｱ) 有機化合物と人間生活
　有機化合物が，その特徴を生かして人間生活の中で利用されていることを理解すること。",7465503421000000
理科,1031,"ウ　有機化合物の性質と利用に関する探究活動
　有機化合物の性質と利用に関する探究活動を行い，学習内容の理解を深めるとともに，化学的に探究する能力を高めること。",7465503430000000
理科,1032,"(5) 高分子化合物の性質と利用
　高分子化合物の性質や反応を観察，実験などを通して探究し，合成高分子化合物と天然高分子化合物の特徴を理解させるとともに，それらを日常生活や社会と関連付けて考察できるようにする。",7465503500000000
理科,1033,ア　高分子化合物,7465503510000000
理科,1034,"(ｱ) 合成高分子化合物
　合成高分子化合物の構造，性質及び合成について理解すること。",7465503511000000
理科,1035,"(ｲ) 天然高分子化合物
　天然高分子化合物の構造や性質について理解すること。",7465503512000000
理科,1036,イ　高分子化合物と人間生活,7465503520000000
理科,1037,"(ｱ) 高分子化合物と人間生活
　高分子化合物が，その特徴を生かして人間生活の中で利用されていることを理解すること。",7465503521000000
理科,1038,"ウ　高分子化合物の性質と利用に関する探究活動
　高分子化合物の性質と利用に関する探究活動を行い，学習内容の理解を深めるとともに，化学的に探究する能力を高めること。",7465503530000000
理科,1039,３　内容の取扱い,7465505000000000
理科,1040,(1) 内容の構成及びその取扱いに当たっては，次の事項に配慮するものとする。,7465505100000000
理科,1041,ア　「化学基礎」との関連を考慮しながら，化学の基本的な概念の形成を図るとともに，化学的に探究する方法の習得を通して，科学的な思考力，判断力及び表現力を育成すること。,7465505110000000
理科,1042,イ　「探究活動」においては，「化学基礎」の３の(1)のイと同様に取り扱うこと。,7465505120000000
理科,1043,(2) 内容の範囲や程度については，次の事項に配慮するものとする。,7465505200000000
理科,1044,"ア　内容の(1)のアの(ｱ)については，融解熱や蒸発熱を扱うこと。「状態間の平衡」については，気液平衡や蒸気圧を扱うこと。(ｲ)については，ボイル・シャルルの法則や理想気体の状態方程式を扱うこと。その際，分子量測定にも触れること。また，混合気体，分圧の法則及び実在気体も扱うこと。(ｳ)の「結晶の構造」については，体心立方格子，面心立方格子及び六方最密構造を扱うこと。また，アモルファスにも触れること。
　イの(ｱ)については，固体及び気体の溶解度を扱うこと。(ｲ)については，蒸気圧降下，沸点上昇，凝固点降下及び浸透圧を扱うこと。また，コロイド溶液も扱うこと。",7465505210000000
理科,1045,"イ　内容の(2)のアの(ｱ)については，熱化学方程式やヘスの法則を扱うこと。また，結合エネルギーにも触れること。(ｲ)については，水溶液の電気分解を中心に扱うこと。(ｳ)については，水の電気分解の逆反応を用いた電池を扱うこと。また，ダニエル電池や代表的な実用電池の反応にも触れること。
　イの(ｱ)については，簡単な反応を扱うこと。「要因」については，濃度，温度及び触媒の有無を扱うこと。(ｲ)の「化学平衡の移動」については，ルシャトリエの原理を中心に扱うこと。(ｳ)については，塩の加水分解や緩衝液にも触れること。",7465505220000000
理科,1046,"ウ　内容の(3)のアの(ｱ)については，各族の代表的な元素の単体と化合物を扱うこと。(ｲ)については，クロム，マンガン，鉄，銅，銀及びそれらの化合物を扱うこと。
　イの(ｱ)については，アで取り上げた物質のほか，人間生活に利用されている代表的な金属，セラミックスなどを扱うこと。",7465505230000000
理科,1047,"エ　内容の(4)のアの(ｲ)については，アルコール，エーテル，カルボニル化合物，カルボン酸，エステルなどを取り上げ，それらの性質は炭素骨格及び官能基により特徴付けられることを扱うこと。また，光学異性体にも触れること。(ｳ)については，芳香族炭化水素，フェノール類，芳香族カルボン酸，芳香族アミンなどを扱うこと。
　イの(ｱ)については，アで取り上げた物質のほか，単糖類，二糖類，アミノ酸などを扱うこと。また，代表的な医薬品，染料，洗剤などの主な成分にも触れること。",7465505240000000
理科,1048,"オ　内容の(5)のアの(ｱ)については，代表的な合成繊維及びプラスチックを扱うこと。その際，合成高分子化合物の開発の歴史にも触れること。(ｲ)については，繊維や食物を構成している代表的な天然高分子化合物を扱うこと。また，核酸の構造にも触れること。
　イの(ｱ)については，高分子化合物の用途を中心に扱うこと。その際，資源の再利用にも触れること。",7465505250000000
理科,1049,第６　生物基礎,7466500000000000
理科,1050,"１　目　標
　日常生活や社会との関連を図りながら生物や生物現象への関心を高め，目的意識をもって観察，実験などを行い，生物学的に探究する能力と態度を育てるとともに，生物学の基本的な概念や原理・法則を理解させ，科学的な見方や考え方を養う。",7466502000000000
理科,1051,２　内　容,7466503000000000
理科,1052,"(1) 生物と遺伝子
　生物と遺伝子について観察，実験などを通して探究し，細胞の働き及びＤＮＡの構造と機能の概要を理解させ，生物についての共通性と多様性の視点を身に付けさせる。",7466503100000000
理科,1053,ア　生物の特徴,7466503110000000
理科,1054,"(ｱ) 生物の共通性と多様性
　生物は多様でありながら共通性をもっていることを理解すること。",7466503111000000
理科,1055,"(ｲ) 細胞とエネルギー
　生命活動に必要なエネルギーと代謝について理解すること。",7466503112000000
理科,1056,イ　遺伝子とその働き,7466503120000000
理科,1057,"(ｱ) 遺伝情報とＤＮＡ
　遺伝情報を担う物質としてのＤＮＡの特徴について理解すること。",7466503121000000
理科,1058,"(ｲ) 遺伝情報の分配
　ＤＮＡが複製され分配されることにより，遺伝情報が伝えられることを理解すること。",7466503122000000
理科,1059,"(ｳ) 遺伝情報とタンパク質の合成
　ＤＮＡの情報に基づいてタンパク質が合成されることを理解すること。",7466503123000000
理科,1060,"ウ　生物と遺伝子に関する探究活動
　生物と遺伝子に関する探究活動を行い，学習内容の理解を深めるとともに，生物学的に探究する能力を高めること。",7466503130000000
理科,1061,"(2) 生物の体内環境の維持
　生物の体内環境の維持について観察，実験などを通して探究し，生物には体内環境を維持する仕組みがあることを理解させ，体内環境の維持と健康との関係について認識させる。",7466503200000000
理科,1062,ア　生物の体内環境,7466503210000000
理科,1063,"(ｱ) 体内環境
　体内環境が保たれていることを理解すること。",7466503211000000
理科,1064,"(ｲ) 体内環境の維持の仕組み
　体内環境の維持に自律神経とホルモンがかかわっていることを理解すること。",7466503212000000
理科,1065,"(ｳ) 免疫
　免疫とそれにかかわる細胞の働きについて理解すること。",7466503213000000
理科,1066,"イ　生物の体内環境の維持に関する探究活動
　生物の体内環境の維持に関する探究活動を行い，学習内容の理解を深めるとともに，生物学的に探究する能力を高めること。",7466503220000000
理科,1067,"(3) 生物の多様性と生態系
　生物の多様性と生態系について観察，実験などを通して探究し，生態系の成り立ちを理解させ，その保全の重要性について認識させる。",7466503300000000
理科,1068,ア　植生の多様性と分布,7466503310000000
理科,1069,"(ｱ) 植生と遷移
　陸上には様々な植生がみられ，植生は長期的に移り変わっていくことを理解すること。",7466503311000000
理科,1070,"(ｲ) 気候とバイオーム
　気温と降水量の違いによって様々なバイオームが成立していることを理解すること。",7466503312000000
理科,1071,イ　生態系とその保全,7466503320000000
理科,1072,"(ｱ) 生態系と物質循環
　生態系では，物質が循環するとともにエネルギーが移動することを理解すること。",7466503321000000
理科,1073,"(ｲ) 生態系のバランスと保全
　生態系のバランスについて理解し，生態系の保全の重要性を認識すること。",7466503322000000
理科,1074,"ウ　生物の多様性と生態系に関する探究活動
　生物の多様性と生態系に関する探究活動を行い，学習内容の理解を深めるとともに，生物学的に探究する能力を高めること。",7466503330000000
理科,1075,３　内容の取扱い,7466505000000000
理科,1076,(1) 内容の構成及びその取扱いに当たっては，次の事項に配慮するものとする。,7466505100000000
理科,1077,ア　中学校理科との関連を考慮しながら，生物学の基本的な概念の形成を図るとともに，生物学的に探究する方法の習得を通して，科学的な思考力，判断力及び表現力を育成すること。,7466505110000000
理科,1078,イ　「探究活動」においては，各項目の学習活動と関連させながら観察，実験を行い，報告書を作成させたり発表を行う機会を設けたりすること。また，その特質に応じて，問題を見いだすための観察，仮説の設定，実験の計画，実験による検証，調査，実験データの分析・解釈などの探究の方法を習得させること。その際，コンピュータや情報通信ネットワークなどの適切な活用を図ること。,7466505120000000
理科,1079,ウ　内容の(1)のアの(ｱ)については，この科目の導入として位置付け，以後の学習においても，生物についての共通性と多様性の視点を意識させるよう展開すること。,7466505130000000
理科,1080,(2) 内容の範囲や程度については，次の事項に配慮するものとする。,7466505200000000
理科,1081,"ア　内容の(1)のアの(ｱ)については，生物が共通性を保ちながら進化し多様化してきたこと，その共通性は起源の共有に由来することを扱うこと。その際，原核生物と真核生物の観察を行うこと。(ｲ)については，呼吸と光合成の概要を扱うこと。その際，酵素の触媒作用やＡＴＰの役割，ミトコンドリアと葉緑体の起源にも触れること。
　イの(ｱ)については，ＤＮＡの二重らせん構造と塩基の相補性を扱うこと。また，遺伝子とゲノムとの関係に触れること。(ｲ)については，細胞周期と関連付けて扱うこと。(ｳ)については，転写と翻訳の概要を扱うこと。その際，タンパク質の生命現象における重要性にも触れること。また，すべての遺伝子が常に発現しているわけではないことにも触れること。",7466505210000000
理科,1082,イ　内容の(2)のアの(ｱ)については，体液の成分とその濃度調節を扱うこと。また，血液凝固にも触れること。(ｲ)については，血糖濃度の調節機構を取り上げること。その際，身近な疾患の例にも触れること。(ｳ)については，身近な疾患の例にも触れること。,7466505220000000
理科,1083,"ウ　内容の(3)のアの(ｱ)については，植生の成り立ちには光や土壌などが関係することを扱うこと。また，植物の環境形成作用にも触れること。(ｲ)については，気温と降水量に対する適応に関連付けて扱うこと。また，日本のバイオームも扱うこと。
　イの(ｱ)の物質の「循環」については，窒素の循環も扱うこと。(ｲ)については，人間の活動によって生態系が攪《かく》乱され，生物の多様性が損なわれることがあることを扱うこと。",7466505230000000
理科,1084,第７　生　物,7467500000000000
理科,1085,"１　目　標
　生物や生物現象に対する探究心を高め，目的意識をもって観察，実験などを行い，生物学的に探究する能力と態度を育てるとともに，生物学の基本的な概念や原理・法則の理解を深め，科学的な自然観を育成する。",7467502000000000
理科,1086,２　内　容,7467503000000000
理科,1087,"(1) 生命現象と物質
　生命現象を支える物質の働きについて観察，実験などを通して探究し，タンパク質や核酸などの物質の働きを理解させ，生命現象を分子レベルでとらえさせる。",7467503100000000
理科,1088,ア　細胞と分子,7467503110000000
理科,1089,"(ｱ) 生体物質と細胞
　細胞の内部構造とそれを構成する物質の特徴を理解すること。",7467503111000000
理科,1090,"(ｲ) 生命現象とタンパク質
　様々なタンパク質が様々な生命現象を支えていることを理解すること。",7467503112000000
理科,1091,イ　代謝,7467503120000000
理科,1092,"(ｱ) 呼吸
　呼吸によって有機物からエネルギーが取り出される仕組みを理解すること。",7467503121000000
理科,1093,"(ｲ) 光合成
　光合成によって光エネルギーを用いて有機物がつくられる仕組みを理解すること。",7467503122000000
理科,1094,"(ｳ) 窒素同化
　窒素同化について理解すること。",7467503123000000
理科,1095,ウ　遺伝情報の発現,7467503130000000
理科,1096,"(ｱ) 遺伝情報とその発現
　ＤＮＡの複製の仕組み，遺伝子の発現の仕組み及び遺伝情報の変化を理解すること。",7467503131000000
理科,1097,"(ｲ) 遺伝子の発現調節
　遺伝子の発現が調節されていること及びその仕組みの概要を理解すること。",7467503132000000
理科,1098,"(ｳ) バイオテクノロジー
　遺伝子を扱った技術について，その原理と有用性を理解すること。",7467503133000000
理科,1099,"エ　生命現象と物質に関する探究活動
　生命現象と物質に関する探究活動を行い，学習内容の理解を深めるとともに，生物学的に探究する能力を高めること。",7467503140000000
理科,1100,"(2) 生殖と発生
　生物の生殖や発生について観察，実験などを通して探究し，動物と植物の配偶子形成から形態形成までの仕組みを理解させる。",7467503200000000
理科,1101,ア　有性生殖,7467503210000000
理科,1102,"(ｱ) 減数分裂と受精
　減数分裂による遺伝子の分配と受精により多様な遺伝的な組合せが生じることを理解すること。",7467503211000000
理科,1103,"(ｲ) 遺伝子と染色体
　遺伝子の連鎖と組換えについて理解すること。",7467503212000000
理科,1104,イ　動物の発生,7467503220000000
理科,1105,"(ｱ) 配偶子形成と受精
　配偶子形成と受精の過程について理解すること。",7467503221000000
理科,1106,"(ｲ) 初期発生の過程
　卵割から器官分化の始まりまでの過程について理解すること。",7467503222000000
理科,1107,"(ｳ) 細胞の分化と形態形成
　細胞の分化と形態形成の仕組みを理解すること。",7467503223000000
理科,1108,ウ　植物の発生,7467503230000000
理科,1109,"(ｱ) 配偶子形成と受精，胚《はい》発生
　配偶子形成と受精及び胚《はい》発生の過程について理解すること。",7467503231000000
理科,1110,"(ｲ) 植物の器官の分化
　被子植物の器官の分化の過程について理解すること。",7467503232000000
理科,1111,"エ　生殖と発生に関する探究活動
　生殖と発生に関する探究活動を行い，学習内容の理解を深めるとともに，生物学的に探究する能力を高めること。",7467503240000000
理科,1112,"(3) 生物の環境応答
　環境の変化に生物が反応していることについて観察，実験などを通して探究し，生物個体が外界の変化を感知し，それに反応する仕組みを理解させる。",7467503300000000
理科,1113,ア　動物の反応と行動,7467503310000000
理科,1114,"(ｱ) 刺激の受容と反応
　外界の刺激を受容し，神経系を介して，反応する仕組みを理解すること。",7467503311000000
理科,1115,"(ｲ) 動物の行動
　刺激に対する反応としての動物個体の行動について理解すること。",7467503312000000
理科,1116,イ　植物の環境応答,7467503320000000
理科,1117,"(ｱ) 植物の環境応答
　植物が環境変化に反応する仕組みを理解すること。",7467503321000000
理科,1118,"ウ　生物の環境応答に関する探究活動
　生物の環境応答に関する探究活動を行い，学習内容の理解を深めるとともに，生物学的に探究する能力を高めること。",7467503330000000
理科,1119,"(4) 生態と環境
　生物の個体群と群集及び生態系について観察，実験などを通して探究し，それらの構造や変化の仕組みを理解させ，生態系のバランスや生物多様性の重要性について認識させる。",7467503400000000
理科,1120,ア　個体群と生物群集,7467503410000000
理科,1121,"(ｱ) 個体群
　個体群とその変動について理解すること。",7467503411000000
理科,1122,"(ｲ) 生物群集
　生物群集の成り立ちについて理解すること。",7467503412000000
理科,1123,イ　生態系,7467503420000000
理科,1124,"(ｱ) 生態系の物質生産
　生態系における物質生産とエネルギー効率について理解すること。",7467503421000000
理科,1125,"(ｲ) 生態系と生物多様性
　生態系における生物多様性に影響を与える要因を理解し，生物多様性の重要性を認識すること。",7467503422000000
理科,1126,"ウ　生態と環境に関する探究活動
　生態と環境に関する探究活動を行い，学習内容の理解を深めるとともに，生物学的に探究する能力を高めること。",7467503430000000
理科,1127,"(5) 生物の進化と系統
　生物の進化の過程とその仕組み及び生物の系統について，観察，実験などを通して探究し，生物界の多様性と系統を理解させ，進化についての考え方を身に付けさせる。",7467503500000000
理科,1128,ア　生物の進化の仕組み,7467503510000000
理科,1129,"(ｱ) 生命の起源と生物の変遷
　生命の起源と生物進化の道筋について理解すること。",7467503511000000
理科,1130,"(ｲ) 進化の仕組み
　生物進化がどのようにして起こるのかを理解すること。",7467503512000000
理科,1131,イ　生物の系統,7467503520000000
理科,1132,"(ｱ) 生物の系統
　生物はその系統に基づいて分類できることを理解すること。",7467503521000000
理科,1133,"ウ　生物の進化と系統に関する探究活動
　生物の進化と系統に関する探究活動を行い，学習内容の理解を深めるとともに，生物学的に探究する能力を高めること。",7467503530000000
理科,1134,３　内容の取扱い,7467505000000000
理科,1135,(1) 内容の構成及びその取扱いに当たっては，次の事項に配慮するものとする。,7467505100000000
理科,1136,ア　「生物基礎」との関連を考慮しながら，生物学の基本的な概念の形成を図るとともに，生物学的に探究する方法の習得を通して，科学的な思考力，判断力及び表現力を育成すること。,7467505110000000
理科,1137,イ　「探究活動」においては，「生物基礎」の３の(1)のイと同様に取り扱うこと。,7467505120000000
理科,1138,(2) 内容の範囲や程度については，次の事項に配慮するものとする。,7467505200000000
理科,1139,ア　内容の(1)については，生命現象を分子レベルでとらえるために必要な最小限の化学の知識にも触れること。,7467505210000000
理科,1140,"イ　内容の(1)のアの(ｱ)については，生体膜を扱い，細胞骨格にも触れること。(ｲ)については，物質輸送，情報伝達などにかかわるタンパク質を扱うこと。また，酵素については，その働きとタンパク質の立体構造との関係を扱うこと。
　イの(ｱ)については，解糖系，クエン酸回路及び電子伝達系を扱うこと。発酵にも触れること。(ｲ)については，光化学系，電子伝達系及びカルビン・べンソン回路を扱うこと。また，光合成細菌と化学合成細菌にも触れること。(ｳ)については，有機物にアミノ基が導入されてアミノ酸がつくられることにも触れること。
　ウの(ｱ)の「遺伝子の発現の仕組み」については，転写，スプライシング及び翻訳を扱うこと。「遺伝情報の変化」については，同一種内でのゲノムの多様性にも触れること。(ｲ)については，転写レベルの調節を扱うこと。(ｳ)については，制限酵素，ベクター及び遺伝子の増幅技術に触れること。",7467505220000000
理科,1141,"ウ　内容の(2)のアの(ｱ)については，性染色体の存在にも触れること。(ｲ)については，組換えによって遺伝子の新しい組合せが生じることを扱うこと。
　イの(ｲ)については，胚《はい》の前後軸の決定に卵の細胞質における不均一性が関与していることを扱うこと。(ｳ)については，形成体と誘導現象を扱うこと。また，細胞分化や形態形成にかかわる代表的な遺伝子の働きにも触れること。
　ウの(ｱ)については，被子植物を中心に扱うこと。(ｲ)については，花の形態形成における遺伝子の働きを扱うこと。",7467505230000000
理科,1142,"エ　内容の(3)のアの(ｱ)については，受容器として眼《め》と耳を中心に，効果器として筋肉を中心に取り上げ，刺激の受容から反応までの流れを扱うこと。(ｲ)については，神経系の働きに関連付けられる動物の行動を扱うこと。
　イの(ｱ)については，植物ホルモンと光受容体を扱うこと。",7467505240000000
理科,1143,"オ　内容の(4)のアの(ｱ)については，個体群内の相互作用として種内競争と社会性，個体群間の相互作用として捕食と被食，種間競争及び相利共生を扱うこと。(ｲ)については，多様な種が共存する仕組みを扱うこと。
　イの(ｱ)の「物質生産」については，年間生産量を取り上げ，生産者の現存量と関連付けて扱うこと。(ｲ)については，遺伝的多様性，種多様性及び生態系多様性を扱うこと。また，個体群の絶滅を加速する要因も扱うこと。",7467505250000000
理科,1144,"カ　内容の(5)のアの(ｱ)については，生物の変遷を地球環境の変化に関連付けて扱うこと。(ｲ)については，種分化の過程も扱うこと。
　イの(ｱ)については，ドメインや界・門などの高次の分類群を中心に扱うこと。",7467505260000000
理科,1145,第８　地学基礎,7468500000000000
理科,1146,"１　目　標
　日常生活や社会との関連を図りながら地球や地球を取り巻く環境への関心を高め，目的意識をもって観察，実験などを行い，地学的に探究する能力と態度を育てるとともに，地学の基本的な概念や原理・法則を理解させ，科学的な見方や考え方を養う。",7468502000000000
理科,1147,２　内　容,7468503000000000
理科,1148,"(1) 宇宙における地球
　宇宙の誕生と地球の形成について観察，実験などを通して探究し，宇宙と惑星としての地球の特徴を理解させる。",7468503100000000
理科,1149,ア　宇宙の構成,7468503110000000
理科,1150,"(ｱ) 宇宙のすがた
　宇宙の誕生と銀河の分布について理解すること。",7468503111000000
理科,1151,"(ｲ) 太陽と恒星
　太陽の表面の現象と太陽のエネルギー源及び恒星としての太陽の進化を理解すること。",7468503112000000
理科,1152,イ　惑星としての地球,7468503120000000
理科,1153,"(ｱ) 太陽系の中の地球
　太陽系の誕生と生命を生み出す条件を備えた地球の特徴を理解すること。",7468503121000000
理科,1154,"(ｲ) 地球の形と大きさ
　地球の形の特徴と大きさについて理解すること。",7468503122000000
理科,1155,"(ｳ) 地球内部の層構造
　地球内部の層構造とその状態を理解すること。",7468503123000000
理科,1156,"ウ　宇宙における地球に関する探究活動
　宇宙における地球に関する探究活動を行い，その学習内容の理解を深めるとともに，地学的に探究する能力を高めること。",7468503130000000
理科,1157,"(2) 変動する地球
　変動する地球について観察，実験などを通して探究し，地球がプレートの運動や太陽の放射エネルギーによって変動してきたことを理解させる。また，地球の環境と人間生活とのかかわりについて考察させる。",7468503200000000
理科,1158,ア　活動する地球,7468503210000000
理科,1159,"(ｱ) プレートの運動
　プレートの分布と運動及びプレート運動に伴う大地形の形成について理解すること。",7468503211000000
理科,1160,"(ｲ) 火山活動と地震
　火山活動と地震の発生の仕組みについて理解すること。",7468503212000000
理科,1161,イ　移り変わる地球,7468503220000000
理科,1162,"(ｱ) 地層の形成と地質構造
　地層が形成される仕組みと地質構造について理解すること。",7468503221000000
理科,1163,"(ｲ) 古生物の変遷と地球環境
　古生物の変遷と地球環境の変化について理解すること。",7468503222000000
理科,1164,ウ　大気と海洋,7468503230000000
理科,1165,"(ｱ) 地球の熱収支
　大気の構造と地球全体の熱収支について理解すること。",7468503231000000
理科,1166,"(ｲ) 大気と海水の運動
　大気の大循環と海水の運動及びそれらによる地球規模の熱の輸送について理解すること。",7468503232000000
理科,1167,エ　地球の環境,7468503240000000
理科,1168,"(ｱ) 地球環境の科学
　地球環境の変化を科学的に考察すること。",7468503241000000
理科,1169,"(ｲ) 日本の自然環境
　日本の自然環境を理解し，その恩恵や災害など自然環境と人間生活とのかかわりについて考察すること。",7468503242000000
理科,1170,"オ　変動する地球に関する探究活動
　変動する地球に関する探究活動を行い，その学習内容の理解を深めるとともに，地学的に探究する能力を高めること。",7468503250000000
理科,1171,３　内容の取扱い,7468505000000000
理科,1172,(1) 内容の構成及びその取扱いに当たっては，次の事項に配慮するものとする。,7468505100000000
理科,1173,ア　中学校理科との関連を考慮しながら，地学の基本的な概念の形成を図るとともに，地学的に探究する方法の習得を通して，科学的な思考力，判断力及び表現力を育成すること。,7468505110000000
理科,1174,イ　「探究活動」においては，各項目の学習活動と関連させながら観察，実験などを行い，報告書を作成させたり発表を行う機会を設けたりすること。また，その特質に応じて，情報の収集，仮説の設定，実験の計画，野外観察，調査，データの分析・解釈，推論などの探究の方法を習得させるようにすること。その際，コンピュータや情報通信ネットワークなどの適切な活用を図ること。,7468505120000000
理科,1175,(2) 内容の範囲や程度については，次の事項に配慮するものとする。,7468505200000000
理科,1176,"ア　内容の(1)のアの(ｱ)の「宇宙の誕生」については，ビッグバンを扱い，水素やヘリウムがつくられたことにも触れること。「銀河の分布」については，大規模構造にも触れること。(ｲ)の「太陽の表面の現象」については，スペクトルも扱うこと。また，恒星の進化の過程で元素が生成されることにも触れること。
　イの(ｱ)の「太陽系の誕生」については，惑星が形成された過程を中心に扱い，惑星内部の層構造にも触れること。「地球の特徴」については，海が形成されたことを中心に扱うこと。(ｲ)については，測定の歴史や方法にも触れること。(ｳ)については，構成物質にも触れること。",7468505210000000
理科,1177,"イ　内容(2)のアの(ｱ)については，マントル内のプルームの存在にも触れること。(ｲ)の「火山活動」については，プレートの発散境界や収束境界における火山活動を扱い，ホットスポットにおける火山活動にも触れること。また，火成岩の観察を行うこと。「地震の発生の仕組み」については，プレートの収束境界における地震を中心に扱うこと。
　イの(ｱ)については，地層や岩石の観察，実験などを行い，褶《しゅう》曲，断層，不整合なども扱うこと。また，変成岩と変成作用の関係にも触れること。(ｲ)の「古生物の変遷」については，化石の観察を行い，地質時代が生物の変遷に基づいて区分されることを中心に扱うこと。また，ヒトの進化にも触れること。「地球環境の変化」については，大気の変化と生命活動との相互のかかわりを中心に扱うこと。
　ウの(ｱ)の「大気の構造」については，気圧や気温の鉛直方向の変化を扱い，大気中で見られる現象にも触れること。「地球全体の熱収支」については，太陽放射の受熱量と地球放射の放熱量がつり合っていることを扱い，温室効果にも触れること。(ｲ)については，緯度により太陽放射の受熱量が異なることから，大気の大循環や海水の運動が生じ，熱が輸送されていることを扱うこと。また，海洋の層構造と深層に及ぶ循環にも触れること。
　エの(ｱ)については，地球温暖化，オゾン層破壊，エルニーニョ現象などの現象をデータに基づいて人間生活と関連させて扱うこと。(ｲ)の「恩恵や災害」については，日本に見られる季節の気象現象，地震や火山活動など特徴的な現象を扱うこと。また，自然災害の予測や防災にも触れること。",7468505220000000
理科,1178,第９　地　学,7469500000000000
理科,1179,"１　目　標
　地学的な事物・現象に対する探究心を高め，目的意識をもって観察，実験などを行い，地学的に探究する能力と態度を育てるとともに，地学の基本的な概念や原理・法則の理解を深め，科学的な自然観を育成する。",7469502000000000
理科,1180,２　内　容,7469503000000000
理科,1181,"(1) 地球の概観
　地球の形状や内部構造を観察，実験などを通して探究し，地球の概観を理解させる。",7469503100000000
理科,1182,ア　地球の形状,7469503110000000
理科,1183,"(ｱ) 地球の形と重力
　地球の形状と重力とのかかわりを理解すること。",7469503111000000
理科,1184,"(ｲ) 地球の磁気
　地磁気の特徴とその働きを理解すること。",7469503112000000
理科,1185,イ　地球の内部,7469503120000000
理科,1186,"(ｱ) 地球の内部構造
　地震波の伝わり方に基づいて地球内部の構造を理解すること。",7469503121000000
理科,1187,"(ｲ) 地球内部の状態と物質
　地球内部の温度，密度，圧力及び構成物質の組成について理解すること。",7469503122000000
理科,1188,"ウ　地球の概観に関する探究活動
　地球の概観に関する探究活動を行い，その学習内容の理解を深めるとともに，地学的に探究する能力を高めること。",7469503130000000
理科,1189,"(2) 地球の活動と歴史
　地球に見られる様々な事物・現象を観察，実験などを通して探究し，地球の活動と歴史を理解させる。",7469503200000000
理科,1190,ア　地球の活動,7469503210000000
理科,1191,"(ｱ) プレートテクトニクス
　プレートテクトニクスとその成立過程を理解すること。",7469503211000000
理科,1192,"(ｲ) 地震と地殻変動
　プレート境界における地震活動の特徴とそれに伴う地殻変動などについて理解すること。",7469503212000000
理科,1193,"(ｳ) 火成活動
　マグマの発生と分化及び火成岩の形成について理解すること。",7469503213000000
理科,1194,"(ｴ) 変成作用と変成岩
　変成作用や変成岩の特徴及び造山帯について理解すること。",7469503214000000
理科,1195,イ　地球の歴史,7469503220000000
理科,1196,"(ｱ) 地表の変化
　風化，侵食，運搬及び堆《たい》積の諸作用による地形の形成について理解すること。",7469503221000000
理科,1197,"(ｲ) 地層の観察
　地層に関する野外観察や実験などを通して，地質時代における地球環境や地殻変動について理解すること。",7469503222000000
理科,1198,"(ｳ) 地球環境の変遷
　大気，海洋，大陸及び古生物などの変遷を基に地球環境の移り変わりを総合的に理解すること。",7469503223000000
理科,1199,"(ｴ) 日本列島の成り立ち
　島弧としての日本列島の地学的な特徴と形成史を理解すること。",7469503224000000
理科,1200,"ウ　地球の活動と歴史に関する探究活動
　地球の活動と歴史に関する探究活動を行い，その学習内容の理解を深めるとともに，地学的に探究する能力を高めること。",7469503230000000
理科,1201,"(3) 地球の大気と海洋
　地球の大気と海洋の事物・現象を観察，実験などを通して探究し，大気と海洋の構造や運動を理解させる。",7469503300000000
理科,1202,ア　大気の構造と運動,7469503310000000
理科,1203,"(ｱ) 大気の構造
　大気の組成と構造を理解すること。",7469503311000000
理科,1204,"(ｲ) 大気の運動と気象
　大循環と対流による現象及び日本や世界の気象の特徴を理解すること。",7469503312000000
理科,1205,イ　海洋と海水の運動,7469503320000000
理科,1206,"(ｱ) 海洋の構造
　海水の組成と海洋の構造を理解すること。",7469503321000000
理科,1207,"(ｲ) 海水の運動
　海水の運動や循環及び海洋と大気の相互作用について理解すること。",7469503322000000
理科,1208,"ウ　地球の大気と海洋に関する探究活動
　地球の大気と海洋に関する探究活動を行い，その学習内容の理解を深めるとともに，地学的に探究する能力を高めること。",7469503330000000
理科,1209,"(4) 宇宙の構造
　宇宙に関する事物・現象を観察，実験などを通して探究し，宇宙の構造について理解させる。",7469503400000000
理科,1210,ア　太陽系,7469503410000000
理科,1211,"(ｱ) 地球の自転と公転
　地球の自転と公転の証拠となる現象を理解すること。",7469503411000000
理科,1212,"(ｲ) 太陽系天体とその運動
　太陽系天体の特徴と惑星の運動を理解すること。",7469503412000000
理科,1213,"(ｳ) 太陽の活動
　太陽の活動と内部構造を理解すること。",7469503413000000
理科,1214,イ　恒星と銀河系,7469503420000000
理科,1215,"(ｱ) 恒星の性質と進化
　恒星の性質と進化について理解すること。",7469503421000000
理科,1216,"(ｲ) 銀河系の構造
　銀河系の構成天体とその分布について理解すること。",7469503422000000
理科,1217,ウ　銀河と宇宙,7469503430000000
理科,1218,"(ｱ) 様々な銀河
　様々な銀河の存在や銀河の後退運動を理解すること。",7469503431000000
理科,1219,"(ｲ) 膨張する宇宙
　現代の宇宙像の概要を理解すること。",7469503432000000
理科,1220,"エ　宇宙の構造に関する探究活動
　宇宙の構造に関する探究活動を行い，その学習内容の理解を深めるとともに，地学的に探究する能力を高めること。",7469503440000000
理科,1221,３　内容の取扱い,7469505000000000
理科,1222,(1) 内容の構成及びその取扱いに当たっては，次の事項に配慮するものとする。,7469505100000000
理科,1223,ア　「地学基礎」との関係を考慮しながら，地学の基本的な概念の形成を図るとともに，地学的に探究する方法の習得を通して，科学的な思考力，判断力及び表現力を育成すること。,7469505110000000
理科,1224,イ　「探究活動」においては，「地学基礎」の３の(1)のイと同様に取り扱うこと。,7469505120000000
理科,1225,(2) 内容の範囲や程度については，次の事項に配慮するものとする。,7469505200000000
理科,1226,"ア　内容の(1)のアの(ｱ)については，地球楕《だ》円体や地球表面における重力を扱い，ジオイドや重力異常にも触れること。(ｲ)については，地磁気の三要素及び磁気圏と太陽風との関連を扱うこと。また，地磁気の原因と古地磁気にも触れること。
　イの(ｱ)については，走時曲線を扱い，地震波トモグラフィーにも触れること。(ｲ)については，アイソスタシーも扱うこと。また，放射性同位元素の崩壊など地球内部の熱源にも触れること。",7469505210000000
理科,1227,"イ　内容の(2)のアの(ｱ)については，マントル内のプルームも扱うこと。(ｲ)については，世界の地震帯の特徴をプレート運動と関連付けて扱うこと。また，日本列島付近におけるプレート間地震やプレート内地震の特徴も扱うこと。地殻変動については，活断層と地形との関係にも触れること。(ｳ)については，多様な火成岩の成因をマグマの分化と関連付けて扱うこと。また，島弧－海溝系における火成活動の特徴をプレート運動と関連付けて触れること。(ｴ)については，造山帯の特徴を安定地塊と対比させて扱うこと。
　イの(ｱ)については，段丘や海底堆《たい》積物も扱うこと。(ｲ)については，地層や化石に基づいて過去の様子を探究する方法を扱うこと。また，地質図の読み方の概要を扱うこと。(ｳ)については，放射年代も扱うこと。(ｴ)については，日本列島の形成史を地形や地質の特徴に基づいてプレート運動と関連付けて扱うこと。また，付加体も扱うこと。",7469505220000000
理科,1228,"ウ　内容の(3)のアの(ｱ)の大気の「組成」については，大気中の水分も扱うこと。大気の「構造」については，各圏の特徴と大気における熱収支を扱うこと。(ｲ)の「大循環」による現象については，偏西風波動と地上の高気圧・低気圧との関係も扱うこと。「対流」による現象については，大気の安定・不安定にも触れること。「日本や世界の気象の特徴」については，人工衛星などから得られる情報も活用し，大気の大循環と関連させて扱うこと。また，気象災害にも触れること。
　内容のイの(ｱ)の「海洋の構造」については，水温と塩分の分布との関係を中心に扱うこと。(ｲ)の「海水の運動や循環」については，波浪や潮汐《せき》も扱うこと。「海洋と大気の相互作用」については，地球上の水の分布と循環にも触れること。",7469505230000000
理科,1229,"エ　内容の(4)のアの(ｱ)の「自転」については，フーコーの振り子を扱うこと。「公転」については，年周視差と年周光行差を扱うこと。また，時刻と太陽暦にも触れること。(ｲ)の「太陽系天体の特徴」については，観測や探査機による研究成果を踏まえて特徴を扱うこと。「惑星の運動」については，視運動及びケプラーの法則とその発見過程を扱うこと。(ｳ)については，活動周期や地球への影響も扱うこと。
　イの(ｱ)の恒星の「性質」については，距離，絶対等級，半径，表面温度，スペクトル型及び質量を扱うこと。恒星の「進化」については，ＨＲ図を扱い，質量により恒星の進化の速さ，恒星の終末及び生成元素が異なることも扱うこと。(ｲ)の「銀河系の構成天体とその分布」については，恒星の進化と関連付けて扱うこと。また，銀河系の回転運動にも触れること。
　ウの(ｱ)については，銀河までの距離の求め方や銀河が形により分類できることも扱うこと。「銀河の後退運動」については，ハッブルの法則も扱うこと。(ｲ)については，ビッグバンの証拠や宇宙の年齢も扱うこと。",7469505240000000
理科,1230,第10　理科課題研究,746A500000000000
理科,1231,"１　目　標
　科学に関する課題を設定し，観察，実験などを通して研究を行い，科学的に探究する能力と態度を育てるとともに，創造性の基礎を培う。",746A502000000000
理科,1232,２　内　容,746A503000000000
理科,1233,(1) 特定の自然の事物・現象に関する研究,746A503100000000
理科,1234,(2) 先端科学や学際的領域に関する研究,746A503200000000
理科,1235,(3) 自然環境の調査に基づく研究,746A503300000000
理科,1236,(4) 科学を発展させた実験に関する研究,746A503400000000
理科,1237,３　内容の取扱い,746A505000000000
理科,1238,(1) 内容の構成とその取扱いに当たっては，次の事項に配慮するものとする。,746A505100000000
理科,1239,ア　生徒の興味・関心，進路希望等に応じて，内容の(1)から(4)までの中から，個人又はグループで適切な課題を設定させること。なお，課題は内容の(1)から(4)までの２項目以上にまたがる課題を設定することができること。,746A505110000000
理科,1240,イ　指導に効果的な場合には，大学や研究機関，博物館などと積極的に連携，協力を図ること。,746A505120000000
理科,1241,ウ　研究の成果について，報告書を作成させ，発表を行う機会を設けること。,746A505130000000
理科,1242,(2) 内容の範囲や程度については，次の事項に配慮するものとする。,746A505200000000
理科,1243,ア　内容の(1)については，高等学校理科の内容と関連させて扱うこと。,746A505210000000
理科,1244,イ　内容の(4)については，科学の歴史における著名な実験などを行い，原理・法則の確立の経緯とも関連付けて扱うこと。,746A505220000000
理科,1245,第３款　各科目にわたる指導計画の作成と内容の取扱い,7460300000000000
理科,1246,１　指導計画の作成に当たっては，次の事項に配慮するものとする。,7460300100000000
理科,1247,(1) 「物理」，「化学」，「生物」及び「地学」の各科目については，原則として，それぞれに対応する基礎を付した科目を履修した後に履修させること。,7460300110000000
理科,1248,(2) 「理科課題研究」については，一つ以上の基礎を付した科目を履修した後に履修させること。また，課題の特性や学校の実態に応じて，授業を特定の期間に実施するなど，指導を効果的に行うこと。,7460300120000000
理科,1249,(3) 各科目の指導に当たっては，大学や研究機関，博物館などと積極的に連携，協力を図るようにすること。,7460300130000000
理科,1250,(4) 各科目を履修させるに当たっては，当該科目や他の科目の内容及び数学科や家庭科等の内容を踏まえ，相互の関連を図るとともに，学習の内容の系統性に留意すること。,7460300140000000
理科,1251,２　内容の取扱いに当たっては，次の事項に配慮するものとする。,7460300200000000
理科,1252,(1) 各科目の指導に当たっては，観察，実験などの結果を分析し解釈して自らの考えを導き出し，それらを表現するなどの学習活動を充実すること。,7460300210000000
理科,1253,(2) 生命を尊重し，自然環境の保全に寄与する態度の育成を図ること。また，環境問題や科学技術の進歩と人間生活にかかわる内容等については，持続可能な社会をつくることの重要性も踏まえながら，科学的な見地から取り扱うこと。,7460300220000000
理科,1254,(3) 観察，実験，野外観察，調査などの指導に当たっては，関連する法規等に従い，事故防止について十分留意するとともに，使用薬品などの管理及び廃棄についても適切な措置を講ずること。,7460300230000000
理科,1255,(4) 各科目の指導に当たっては，観察，実験の過程での情報の収集・検索，計測・制御，結果の集計・処理などにおいて，コンピュータや情報通信ネットワークなどを積極的かつ適切に活用すること。,7460300240000000
保健体育,1256,第６節　保 健 体 育,74G0000000000000
保健体育,1257,"第１款　目　標
　心と体を一体としてとらえ，健康・安全や運動についての理解と運動の合理的，計画的な実践を通して，生涯にわたって豊かなスポーツライフを継続する資質や能力を育てるとともに健康の保持増進のための実践力の育成と体力の向上を図り，明るく豊かで活力ある生活を営む態度を育てる。",74G0100000000000
保健体育,1258,第２款　各　科　目,74G0500000000000
保健体育,1259,第１　体　育,74G1500000000000
保健体育,1260,"１　目　標
　運動の合理的，計画的な実践を通して，知識を深めるとともに技能を高め，運動の楽しさや喜びを深く味わうことができるようにし，自己の状況に応じて体力の向上を図る能力を育て，公正，協力，責任，参画などに対する意欲を高め，健康・安全を確保して，生涯にわたって豊かなスポーツライフを継続する資質や能力を育てる。",74G1502000000000
保健体育,1261,２　内　容,74G1503000000000
保健体育,1262,Ａ　体つくり運動,74G1503100000000
保健体育,1263,(1) 次の運動を通して，体を動かす楽しさや心地よさを味わい，健康の保持増進や体力の向上を図り，目的に適した運動の計画や自己の体力や生活に応じた運動の計画を立て，実生活に役立てることができるようにする。,74G1503110000000
保健体育,1264,ア　体ほぐしの運動では，心と体は互いに影響し変化することに気付き，体の状態に応じて体の調子を整え，仲間と積極的に交流するための手軽な運動や律動的な運動を行うこと。,74G1503111000000
保健体育,1265,イ　体力を高める運動では，自己のねらいに応じて，健康の保持増進や調和のとれた体力の向上を図るための継続的な運動の計画を立て取り組むこと。,74G1503112000000
保健体育,1266,(2) 体つくり運動に主体的に取り組むとともに，体力などの違いに配慮しようとすること，役割を積極的に引き受け自己の責任を果たそうとすること，合意形成に貢献しようとすることなどや，健康・安全を確保することができるようにする。,74G1503120000000
保健体育,1267,(3) 体つくり運動の行い方，体力の構成要素，実生活への取り入れ方などを理解し，自己や仲間の課題に応じた運動を継続するための取り組み方を工夫できるようにする。,74G1503130000000
保健体育,1268,Ｂ　器械運動,74G1503200000000
保健体育,1269,(1) 次の運動について，技がよりよくできる楽しさや喜びを味わい，自己に適した技を高めて，演技することができるようにする。,74G1503210000000
保健体育,1270,ア　マット運動では，回転系や巧技系の基本的な技を滑らかに安定して行うこと，条件を変えた技，発展技を滑らかに行うこと，それらを構成し演技すること。,74G1503211000000
保健体育,1271,イ　鉄棒運動では，支持系や懸垂系の基本的な技を滑らかに安定して行うこと，条件を変えた技，発展技を滑らかに行うこと，それらを構成し演技すること。,74G1503212000000
保健体育,1272,ウ　平均台運動では，体操系やバランス系の基本的な技を滑らかに安定して行うこと，条件を変えた技，発展技を滑らかに行うこと，それらを構成し演技すること。,74G1503213000000
保健体育,1273,エ　跳び箱運動では，切り返し系や回転系の基本的な技を滑らかに安定して行うこと，条件を変えた技，発展技を滑らかに行うこと。,74G1503214000000
保健体育,1274,(2) 器械運動に主体的に取り組むとともに，役割を積極的に引き受け自己の責任を果たそうとすること，合意形成に貢献しようとすることなどや，健康・安全を確保することができるようにする。,74G1503220000000
保健体育,1275,(3) 技の名称や行い方，体力の高め方，課題解決の方法，発表の仕方などを理解し，自己や仲間の課題に応じた運動を継続するための取り組み方を工夫できるようにする。,74G1503230000000
保健体育,1276,Ｃ　陸上競技,74G1503300000000
保健体育,1277,(1) 次の運動について，記録の向上や競争の楽しさや喜びを味わい，各種目特有の技能を高めることができるようにする。,74G1503310000000
保健体育,1278,"ア　競走
　短距離走・リレーでは，中間走の高いスピードを維持して速く走ること，長距離走では，ペースの変化に対応するなどして走ること，ハードル走では，スピードを維持した走りからハードルを低くリズミカルに越すこと。",74G1503311000000
保健体育,1279,"イ　跳躍
　走り幅跳びでは，スピードに乗った助走と力強い踏み切りから着地までの動きを滑らかにして跳ぶこと，走り高跳びでは，スピードのあるリズミカルな助走から力強く踏み切り，滑らかな空間動作で跳ぶこと，三段跳びでは，短い助走からリズミカルに連続して跳ぶこと。",74G1503312000000
保健体育,1280,"ウ　投てき
　砲丸投げでは，立ち投げなどから砲丸を突き出して投げること，やり投げでは，短い助走からやりを前方にまっすぐ投げること。",74G1503313000000
保健体育,1281,(2) 陸上競技に主体的に取り組むとともに，勝敗などを冷静に受け止め，ルールやマナーを大切にしようとすること，役割を積極的に引き受け自己の責任を果たそうとすること，合意形成に貢献しようとすることなどや，健康・安全を確保することができるようにする。,74G1503320000000
保健体育,1282,(3) 技術の名称や行い方，体力の高め方，課題解決の方法，競技会の仕方などを理解し，自己や仲間の課題に応じた運動を継続するための取り組み方を工夫できるようにする。,74G1503330000000
保健体育,1283,Ｄ　水　泳,74G1503400000000
保健体育,1284,(1) 次の運動について，記録の向上や競争の楽しさや喜びを味わい，自己に適した泳法の効率を高めて，泳ぐことができるようにする。,74G1503410000000
保健体育,1285,ア　クロールでは，手と足，呼吸のバランスを保ち，伸びのある動作と安定したペースで長く泳いだり速く泳いだりすること。,74G1503411000000
保健体育,1286,イ　平泳ぎでは，手と足，呼吸のバランスを保ち，伸びのある動作と安定したペースで長く泳いだり速く泳いだりすること。,74G1503412000000
保健体育,1287,ウ　背泳ぎでは，手と足，呼吸のバランスを保ち，安定したペースで長く泳いだり速く泳いだりすること。,74G1503413000000
保健体育,1288,エ　バタフライでは，手と足，呼吸のバランスを保ち，安定したペースで長く泳いだり速く泳いだりすること。,74G1503414000000
保健体育,1289,オ　複数の泳法で長く泳ぐこと又はリレーをすること。,74G1503415000000
保健体育,1290,(2) 水泳に主体的に取り組むとともに，勝敗などを冷静に受け止め，ルールやマナーを大切にしようとすること，役割を積極的に引き受け自己の責任を果たそうとすること，合意形成に貢献しようとすることなどや，水泳の事故防止に関する心得など健康・安全を確保することができるようにする。,74G1503420000000
保健体育,1291,(3) 技術の名称や行い方，体力の高め方，課題解決の方法，競技会の仕方などを理解し，自己や仲間の課題に応じた運動を継続するための取り組み方を工夫できるようにする。,74G1503430000000
保健体育,1292,Ｅ　球　技,74G1503500000000
保健体育,1293,(1) 次の運動について，勝敗を競う楽しさや喜びを味わい，作戦や状況に応じた技能や仲間と連携した動きを高めてゲームが展開できるようにする。,74G1503510000000
保健体育,1294,ア　ゴール型では，状況に応じたボール操作と空間を埋めるなどの動きによって空間への侵入などから攻防を展開すること。,74G1503511000000
保健体育,1295,イ　ネット型では，状況に応じたボール操作や安定した用具の操作と連携した動きによって空間を作りだすなどの攻防を展開すること。,74G1503512000000
保健体育,1296,ウ　ベースボール型では，状況に応じたバット操作と走塁での攻撃，安定したボール操作と状況に応じた守備などによって攻防を展開すること。,74G1503513000000
保健体育,1297,(2) 球技に主体的に取り組むとともに，フェアなプレイを大切にしようとすること，役割を積極的に引き受け自己の責任を果たそうとすること，合意形成に貢献しようとすることなどや，健康・安全を確保することができるようにする。,74G1503520000000
保健体育,1298,(3) 技術などの名称や行い方，体力の高め方，課題解決の方法，競技会の仕方などを理解し，チームや自己の課題に応じた運動を継続するための取り組み方を工夫できるようにする。,74G1503530000000
保健体育,1299,Ｆ　武　道,74G1503600000000
保健体育,1300,(1) 次の運動について，技を高め勝敗を競う楽しさや喜びを味わい，得意技を用いた攻防が展開できるようにする。,74G1503610000000
保健体育,1301,ア　柔道では，相手の多様な動きに応じた基本動作から，得意技や連絡技・変化技を用いて，素早く相手を崩して投げたり，抑えたり，返したりするなどの攻防を展開すること。,74G1503611000000
保健体育,1302,イ　剣道では，相手の多様な動きに応じた基本動作から，得意技を用いて，相手の構えを崩し，素早くしかけたり応じたりするなどの攻防を展開すること。,74G1503612000000
保健体育,1303,(2) 武道に主体的に取り組むとともに，相手を尊重し，礼法などの伝統的な行動の仕方を大切にしようとすること，役割を積極的に引き受け自己の責任を果たそうとすることなどや，健康・安全を確保することができるようにする。,74G1503620000000
保健体育,1304,(3) 伝統的な考え方，技の名称や見取り稽《けい》古，体力の高め方，課題解決の方法，試合の仕方などを理解し，自己や仲間の課題に応じた運動を継続するための取り組み方を工夫できるようにする。,74G1503630000000
保健体育,1305,Ｇ　ダンス,74G1503700000000
保健体育,1306,(1) 次の運動について，感じを込めて踊ったり，仲間と自由に踊ったりする楽しさや喜びを味わい，それぞれ特有の表現や踊りを高めて交流や発表ができるようにする。,74G1503710000000
保健体育,1307,ア　創作ダンスでは，表したいテーマにふさわしいイメージをとらえ，個や群で，対極の動きや空間の使い方で変化を付けて即興的に表現したり，イメージを強調した作品にまとめたりして踊ること。,74G1503711000000
保健体育,1308,イ　フォークダンスでは，踊り方の特徴を強調して，音楽に合わせて多様なステップや動きと組み方で仲間と対応して踊ること。,74G1503712000000
保健体育,1309,ウ　現代的なリズムのダンスでは，リズムの特徴を強調して全身で自由に踊ったり，変化とまとまりを付けて仲間と対応したりして踊ること。,74G1503713000000
保健体育,1310,(2) ダンスに主体的に取り組むとともに，互いに共感し高め合おうとすること，役割を積極的に引き受け自己の責任を果たそうとすること，合意形成に貢献しようとすることなどや，健康・安全を確保することができるようにする。,74G1503720000000
保健体育,1311,(3) ダンスの名称や用語，文化的背景と表現の仕方，体力の高め方，課題解決の方法，交流や発表の仕方などを理解し，グループや自己の課題に応じた運動を継続するための取り組み方を工夫できるようにする。,74G1503730000000
保健体育,1312,Ｈ　体育理論,74G1503800000000
保健体育,1313,(1) スポーツの歴史，文化的特性や現代のスポーツの特徴について理解できるようにする。,74G1503810000000
保健体育,1314,ア　スポーツは，人類の歴史とともに始まり，その理念が時代に応じて変容してきていること。また，我が国から世界に普及し，発展しているスポーツがあること。,74G1503811000000
保健体育,1315,イ　スポーツの技術や戦術，ルールは，用具の改良やメディアの発達に伴い変わり続けていること。,74G1503812000000
保健体育,1316,ウ　現代のスポーツは，国際親善や世界平和に大きな役割を果たしており，その代表的なものにオリンピックムーブメントがあること。また，ドーピングは，フェアプレイの精神に反するなど，能力の限界に挑戦するスポーツの文化的価値を失わせること。,74G1503813000000
保健体育,1317,エ　現代のスポーツは，経済的な波及効果があり，スポーツ産業が経済の中で大きな影響を及ぼしていること。,74G1503814000000
保健体育,1318,(2) 運動やスポーツの効果的な学習の仕方について理解できるようにする。,74G1503820000000
保健体育,1319,ア　運動やスポーツの技術は，学習を通して技能として発揮されるようになること。また，技術の種類に応じた学習の仕方があること。,74G1503821000000
保健体育,1320,イ　運動やスポーツの技能の上達過程にはいくつかの段階があり，その学習の段階に応じた練習方法や運動観察の方法，課題の設定方法などがあること。,74G1503822000000
保健体育,1321,ウ　運動やスポーツの技能と体力は，相互に関連していること。また，期待する成果に応じた技能や体力の高め方があること。,74G1503823000000
保健体育,1322,エ　運動やスポーツを行う際は，気象条件の変化など様々な危険を予見し，回避することが求められること。,74G1503824000000
保健体育,1323,(3) 豊かなスポーツライフの設計の仕方について理解できるようにする。,74G1503830000000
保健体育,1324,ア　スポーツは，各ライフステージにおける身体的，心理的，社会的特徴に応じた楽しみ方があること。また，その楽しみ方は，個人のスポーツに対する欲求などによっても変化すること。,74G1503831000000
保健体育,1325,イ　生涯にわたってスポーツを継続するためには，自己に適した運動機会をもつこと，施設などを活用して活動の場をもつこと，ライフスタイルに応じたスポーツとのかかわり方を見付けることなどが必要であること。,74G1503832000000
保健体育,1326,ウ　スポーツの振興は，様々な施策や組織，人々の支援や参画によって支えられていること。,74G1503833000000
保健体育,1327,エ　スポーツを行う際は，スポーツが環境にもたらす影響を考慮し，持続可能な社会の実現に寄与する責任ある行動が求められること。,74G1503834000000
保健体育,1328,３　内容の取扱い,74G1505000000000
保健体育,1329,(1) 内容の「Ａ体つくり運動」から「Ｈ体育理論」までの領域については，次のとおり取り扱うものとする。,74G1505100000000
保健体育,1330,ア　「Ａ体つくり運動」及び「Ｈ体育理論」については，各年次においてすべての生徒に履修させること。,74G1505110000000
保健体育,1331,イ　入学年次においては，「Ｂ器械運動」，「Ｃ陸上競技」，「Ｄ水泳」及び「Ｇダンス」についてはこれらの中から一つ以上を，「Ｅ球技」及び「Ｆ武道」についてはこれらの中から一つ以上をそれぞれ選択して履修できるようにすること。その次の年次以降においては，「Ｂ器械運動」から「Ｇダンス」までの中から二つ以上を選択して履修できるようにすること。,74G1505120000000
保健体育,1332,(2) 内容の「Ａ体つくり運動」から「Ｈ体育理論」までに示す事項については，各年次において次のとおり取り扱うものとする。,74G1505200000000
保健体育,1333,ア　「Ａ体つくり運動」に示す事項については，すべての生徒に履修させること。なお，「Ａ体つくり運動」の(1)のアの運動については，「Ｂ器械運動」から「Ｇダンス」までにおいても関連を図って指導することができるとともに，「保健」における精神の健康などの内容との関連を図ること。「Ａ体つくり運動」の(1)のイの運動については，日常的に取り組める運動例を組み合わせることに重点を置くなど指導方法の工夫を図ること。,74G1505210000000
保健体育,1334,イ　「Ｂ器械運動」の(1)の運動については，アからエまでの中から選択して履修できるようにすること。,74G1505220000000
保健体育,1335,ウ　「Ｃ陸上競技」の(1)の運動については，アからウまでに示す運動の中から選択して履修できるようにすること。,74G1505230000000
保健体育,1336,エ　「Ｄ水泳」の(1)の運動については，アからオまでの中から選択して履修できるようにすること。また，スタートの指導については，段階的な指導を行うとともに安全を十分に確保すること。また，「保健」における応急手当の内容との関連を図ること。,74G1505240000000
保健体育,1337,オ　「Ｅ球技」の(1)の運動については，入学年次においては，アからウまでの中から二つを，その次の年次以降においては，アからウまでの中から一つを選択して履修できるようにすること。また，アについては，バスケットボール，ハンドボール，サッカー，ラグビーの中から，イについては，バレーボール，卓球，テニス，バドミントンの中から，ウについては，ソフトボールを適宜取り上げることとし，地域や学校の実態に応じて，その他の運動についても履修させることができること。,74G1505250000000
保健体育,1338,カ　「Ｆ武道」の(1)の運動については，ア又はイのいずれかを選択して履修できるようにすること。なお，地域や学校の実態に応じて，相撲，なぎなた，弓道などのその他の武道についても履修させることができること。,74G1505260000000
保健体育,1339,キ　「Ｇダンス」の(1)の運動については，アからウまでの中から選択して履修できるようにすること。なお，地域や学校の実態に応じて，社交ダンスなどのその他のダンスについても履修させることができること。,74G1505270000000
保健体育,1340,ク　「Ｈ体育理論」については，(1)は入学年次，(2)はその次の年次，(3)はそれ以降の年次で取り上げること。,74G1505280000000
保健体育,1341,(3) 内容の「Ｂ器械運動」から「Ｇダンス」までの領域及び運動については，地域や学校の実態及び生徒の特性や選択履修の状況等を踏まえるとともに，安全を十分に確保した上で，生徒が自由に選択して履修することができるよう配慮するものとする。指導に当たっては，内容の「Ｂ器械運動」から「Ｇダンス」までの領域については，それぞれの運動の特性に触れるために必要な体力を生徒自ら高めるように留意するものとする。また，内容の「Ｂ器械運動」から「Ｆ武道」までの領域及び運動については，必要に応じて審判の仕方についても指導するものとする。また，「Ｆ武道」については，我が国固有の伝統と文化により一層触れさせるため，中学校の学習の基礎の上に，より深められる機会を確保するよう配慮するものとする。,74G1505300000000
保健体育,1342,(4) 自然とのかかわりの深いスキー，スケートや水辺活動などの指導については，地域や学校の実態に応じて積極的に行うことに留意するものとする。また，レスリングについても履修させることができるものとする。,74G1505400000000
保健体育,1343,"(5) 集合，整頓《とん》,列の増減，方向変換などの行動の仕方を身に付け，能率的で安全な集団としての行動ができるようにするための指導については，内容の「Ａ体つくり運動」から「Ｇダンス」までの領域において適切に行うものとする。",74G1505500000000
保健体育,1344,(6) 筋道を立てて練習や作戦について話し合う活動などを通して，コミュニケーション能力や論理的な思考力の育成を促し，主体的な学習活動が充実するよう配慮するものとする。,74G1505600000000
保健体育,1345,第２　保　健,74G2500000000000
保健体育,1346,"１　目　標
　個人及び社会生活における健康・安全について理解を深めるようにし，生涯を通じて自らの健康を適切に管理し，改善していく資質や能力を育てる。",74G2502000000000
保健体育,1347,２　内　容,74G2503000000000
保健体育,1348,"(1) 現代社会と健康
　我が国の疾病構造や社会の変化に対応して，健康を保持増進するためには，個人の行動選択やそれを支える社会環境づくりなどが大切であるというヘルスプロモーションの考え方を生かし，人々が自らの健康を適切に管理すること及び環境を改善していくことが重要であることを理解できるようにする。",74G2503100000000
保健体育,1349,"ア　健康の考え方
　健康の考え方は，国民の健康水準の向上や疾病構造の変化に伴って変わってきていること。また，健康は，様々な要因の影響を受けながら，主体と環境の相互作用の下に成り立っていること。
　健康の保持増進には，健康に関する個人の適切な意志決定や行動選択及び環境づくりがかかわること。",74G2503110000000
保健体育,1350,"イ　健康の保持増進と疾病の予防
　健康の保持増進と生活習慣病の予防には，食事，運動，休養及び睡眠の調和のとれた生活を実践する必要があること。
　喫煙と飲酒は，生活習慣病の要因になること。また，薬物乱用は，心身の健康や社会に深刻な影響を与えることから行ってはならないこと。それらの対策には，個人や社会環境への対策が必要であること。
　感染症の発生や流行には，時代や地域によって違いがみられること。その予防には，個人的及び社会的な対策を行う必要があること。",74G2503120000000
保健体育,1351,"ウ　精神の健康
　人間の欲求と適応機制には，様々な種類があること。精神と身体には，密接な関連があること。また，精神の健康を保持増進するには，欲求やストレスに適切に対処するとともに，自己実現を図るよう努力していくことが重要であること。",74G2503130000000
保健体育,1352,"エ　交通安全
　交通事故を防止するには，車両の特性の理解，安全な運転や歩行など適切な行動，自他の生命を尊重する態度，交通環境の整備などがかかわること。また，交通事故には責任や補償問題が生じること。",74G2503140000000
保健体育,1353,"オ　応急手当
　適切な応急手当は，傷害や疾病の悪化を軽減できること。応急手当には，正しい手順や方法があること。また，心肺蘇《そ》生等の応急手当は，傷害や疾病によって身体が時間の経過とともに損なわれていく場合があることから，速やかに行う必要があること。",74G2503150000000
保健体育,1354,"(2) 生涯を通じる健康
　生涯の各段階において健康についての課題があり，自らこれに適切に対応する必要があること及び我が国の保健・医療制度や機関を適切に活用することが重要であることについて理解できるようにする。",74G2503200000000
保健体育,1355,"ア　生涯の各段階における健康
　　生涯にわたって健康を保持増進するには，生涯の各段階の健康課題に応じた自己の健康管理及び環境づくりがかかわっていること。",74G2503210000000
保健体育,1356,"イ　保健・医療制度及び地域の保健・医療機関
　生涯を通じて健康の保持増進をするには，保健・医療制度や地域の保健所，保健センター，医療機関などを適切に活用することが重要であること。
　また，医薬品は，有効性や安全性が審査されており，販売には制限があること。疾病からの回復や悪化の防止には，医薬品を正しく使用することが有効であること。",74G2503220000000
保健体育,1357,"ウ　様々な保健活動や対策
　我が国や世界では，健康課題に対応して様々な保健活動や対策などが行われていること。",74G2503230000000
保健体育,1358,"(3) 社会生活と健康
　社会生活における健康の保持増進には，環境や食品，労働などが深くかかわっていることから，環境と健康，環境と食品の保健，労働と健康にかかわる活動や対策が重要であることについて理解できるようにする。",74G2503300000000
保健体育,1359,"ア　環境と健康
　人間の生活や産業活動は，自然環境を汚染し健康に影響を及ぼすこともあること。それらを防ぐには，汚染の防止及び改善の対策をとる必要があること。",74G2503310000000
保健体育,1360,"イ　環境と食品の保健
　環境衛生活動は，学校や地域の環境を健康に適したものとするよう基準が設定され，それに基づき行われていること。また，食品衛生活動は，食品の安全性を確保するよう基準が設定され，それに基づき行われていること。",74G2503320000000
保健体育,1361,"ウ　労働と健康
　労働災害の防止には，作業形態や作業環境の変化に起因する傷害や職業病などを踏まえた適切な健康管理及び安全管理をする必要があること。",74G2503330000000
保健体育,1362,３　内容の取扱い,74G2505000000000
保健体育,1363,(1) 内容の(1)のイ及び(3)のイについては，食育の観点を踏まえつつ，健康的な生活習慣の形成に結び付くよう配慮するものとする。,74G2505100000000
保健体育,1364,(2) 内容の(1)のイの喫煙と飲酒，薬物乱用については，疾病との関連，社会への影響などについて総合的に取り扱い，薬物については，麻薬，覚せい剤，大麻等を扱うものとする。,74G2505200000000
保健体育,1365,(3) 内容の(1)のウについては，大脳の機能，神経系及び内分泌系の機能について必要に応じ関連付けて扱う程度とする。また，「体育」における体ほぐしの運動との関連を図るよう配慮するものとする。,74G2505300000000
保健体育,1366,(4) 内容の(1)のエについては，二輪車及び自動車を中心に取り上げるものとする。また，自然災害などによる傷害の防止についても，必要に応じ関連付けて扱うよう配慮するものとする。,74G2505400000000
保健体育,1367,(5) 内容の(1)のオについては，実習を行うものとし，呼吸器系及び循環器系の機能については，必要に応じ関連付けて扱う程度とする。また，効果的な指導を行うため，「体育」の「Ｄ水泳」などとの関連を図るよう配慮するものとする。,74G2505500000000
保健体育,1368,(6) 内容の(2)のアについては，思春期と健康，結婚生活と健康及び加齢と健康を取り扱うものとする。また，生殖に関する機能については，必要に応じ関連付けて扱う程度とする。責任感を涵《かん》養することや異性を尊重する態度が必要であること，及び性に関する情報等への適切な対処についても扱うよう配慮するものとする。,74G2505600000000
保健体育,1369,(7) 内容の(3)のアについては，廃棄物の処理と健康についても触れるものとする。,74G2505700000000
保健体育,1370,(8) 指導に際しては，知識を活用する学習活動を取り入れるなどの指導方法の工夫を行うものとする。,74G2505800000000
保健体育,1371,第３款　各科目にわたる指導計画の作成と内容の取扱い,74G0300000000000
保健体育,1372,１　指導計画の作成に当たっては，次の事項に配慮するものとする。,74G0300100000000
保健体育,1373,(1) 第１章総則第１款の３に示す学校における体育・健康に関する指導の趣旨を生かし，特別活動，運動部の活動などとの関連を図り，日常生活における体育・健康に関する活動が適切かつ継続的に実践できるよう留意するものとする。なお，体力の測定については，計画的に実施し，運動の指導及び体力の向上に活用するものとする。,74G0300110000000
保健体育,1374,(2) 「体育」は，各年次継続して履修できるようにし，各年次の単位数はなるべく均分して配当するものとする。なお，内容の「Ａ体つくり運動」に対する授業時数については，各年次で７～10単位時間程度を，内容の「Ｈ体育理論」に対する授業時数については，各年次で６単位時間以上を配当するとともに，内容の「Ｂ器械運動」から「Ｇダンス」までの領域に対する授業時数の配当については，その内容の習熟を図ることができるよう考慮するものとする。,74G0300120000000
保健体育,1375,(3) 「保健」は，原則として入学年次及びその次の年次の２か年にわたり履修させるものとする。,74G0300130000000
保健体育,1376,２　各科目の指導に当たっては，その特質を踏まえ，必要に応じて，コンピュータや情報通信ネットワークなどを適切に活用し，学習の効果を高めるよう配慮するものとする。,74G0300200000000
芸術,1377,第７節　芸　　　術,74B0000000000000
芸術,1378,"第１款　目　標
　芸術の幅広い活動を通して，生涯にわたり芸術を愛好する心情を育てるとともに，感性を高め，芸術の諸能力を伸ばし，芸術文化についての理解を深め，豊かな情操を養う。",74B0100000000000
芸術,1379,第２款　各　科　目,74B0500000000000
芸術,1380,第１　音楽Ⅰ,74B1500000000000
芸術,1381,"１　目　標
　音楽の幅広い活動を通して，生涯にわたり音楽を愛好する心情を育てるとともに，感性を高め，創造的な表現と鑑賞の能力を伸ばし，音楽文化についての理解を深める。",74B1502000000000
芸術,1382,２　内　容,74B1503000000000
芸術,1383,"Ａ　表　現
　表現に関して，次の事項を指導する。",74B1503100000000
芸術,1384,(1) 歌唱,74B1503110000000
芸術,1385,ア　曲想を歌詞の内容や楽曲の背景とかかわらせて感じ取り，イメージをもって歌うこと。,74B1503111000000
芸術,1386,イ　曲種に応じた発声の特徴を生かし，表現を工夫して歌うこと。,74B1503112000000
芸術,1387,ウ　様々な表現形態による歌唱の特徴を生かし，表現を工夫して歌うこと。,74B1503113000000
芸術,1388,エ　音楽を形づくっている要素を知覚し，それらの働きを感受して歌うこと。,74B1503114000000
芸術,1389,(2) 器楽,74B1503120000000
芸術,1390,ア　曲想を楽曲の背景とかかわらせて感じ取り，イメージをもって演奏すること。,74B1503121000000
芸術,1391,イ　楽器の音色や奏法の特徴を生かし，表現を工夫して演奏すること。,74B1503122000000
芸術,1392,ウ　様々な表現形態による器楽の特徴を生かし，表現を工夫して演奏すること。,74B1503123000000
芸術,1393,エ　音楽を形づくっている要素を知覚し，それらの働きを感受して演奏すること。,74B1503124000000
芸術,1394,(3) 創作,74B1503130000000
芸術,1395,ア　音階を選んで旋律をつくり，その旋律に副次的な旋律や和音などを付けて，イメージをもって音楽をつくること。,74B1503131000000
芸術,1396,イ　音素材の特徴を生かし，反復，変化，対照などの構成を工夫して，イメージをもって音楽をつくること。,74B1503132000000
芸術,1397,ウ　音楽を形づくっている要素の働きを変化させ，イメージをもって変奏や編曲をすること。,74B1503133000000
芸術,1398,エ　音楽を形づくっている要素を知覚し，それらの働きを感受して音楽をつくること。,74B1503134000000
芸術,1399,"Ｂ　鑑　賞
　鑑賞に関して，次の事項を指導する。",74B1503200000000
芸術,1400,ア　声や楽器の音色の特徴と表現上の効果とのかかわりを感じ取って鑑賞すること。,74B1503210000000
芸術,1401,イ　音楽を形づくっている要素を知覚し，それらの働きを感受して鑑賞すること。,74B1503220000000
芸術,1402,ウ　楽曲の文化的・歴史的背景や，作曲者及び演奏者による表現の特徴を理解して鑑賞すること。,74B1503230000000
芸術,1403,エ　我が国や郷土の伝統音楽の種類とそれぞれの特徴を理解して鑑賞すること。,74B1503240000000
芸術,1404,３　内容の取扱い,74B1505000000000
芸術,1405,(1) 内容のＡ及びＢの指導に当たっては，中学校音楽科との関連を十分に考慮し，それぞれ特定の活動のみに偏らないようにするとともに，Ａ及びＢ相互の関連を図るものとする。,74B1505100000000
芸術,1406,(2) 生徒の特性等を考慮し，内容のＡの(3)のア，イ又はウのうち一つ以上を選択して扱うことができる。,74B1505200000000
芸術,1407,(3) 内容のＡの指導に当たっては，生徒の特性等を考慮し，視唱と視奏及び読譜と記譜の指導を含めるものとする。,74B1505300000000
芸術,1408,(4) 内容のＡの指導に当たっては，我が国の伝統的な歌唱及び和楽器を含めて扱うようにする。また，内容のＢのエとの関連を図るよう配慮するものとする。,74B1505400000000
芸術,1409,(5) 内容のＡの(3)の指導に当たっては，即興的に音を出しながら音のつながり方を試すなど，音を音楽へと構成することを重視するとともに，作品を記録する方法を工夫させるものとする。,74B1505500000000
芸術,1410,(6) 内容のＢの指導に当たっては，楽曲や演奏について根拠をもって批評する活動などを取り入れるようにする。,74B1505600000000
芸術,1411,(7) 内容のＡ及びＢの教材については，地域や学校の実態等を考慮し，我が国や郷土の伝統音楽を含む我が国及び諸外国の様々な音楽から幅広く扱うようにする。また，Ｂの教材については，アジア地域の諸民族の音楽を含めて扱うようにする。,74B1505700000000
芸術,1412,(8) 音や音楽と生活や社会とのかかわりを考えさせ，音環境への関心を高めるよう配慮するものとする。また，音楽に関する知的財産権などについて配慮し，著作物等を尊重する態度の形成を図るようにする。,74B1505800000000
芸術,1413,第２　音楽Ⅱ,74B2500000000000
芸術,1414,"１　目　標
　音楽の諸活動を通して，生涯にわたり音楽を愛好する心情を育てるとともに，感性を高め，個性豊かな表現の能力と主体的な鑑賞の能力を伸ばし，音楽文化についての理解を深める。",74B2502000000000
芸術,1415,２　内　容,74B2503000000000
芸術,1416,"Ａ　表　現
　表現に関して，次の事項を指導する。",74B2503100000000
芸術,1417,(1) 歌唱,74B2503110000000
芸術,1418,ア　曲想を歌詞の内容や楽曲の背景とかかわらせて理解し，イメージをもって歌うこと。,74B2503111000000
芸術,1419,イ　曲種に応じた発声の特徴と表現上の効果とのかかわりを理解し，表現を工夫して歌うこと。,74B2503112000000
芸術,1420,ウ　様々な表現形態による歌唱の特徴と表現上の効果とのかかわりを理解し，表現を工夫して歌うこと。,74B2503113000000
芸術,1421,エ　音楽を形づくっている要素とそれらの働きを理解して歌うこと。,74B2503114000000
芸術,1422,(2) 器楽,74B2503120000000
芸術,1423,ア　曲想を楽曲の背景とかかわらせて理解し，イメージをもって演奏すること。,74B2503121000000
芸術,1424,イ　楽器の音色や奏法の特徴と表現上の効果とのかかわりを理解し，表現を工夫して演奏すること。,74B2503122000000
芸術,1425,ウ　様々な表現形態による器楽の特徴と表現上の効果とのかかわりを理解し，表現を工夫して演奏すること。,74B2503123000000
芸術,1426,エ　音楽を形づくっている要素とそれらの働きを理解して演奏すること。,74B2503124000000
芸術,1427,(3) 創作,74B2503130000000
芸術,1428,ア　音階を選んで旋律をつくり，その旋律に副次的な旋律や和音などを付けて，イメージをもって創造的に音楽をつくること。,74B2503131000000
芸術,1429,イ　音素材の特徴を生かし，反復，変化，対照などの構成を工夫して，イメージをもって創造的に音楽をつくること。,74B2503132000000
芸術,1430,ウ　音楽を形づくっている要素の働きを変化させ，イメージをもって創造的に変奏や編曲をすること。,74B2503133000000
芸術,1431,エ　音楽を形づくっている要素とそれらの働きを理解して音楽をつくること。,74B2503134000000
芸術,1432,"Ｂ　鑑　賞
　鑑賞に関して，次の事項を指導する。",74B2503200000000
芸術,1433,ア　声や楽器の音色の特徴と表現上の効果とのかかわりを理解して鑑賞すること。,74B2503210000000
芸術,1434,イ　音楽を形づくっている要素とそれらの働きを理解して鑑賞すること。,74B2503220000000
芸術,1435,ウ　楽曲の文化的・歴史的背景や，作曲者及び演奏者による表現の特徴について理解を深めて鑑賞すること。,74B2503230000000
芸術,1436,エ　我が国や郷土の伝統音楽の種類とそれぞれの特徴について理解を深めて鑑賞すること。,74B2503240000000
芸術,1437,３　内容の取扱い,74B2505000000000
芸術,1438,(1) 内容のＡ及びＢの指導に当たっては，相互の関連を図るものとする。また，生徒の特性，地域や学校の実態を考慮し，内容のＡの(1)，(2)又は(3)のうち一つ以上を選択して扱うことができる。,74B2505100000000
芸術,1439,(2) 内容のＢの指導に当たっては，我が国や郷土の伝統音楽を含む多様な音楽文化について理解を深める観点から，適切かつ十分な授業時数を配当するものとする。,74B2505200000000
芸術,1440,(3) 内容の取扱いに当たっては，「音楽Ⅰ」の３の(2)から(8)までと同様に取り扱うものとする。,74B2505300000000
芸術,1441,第３　音楽Ⅲ,74B3500000000000
芸術,1442,"１　目　標
　音楽の諸活動を通して，生涯にわたり音楽を愛好する心情と音楽文化を尊重する態度を育てるとともに，感性を磨き，個性豊かな音楽の能力を高める。",74B3502000000000
芸術,1443,２　内　容,74B3503000000000
芸術,1444,"Ａ　表　現
　表現に関して，次の事項を指導する。",74B3503100000000
芸術,1445,(1) 歌唱,74B3503110000000
芸術,1446,ア　楽曲の表現内容を総合的に理解し，表現意図をもって創造的に歌うこと。,74B3503111000000
芸術,1447,イ　様々な表現形態による歌唱の特徴を理解し，表現上の効果を生かして歌うこと。,74B3503112000000
芸術,1448,(2) 器楽,74B3503120000000
芸術,1449,ア　楽曲の表現内容を総合的に理解し，表現意図をもって創造的に演奏すること。,74B3503121000000
芸術,1450,イ　様々な表現形態による器楽の特徴を理解し，表現上の効果を生かして演奏すること。,74B3503122000000
芸術,1451,(3) 創作,74B3503130000000
芸術,1452,ア　様々な音素材の表現効果を生かした構成を工夫して，表現意図をもって個性豊かに音楽をつくること。,74B3503131000000
芸術,1453,イ　様々な様式や演奏形態の特徴を理解し，表現意図をもって個性豊かに音楽をつくること。,74B3503132000000
芸術,1454,"Ｂ　鑑　賞
　鑑賞に関して，次の事項を指導する。",74B3503200000000
芸術,1455,ア　音楽の構造上の特徴と美しさとのかかわりを理解して鑑賞すること。,74B3503210000000
芸術,1456,イ　現代の我が国及び諸外国の音楽の特徴を理解して鑑賞すること。,74B3503220000000
芸術,1457,ウ　音楽と他の芸術や文化とのかかわりを理解して鑑賞すること。,74B3503230000000
芸術,1458,エ　生活及び社会における音楽や音楽にかかわる人々の役割を理解して鑑賞すること。,74B3503240000000
芸術,1459,３　内容の取扱い,74B3505000000000
芸術,1460,(1) 生徒の特性，地域や学校の実態を考慮し，内容のＡの(1)，(2)，(3)又はＢのうち一つ以上を選択して扱うことができる。,74B3505100000000
芸術,1461,(2) 内容のＡ及びＢの教材については，地域や学校の実態等を考慮し，我が国や郷土の伝統音楽を含めて扱うようにする。,74B3505200000000
芸術,1462,(3) 内容の取扱いに当たっては，「音楽Ⅰ」の３の(3)，(5)，(6)及び(8)と同様に取り扱うものとする。,74B3505300000000
芸術,1463,第４　美術Ⅰ,74B4500000000000
芸術,1464,"１　目　標
　美術の幅広い創造活動を通して，美的体験を豊かにし，生涯にわたり美術を愛好する心情を育てるとともに，感性を高め，創造的な表現と鑑賞の能力を伸ばし，美術文化についての理解を深める。",74B4502000000000
芸術,1465,２　内　容,74B4503000000000
芸術,1466,"Ａ　表　現
　表現に関して，次の事項を指導する。",74B4503100000000
芸術,1467,(1) 絵画・彫刻,74B4503110000000
芸術,1468,ア　感じ取ったことや考えたこと，夢や想像などから主題を生成すること。,74B4503111000000
芸術,1469,イ　表現形式の特性を生かし，形体，色彩，構成などを工夫して創造的な表現の構想を練ること。,74B4503112000000
芸術,1470,ウ　意図に応じて材料や用具の特性を生かすこと。,74B4503113000000
芸術,1471,エ　表現方法を工夫し，主題を追求して表現すること。,74B4503114000000
芸術,1472,(2) デザイン,74B4503120000000
芸術,1473,ア　目的，機能，美しさなどを考えて主題を生成すること。,74B4503121000000
芸術,1474,イ　表現形式の特性，形や色彩などの造形要素の働きを考え，創造的な表現の構想を練ること。,74B4503122000000
芸術,1475,ウ　意図に応じて材料や用具の特性を生かすこと。,74B4503123000000
芸術,1476,エ　表現方法を工夫し，目的や計画を基に表現すること。,74B4503124000000
芸術,1477,(3) 映像メディア表現,74B4503130000000
芸術,1478,ア　感じ取ったことや考えたこと，目的や機能などを基に，映像メディアの特性を生かして主題を生成すること。,74B4503131000000
芸術,1479,イ　色光，視点，動きなどの映像表現の視覚的要素を工夫して表現の構想を練ること。,74B4503132000000
芸術,1480,ウ　意図に応じて映像メディア機器等の用具の特性を生かすこと。,74B4503133000000
芸術,1481,エ　表現方法や編集を工夫して表現すること。,74B4503134000000
芸術,1482,"Ｂ　鑑　賞
　鑑賞に関して，次の事項を指導する。",74B4503200000000
芸術,1483,ア　美術作品などのよさや美しさ，作者の心情や意図と表現の工夫などを感じ取り，理解を深めること。,74B4503210000000
芸術,1484,イ　映像メディア表現の特質や表現の効果などを感じ取り，理解すること。,74B4503220000000
芸術,1485,ウ　自然と美術とのかかわり，生活や社会を心豊かにする美術の働きについて考え，理解を深めること。,74B4503230000000
芸術,1486,エ　日本の美術の歴史や表現の特質，日本及び諸外国の美術文化について理解を深めること。,74B4503240000000
芸術,1487,３　内容の取扱い,74B4505000000000
芸術,1488,(1) 内容のＡ及びＢの指導に当たっては，中学校美術科との関連を十分に考慮し，Ａ及びＢ相互の関連を図るとともに，Ｂの指導については，適切かつ十分な授業時数を配当するものとする。,74B4505100000000
芸術,1489,(2) 内容のＡの(1)については，生徒の特性，地域や学校の実態を考慮し，絵画と彫刻のいずれかを選択したり一体的に扱ったりすることができる。また，(2)及び(3)についてはいずれかを選択して扱うことができる。その際，感じ取ったことや考えたことなどを基にした表現と，目的や機能などを考えた表現の学習が調和的に行えるようにする。,74B4505200000000
芸術,1490,(3) 内容のＡの指導に当たっては，スケッチやデッサンなどにより観察力，思考力，描写力などが十分高まるよう配慮するものとする。,74B4505300000000
芸術,1491,(4) 内容のＢの指導に当たっては，作品について互いに批評し合う活動などを取り入れるようにする。,74B4505400000000
芸術,1492,(5) 内容のＢについては，日本の美術も重視して扱うとともに，アジアの美術などについても扱うようにする。,74B4505500000000
芸術,1493,(6) 美術に関する知的財産権や肖像権などについて配慮し，自己や他者の著作物等を尊重する態度の形成を図るようにする。,74B4505600000000
芸術,1494,(7) 事故防止のため，特に，刃物類，塗料，器具などの使い方の指導と保管，活動場所における安全指導などを徹底するものとする。,74B4505700000000
芸術,1495,第５　美術Ⅱ,74B5500000000000
芸術,1496,"１　目　標
　美術の創造的な諸活動を通して，美的体験を豊かにし，生涯にわたり美術を愛好する心情を育てるとともに，感性を高め，個性豊かな表現と鑑賞の能力を伸ばし，美術文化についての理解を深める。",74B5502000000000
芸術,1497,２　内　容,74B5503000000000
芸術,1498,"Ａ　表　現
　表現に関して，次の事項を指導する。",74B5503100000000
芸術,1499,(1) 絵画・彫刻,74B5503110000000
芸術,1500,ア　自然，自己，社会などを深く見つめて主題を生成すること。,74B5503111000000
芸術,1501,イ　表現形式を選択し，創造的で心豊かな表現の構想を練ること。,74B5503112000000
芸術,1502,ウ　主題に合った表現方法を工夫し，創造的に表現すること。,74B5503113000000
芸術,1503,(2) デザイン,74B5503120000000
芸術,1504,ア　自然，自己，社会などを深く見つめ，生活を美しく豊かにするデザインの働きを考えて主題を生成すること。,74B5500121000000
芸術,1505,イ　目的や条件などを基に，デザイン効果を考えて創造的で心豊かな表現の構想を練ること。,74B5502122000000
芸術,1506,ウ　主題に合った表現方法を工夫し，創造的に表現すること。,74B5502123000000
芸術,1507,(3) 映像メディア表現,74B5502130000000
芸術,1508,ア　自然，自己，社会などを深く見つめ，映像メディアの特性を生かして主題を生成すること。,74B5502131000000
芸術,1509,イ　映像表現の視覚的要素などの効果を生かして創造的で心豊かな表現の構想を練ること。,74B5502132000000
芸術,1510,ウ　主題に合った表現方法を工夫し，創造的に表現すること。,74B5503133000000
芸術,1511,"Ｂ　鑑　賞
　鑑賞に関して，次の事項を指導する。",74B5503200000000
芸術,1512,ア　作品や作者の個性などに関心をもち，発想や構想の独自性，表現の工夫などについて，多様な視点から分析し理解すること。,74B5503210000000
芸術,1513,イ　心豊かな生き方の創造にかかわる美術の働きについて理解を深めること。,74B5503220000000
芸術,1514,ウ　時代，民族，風土，宗教などによる表現の相違や共通性などを考察し，美術文化についての理解を一層深めること。,74B5503230000000
芸術,1515,３　内容の取扱い,74B5505000000000
芸術,1516,(1) 生徒の特性，地域や学校の実態を考慮し，内容のＡの(1)，(2)又は(3)のうち一つ以上を選択して扱うことができる。また，Ａの(1)については，絵画と彫刻のいずれかを選択したり一体的に扱ったりすることができる。,74B5505100000000
芸術,1517,(2) 内容の取扱いに当たっては，「美術Ⅰ」の３の(1)及び(3)から(7)までと同様に取り扱うものとする。,74B5505200000000
芸術,1518,第６　美術Ⅲ,74B6500000000000
芸術,1519,"１　目　標
　美術の創造的な諸活動を通して，美的体験を豊かにし，生涯にわたり美術を愛好する心情と美術文化を尊重する態度を育てるとともに，感性と美意識を磨き，個性豊かな美術の能力を高める。",74B6502000000000
芸術,1520,２　内　容,74B6503000000000
芸術,1521,"Ａ　表　現
　表現に関して，次の事項を指導する。",74B6503100000000
芸術,1522,(1) 絵画・彫刻,74B6503110000000
芸術,1523,ア　独創的な主題を生成し，表現の構想を練ること。,74B6503111000000
芸術,1524,イ　主題に合った表現方法を工夫し，個性を生かして創造的な表現を追求すること。,74B6503112000000
芸術,1525,(2) デザイン,74B6503120000000
芸術,1526,ア　デザイン効果を考えて独創的な主題を生成し，表現の構想を練ること。,74B6503121000000
芸術,1527,イ　主題に合った表現方法を工夫し，個性を生かして創造的なデザインを追求すること。,74B6503122000000
芸術,1528,(3) 映像メディア表現,74B6503130000000
芸術,1529,ア　映像メディアの特性を生かして独創的な主題を生成し，表現の構想を練ること。,74B6503131000000
芸術,1530,イ　主題に合った表現方法を工夫し，個性を生かして創造的な映像メディア表現を追求すること。,74B6503132000000
芸術,1531,"Ｂ　鑑　賞
　鑑賞に関して，次の事項を指導する。",74B6503200000000
芸術,1532,ア　作者の主張，作品と時代や社会とのかかわりなどを考察し，自己の価値観や美意識を働かせて作品を読み取り味わうこと。,74B6503210000000
芸術,1533,イ　国際理解に果たす美術の役割について理解すること。,74B6503220000000
芸術,1534,ウ　文化遺産としての美術の特色と文化遺産等を継承し保存することの意義を理解すること。,74B6503230000000
芸術,1535,３　内容の取扱い,74B6505000000000
芸術,1536,(1) 生徒の特性，地域や学校の実態を考慮し，内容のＡの(1)，(2)，(3)又はＢのうち一つ以上を選択して扱うことができる。また，Ａの(1)については，絵画と彫刻のいずれかを選択したり一体的に扱ったりすることができる。,74B6505100000000
芸術,1537,(2) 内容の取扱いに当たっては，「美術Ⅰ」の３の(3)から(7)までと同様に取り扱うものとする。,74B6505200000000
芸術,1538,第７　工芸Ⅰ,74B7500000000000
芸術,1539,"１　目　標
　工芸の幅広い創造活動を通して，美的体験を豊かにし，生涯にわたり工芸を愛好する心情と生活を心豊かにするために工夫する態度を育てるとともに，感性を高め，創造的な表現と鑑賞の能力を伸ばし，工芸の伝統と文化についての理解を深める。",74B7502000000000
芸術,1540,２　内　容,74B7503000000000
芸術,1541,"Ａ　表　現
　表現に関して，次の事項を指導する。",74B7503100000000
芸術,1542,(1) 身近な生活と工芸,74B7503110000000
芸術,1543,ア　自然や素材，身近な生活や自己の思いなどから心豊かな発想をすること。,74B7503111000000
芸術,1544,イ　用途と美しさの調和を考え，日本の伝統的な表現のよさなどを生かした制作の構想を練ること。,74B7503112000000
芸術,1545,ウ　制作方法を理解し，意図に応じて材料や用具を活用すること。,74B7503113000000
芸術,1546,エ　手順や技法などを吟味し，創意工夫して制作すること。,74B7503114000000
芸術,1547,(2) 社会と工芸,74B7503120000000
芸術,1548,ア　社会的な視点に立って，使う人の願いや心情，生活環境などを考え，心豊かな発想をすること。,74B7503121000000
芸術,1549,イ　使用する人や場などに求められる機能と美しさを考え，制作の構想を練ること。,74B7503122000000
芸術,1550,ウ　制作方法を理解し，意図に応じて材料や用具を活用すること。,74B7503123000000
芸術,1551,エ　手順や技法などを吟味し，創意工夫して制作すること。,74B7503124000000
芸術,1552,"Ｂ　鑑　賞
　鑑賞に関して，次の事項を指導する。",74B7503200000000
芸術,1553,ア　工芸作品などのよさや美しさ，作者の心情や意図と表現の工夫などを感じ取り，理解を深めること。,74B7503210000000
芸術,1554,イ　制作過程における工夫や素材の生かし方，技法などを理解すること。,74B7503220000000
芸術,1555,ウ　自然と工芸とのかかわり，生活や社会を心豊かにする工芸の働きについて考え，理解を深めること。,74B7503230000000
芸術,1556,エ　日本の工芸の特質や美意識に気付き，工芸の伝統と文化について理解を深めること。,74B7503240000000
芸術,1557,３　内容の取扱い,74B7505000000000
芸術,1558,(1) 内容のＡ及びＢの指導に当たっては，中学校美術科との関連を十分に考慮し，Ａ及びＢ相互の関連を図るとともに，Ｂの指導については，適切かつ十分な授業時数を配当するものとする。,74B7505100000000
芸術,1559,(2) 内容のＡの指導に当たっては，地域の材料及び伝統的な工芸の表現などを取り入れることにも配慮するものとする。,74B7505200000000
芸術,1560,(3) 内容のＢの指導に当たっては，作品について互いに批評し合う活動などを取り入れるようにする。,74B7505300000000
芸術,1561,(4) 内容のＢについては，日本の工芸も重視して扱うとともに，アジアの工芸などについても扱うようにする。,74B7505400000000
芸術,1562,(5) 工芸に関する知的財産権などについて配慮し，自己や他者の著作物等を尊重する態度の形成を図るようにする。,74B7505500000000
芸術,1563,(6) 事故防止のため，特に，刃物類，塗料，器具などの使い方の指導と保管，活動場所における安全指導などを徹底するものとする。,74B7505600000000
芸術,1564,第８　工芸Ⅱ,74B8500000000000
芸術,1565,"１　目　標
　工芸の創造的な諸活動を通して，美的体験を豊かにし，生涯にわたり工芸を愛好する心情と生活を心豊かにするために工夫する態度を育てるとともに，感性を高め，個性豊かな表現と鑑賞の能力を伸ばし，工芸の伝統と文化についての理解を深める。",74B8502000000000
芸術,1566,２　内　容,74B8503000000000
芸術,1567,"Ａ　表　現
　表現に関して，次の事項を指導する。",74B8503100000000
芸術,1568,(1) 身近な生活と工芸,74B8503110000000
芸術,1569,ア　生活の中の工芸をとらえ，自己の体験や夢などから，創造的で心豊かな発想をすること。,74B8503111000000
芸術,1570,イ　用途と美しさの調和を求め，素材の特質，表現の多様性などを生かした制作の構想を練ること。,74B8503112000000
芸術,1571,ウ　意図に応じて材料，用具，手順，技法などを検討し，創造的に制作すること。,74B8503113000000
芸術,1572,(2) 社会と工芸,74B8503120000000
芸術,1573,ア　社会的な視点に立って，生活環境を観察，検討し，創造的で心豊かな発想をすること。,74B8503121000000
芸術,1574,イ　社会における有用性，機能と美しさとの調和を考え，制作の構想を練ること。,74B8503122000000
芸術,1575,ウ　意図に応じて材料，用具，手順，技法などを検討し，創造的に制作すること。,74B8503123000000
芸術,1576,"Ｂ　鑑　賞
　鑑賞に関して，次の事項を指導する。",74B8503200000000
芸術,1577,ア　作品や作者の個性などに関心をもち，発想や構想の独自性，表現の工夫などについて，多様な視点から分析し理解すること。,74B8503210000000
芸術,1578,イ　生活環境の改善や心豊かな生き方にかかわる工芸の働きについて理解を深めること。,74B8503220000000
芸術,1579,ウ　時代，民族，風土などによる表現の相違や共通性などを考察し，工芸の伝統と文化についての理解を一層深めること。,74B8503230000000
芸術,1580,３　内容の取扱い,74B8505000000000
芸術,1581,(1) 生徒の特性，地域や学校の実態を考慮し，内容のＡの(1)又は(2)のうち一つ以上を選択して扱うことができる。,74B8505100000000
芸術,1582,(2) 内容の取扱いに当たっては，「工芸Ⅰ」の３と同様に取り扱うものとする。,74B8505200000000
芸術,1583,第９　工芸Ⅲ,74B9500000000000
芸術,1584,"１　目　標
　工芸の創造的な諸活動を通して，美的体験を豊かにし，生涯にわたり工芸を愛好する心情と工芸の伝統と文化を尊重する態度を育てるとともに，感性と美意識を磨き，個性豊かな工芸の能力を高める。",74B9502000000000
芸術,1585,２　内　容,74B9503000000000
芸術,1586,"Ａ　表　現
　表現に関して，次の事項を指導する。",74B9503100000000
芸術,1587,(1) 身近な生活と工芸,74B9503110000000
芸術,1588,ア　自己を取り巻く生活を多様な視点に立って考え，独創的に発想し，美的で心豊かな制作の構想を練ること。,74B9503111000000
芸術,1589,イ　制作過程全体を見通して制作方法を工夫し，個性を生かして創造的な制作を追求すること。,74B9503112000000
芸術,1590,(2) 社会と工芸,74B9503120000000
芸術,1591,ア　社会的な視点に立って独創的に発想し，美的で心豊かな制作の構想を練ること。,74B9503121000000
芸術,1592,イ　制作過程全体を見通して制作方法を工夫し，個性を生かして創造的な制作を追求すること。,74B9503122000000
芸術,1593,"Ｂ　鑑　賞
　鑑賞に関して，次の事項を指導する。",74B9503200000000
芸術,1594,ア　生活文化と工芸とのかかわり，作品が生まれた背景などを考察し，自己の価値観や美意識を働かせて作品を読み取り味わうこと。,74B9503210000000
芸術,1595,イ　国際理解に果たす工芸の役割について理解すること。,74B9503220000000
芸術,1596,ウ　文化遺産としての工芸の特色と文化遺産等を継承し保存することの意義を理解すること。,74B9503230000000
芸術,1597,３　内容の取扱い,74B9505000000000
芸術,1598,(1) 生徒の特性，地域や学校の実態を考慮し，内容のＡの(1)，(2)又はＢのうち一つ以上を選択して扱うことができる。,74B9505100000000
芸術,1599,(2) 内容の取扱いに当たっては，「工芸Ⅰ」の３の(2)から(6)までと同様に取り扱うものとする。,74B9505200000000
芸術,1600,第10　書道Ⅰ,74BA500000000000
芸術,1601,"１　目　標
　書道の幅広い活動を通して，生涯にわたり書を愛好する心情を育てるとともに，感性を高め，書写能力の向上を図り，表現と鑑賞の基礎的な能力を伸ばし，書の伝統と文化についての理解を深める。",74BA502000000000
芸術,1602,２　内　容,74BA503000000000
芸術,1603,"Ａ　表　現
　表現に関して，次の事項を指導する。",74BA503100000000
芸術,1604,(1) 漢字仮名交じりの書,74BA503110000000
芸術,1605,ア　用具・用材の特徴を理解し，適切に扱うこと。,74BA503111000000
芸術,1606,イ　漢字と仮名の調和した線質の表し方を習得すること。,74BA503112000000
芸術,1607,ウ　字形，文字の大きさと全体の構成を工夫すること。,74BA503113000000
芸術,1608,エ　名筆を生かした表現を理解し，工夫すること。,74BA503114000000
芸術,1609,オ　目的や用途に即した形式，意図に基づく表現を工夫すること。,74BA503115000000
芸術,1610,(2) 漢字の書,74BA503120000000
芸術,1611,ア　用具・用材の特徴を理解し，適切に扱うこと。,74BA503121000000
芸術,1612,イ　古典に基づく基本的な点画や線質の表し方を理解し，その用筆・運筆の技法を習得すること。,74BA503122000000
芸術,1613,ウ　字形の構成を理解し，全体の構成を工夫すること。,74BA503123000000
芸術,1614,エ　意図に基づく表現を構想し，工夫すること。,74BA503124000000
芸術,1615,(3)仮名の書,74BA503130000000
芸術,1616,ア　用具・用材の特徴を理解し，適切に扱うこと。,74BA503131000000
芸術,1617,イ　古典に基づく基本的な線質の表し方を理解し，その用筆・運筆の技法を習得すること。,74BA503132000000
芸術,1618,ウ　単体，連綿の技法を習得し，全体の構成を工夫すること。,74BA503133000000
芸術,1619,エ　意図に基づく表現を構想し，工夫すること。,74BA503134000000
芸術,1620,"Ｂ　鑑　賞
　鑑賞に関して，次の事項を指導する。",74BA503200000000
芸術,1621,ア　日常生活における書への関心を高め，その効用を理解すること。,74BA503210000000
芸術,1622,イ　見ることを楽しみ，書の美しさと表現効果を味わい，感じ取ること。,74BA503220000000
芸術,1623,ウ　日本及び中国等の文字と書の伝統と文化について理解すること。,74BA503230000000
芸術,1624,エ　漢字の書体の変遷，仮名の成立等を理解すること。,74BA503240000000
芸術,1625,３　内容の取扱い,74BA505000000000
芸術,1626,(1) 内容のＡ及びＢの指導に当たっては，相互の関連を図るものとする。,74BA505100000000
芸術,1627,(2) 内容のＡの指導に当たっては，(1)の漢字は楷《かい》書及び行書，仮名は平仮名及び片仮名，(2)は楷《かい》書及び行書，(3)は平仮名，片仮名及び変体仮名を扱うものとし，(2)については，生徒の特性等を考慮し，草書，隷書及び篆《てん》書を加えることもできる。,74BA505200000000
芸術,1628,(3) 内容のＡの指導に当たっては，中学校国語科の書写との関連を十分に考慮し，日常生活における目的や用途に応じて，硬筆も取り上げるものとする。,74BA505300000000
芸術,1629,(4) 内容のＡの指導に当たっては，篆《てん》刻，刻字等を扱うよう配慮するものとする。また，(2)及び(3)については，臨書及び創作を通して指導するものとする。,74BA505400000000
芸術,1630,(5) 内容のＢの指導に当たっては，作品について互いに批評し合う活動などを取り入れるようにする。,74BA505500000000
芸術,1631,(6) 書に関する知的財産権などについて配慮し，自己や他者の著作物等を尊重する態度の形成を図るようにする。,74BA505600000000
芸術,1632,第11　書道Ⅱ,74BB500000000000
芸術,1633,"１　目　標
　書道の創造的な諸活動を通して，生涯にわたり書を愛好する心情を育てるとともに，感性を高め，個性豊かな表現と鑑賞の能力を伸ばし，書の伝統と文化についての理解を深める。",74BB502000000000
芸術,1634,２　内　容,74BB503000000000
芸術,1635,"Ａ　表　現
　表現に関して，次の事項を指導する。",74BB503100000000
芸術,1636,(1) 漢字仮名交じりの書,74BB503110000000
芸術,1637,ア　意図に即した表現と用具・用材の関係を工夫すること。,74BB503111000000
芸術,1638,イ　名筆の鑑賞に基づき表現を工夫し，個性的に表現すること。,74BB503112000000
芸術,1639,ウ　表現形式に応じて，全体の構成を工夫すること。,74BB503113000000
芸術,1640,エ　感興や意図に応じた素材や表現を構想し，工夫すること。,74BB503114000000
芸術,1641,(2) 漢字の書,74BB503120000000
芸術,1642,ア　書体や書風に即した用筆・運筆を理解し，工夫すること。,74BB503121000000
芸術,1643,イ　古典に基づく表現を工夫し，個性的に表現すること。,74BB503122000000
芸術,1644,ウ　表現形式に応じて，全体の構成を工夫すること。,74BB503123000000
芸術,1645,エ　感興や意図に応じた素材や表現を構想し，工夫すること。,74BB503124000000
芸術,1646,(3) 仮名の書,74BB503130000000
芸術,1647,ア　書風に即した用筆・運筆を理解し，工夫すること。,74BB503131000000
芸術,1648,イ　古典に基づく表現を工夫し，個性的に表現すること。,74BB503132000000
芸術,1649,ウ　表現形式に応じて，全体の構成を工夫すること。,74BB503133000000
芸術,1650,エ　感興や意図に応じた素材や表現を構想し，工夫すること。,74BB503134000000
芸術,1651,"Ｂ　鑑　賞
鑑賞に関して，次の事項を指導する。",74BB503200000000
芸術,1652,ア　書の美の諸要素を把握し，その表現効果について理解し，感受を深めること。,74BB503210000000
芸術,1653,イ　書の美と時代，風土，筆者などとのかかわり，その表現方法や形式等について理解を深めること。,74BB503220000000
芸術,1654,ウ　日本及び中国等の書の歴史・文化と書の現代的意義について理解を深めること。,74BB503230000000
芸術,1655,３　内容の取扱い,74BB505000000000
芸術,1656,(1) 生徒の特性，地域や学校の実態を考慮し，内容のＡの(2)又は(3)のうち一つ以上を選択して扱うことができる。,74BB505100000000
芸術,1657,(2) 内容のＡの指導に当たっては，(1)の漢字は楷《かい》書，行書及び草書，仮名は平仮名及び片仮名，(2)は楷《かい》書，行書，草書，隷書及び篆《てん》書，(3)は平仮名，片仮名及び変体仮名を扱うものとする。,74BB505200000000
芸術,1658,(3) 内容のＡの指導に当たっては，篆《てん》刻を扱うものとし，生徒の特性等を考慮し，刻字等を加えることもできる。また，(2)及び(3)については，臨書及び創作を通して指導するものとする。,74BB505300000000
芸術,1659,(4) 内容の取扱いに当たっては，「書道Ⅰ」の３の(1)，(5)及び(6)と同様に取り扱うものとする。,74BB505400000000
芸術,1660,第12　書道Ⅲ,74BC500000000000
芸術,1661,"１　目　標
　書道の創造的な諸活動を通して，生涯にわたり書を愛好する心情と書の伝統と文化を尊重する態度を育てるとともに，感性を磨き，個性豊かな書の能力を高める。",74BC502000000000
芸術,1662,２　内　容,74BC503000000000
芸術,1663,"Ａ　表　現
　表現に関して，次の事項を指導する。",74BC503100000000
芸術,1664,(1) 漢字仮名交じりの書,74BC503110000000
芸術,1665,ア　書の伝統を理解し，現代社会に即した効果的な表現を工夫すること。,74BC503111000000
芸術,1666,イ　主体的な構想に基づく個性的，創造的な表現を追求すること。,74BC503112000000
芸術,1667,(2) 漢字の書,74BC503120000000
芸術,1668,ア　書の伝統を理解し，書体の特色を生かして表現すること。,74BC503121000000
芸術,1669,イ　主体的な構想に基づく個性的，創造的な表現を追求すること。,74BC503122000000
芸術,1670,(3) 仮名の書,74BC503130000000
芸術,1671,ア　書の伝統を理解し，古典の特色を生かして表現すること。,74BC503131000000
芸術,1672,イ　主体的な構想に基づく個性的，創造的な表現を追求すること。,74BC503132000000
芸術,1673,"Ｂ　鑑　賞
　鑑賞に関して，次の事項を指導する。",74BC503200000000
芸術,1674,ア　書の美の多様性を理解し，作品の様式美を鑑賞すること。,74BC503210000000
芸術,1675,イ　書論を講読し，書の理解と鑑賞の深化を図ること。,74BC503220000000
芸術,1676,ウ　日本及び中国等の書の伝統とその背景となる諸文化との関連について理解を深めること。,74BC503230000000
芸術,1677,３　内容の取扱い,74BC505000000000
芸術,1678,(1) 生徒の特性，地域や学校の実態を考慮し，内容のＡの(1)，(2)，(3)又はＢのうち一つ以上を選択して扱うことができる。,74BC505100000000
芸術,1679,(2) 内容のＡの(2)及び(3)については，目的に応じて臨書又は創作のいずれかを通して指導することができる。,74BC505200000000
芸術,1680,(3) 内容の取扱いに当たっては，「書道Ⅰ」の３の(5)及び(6)と同様に取り扱うものとする。,74BC505300000000
芸術,1681,第３款　各科目にわたる指導計画の作成と内容の取扱い,74B0300000000000
芸術,1682,１　指導計画の作成に当たっては，次の事項に配慮するものとする。,74B0300100000000
芸術,1683,(1) Ⅱを付した科目はそれぞれに対応するⅠを付した科目を履修した後に，Ⅲを付した科目はそれぞれに対応するⅡを付した科目を履修した後に履修させることを原則とすること。,74B0300110000000
芸術,1684,(2) 主体的な学習態度を育てるため，生徒の特性等を考慮し，適切な課題を設定して学習することができる機会を設けるよう留意すること。,74B0300120000000
芸術,1685,２　内容の取扱いに当たっては，次の事項に配慮するものとする。,74B0300200000000
芸術,1686,(1) 各科目の特質を踏まえ，学校の実態に応じて学校図書館を活用するとともに，コンピュータや情報通信ネットワークなどを指導に生かすこと。,74B0300210000000
芸術,1687,(2) 各科目の特質を踏まえ，地域や学校の実態に応じて，文化施設，社会教育施設，地域の文化財等の活用を図ったり，地域の人材の協力を求めたりすること。,74B0300220000000
外国語,1688,第８節　外　国　語,74H0000000000000
外国語,1689,"第１款　目　標
　外国語を通じて，言語や文化に対する理解を深め，積極的にコミュニケーションを図ろうとする態度の育成を図り，情報や考えなどを的確に理解したり適切に伝えたりするコミュニケーション能力を養う。",74H0100000000000
外国語,1690,第２款　各　科　目,74H0500000000000
外国語,1691,第１　コミュニケーション英語基礎,74H1500000000000
外国語,1692,"１　目　標
　英語を通じて，積極的にコミュニケーションを図ろうとする態度を育成するとともに，聞くこと，話すこと，読むこと，書くことなどの基礎的な能力を養う。",74H1502000000000
外国語,1693,２　内　容,74H1503000000000
外国語,1694,(1) １の目標に基づき，中学校学習指導要領第２章第９節の第２の２の(1)に示す言語活動を参照しつつ，適切な言語活動を英語で行う。,74H1503100000000
外国語,1695,(2) (1)に示す言語活動を効果的に行うために，それぞれの生徒の中学校における学習内容の定着の程度等を踏まえた上で，中学校学習指導要領第２章第９節の第２の２の(2)のアに示す事項を参照しつつ，適切に指導するよう配慮するものとする。,74H1503200000000
外国語,1696,"３　内容の取扱い
　中学校における学習との接続と「コミュニケーション英語Ⅰ」における学習への円滑な移行のため，主に身近な場面における言語活動を経験させながら，中学校における基礎的な学習内容を整理して指導し定着を図るものとする。",74H1505000000000
外国語,1697,第２　コミュニケーション英語Ⅰ,74H2500000000000
外国語,1698,"１　目　標
　英語を通じて，積極的にコミュニケーションを図ろうとする態度を育成するとともに，情報や考えなどを的確に理解したり適切に伝えたりする基礎的な能力を養う。",74H2502000000000
外国語,1699,２　内　容,74H2503000000000
外国語,1700,(1) 生徒が情報や考えなどを理解したり伝えたりすることを実践するように具体的な言語の使用場面を設定して，次のような言語活動を英語で行う。,74H2503100000000
外国語,1701,ア　事物に関する紹介や対話などを聞いて，情報や考えなどを理解したり，概要や要点をとらえたりする。,74H2503110000000
外国語,1702,イ　説明や物語などを読んで，情報や考えなどを理解したり，概要や要点をとらえたりする。また，聞き手に伝わるように音読する。,74H2503120000000
外国語,1703,ウ　聞いたり読んだりしたこと，学んだことや経験したことに基づき，情報や考えなどについて，話し合ったり意見の交換をしたりする。,74H2503130000000
外国語,1704,エ　聞いたり読んだりしたこと，学んだことや経験したことに基づき，情報や考えなどについて，簡潔に書く。,74H2503140000000
外国語,1705,(2) (1)に示す言語活動を効果的に行うために，次のような事項について指導するよう配慮するものとする。,74H2503200000000
外国語,1706,ア　リズムやイントネーションなどの英語の音声的な特徴，話す速度，声の大きさなどに注意しながら聞いたり話したりすること。,74H2503210000000
外国語,1707,イ　内容の要点を示す語句や文，つながりを示す語句などに注意しながら読んだり書いたりすること。,74H2503220000000
外国語,1708,ウ　事実と意見などを区別して，理解したり伝えたりすること。,74H2503230000000
外国語,1709,３　内容の取扱い,74H2505000000000
外国語,1710,(1) 中学校におけるコミュニケーション能力の基礎を養うための総合的な指導を踏まえ，聞いたことや読んだことを踏まえた上で話したり書いたりする言語活動を適切に取り入れながら，四つの領域の言語活動を有機的に関連付けつつ総合的に指導するものとする。,74H2505100000000
外国語,1711,(2) 生徒の実態に応じて，多様な場面における言語活動を経験させながら，中学校や高等学校における学習内容を繰り返して指導し定着を図るよう配慮するものとする。,74H2505200000000
外国語,1712,第３　コミュニケーション英語Ⅱ,74H3500000000000
外国語,1713,"１　目　標
　英語を通じて，積極的にコミュニケーションを図ろうとする態度を育成するとともに，情報や考えなどを的確に理解したり適切に伝えたりする能力を伸ばす。",74H3502000000000
外国語,1714,２　内　容,74H3503000000000
外国語,1715,(1) 生徒が情報や考えなどを理解したり伝えたりすることを実践するように具体的な言語の使用場面を設定して，次のような言語活動を英語で行う。,74H3503100000000
外国語,1716,ア　事物に関する紹介や報告，対話や討論などを聞いて，情報や考えなどを理解したり，概要や要点をとらえたりする。,74H3503110000000
外国語,1717,イ　説明，評論，物語，随筆などについて，速読したり精読したりするなど目的に応じた読み方をする。また，聞き手に伝わるように音読や暗唱を行う。,74H3503120000000
外国語,1718,ウ　聞いたり読んだりしたこと，学んだことや経験したことに基づき，情報や考えなどについて，話し合うなどして結論をまとめる。,74H3503130000000
外国語,1719,エ　聞いたり読んだりしたこと，学んだことや経験したことに基づき，情報や考えなどについて，まとまりのある文章を書く。,74H3503140000000
外国語,1720,(2) (1)に示す言語活動を効果的に行うために，次のような事項について指導するよう配慮するものとする。,74H3503200000000
外国語,1721,ア　英語の音声的な特徴や内容の展開などに注意しながら聞いたり話したりすること。,74H3503210000000
外国語,1722,イ　論点や根拠などを明確にするとともに，文章の構成や図表との関連などを考えながら読んだり書いたりすること。,74H3503220000000
外国語,1723,ウ　未知の語の意味を推測したり背景となる知識を活用したりしながら聞いたり読んだりすること。,74H3503230000000
外国語,1724,エ　説明や描写の表現を工夫して相手に効果的に伝わるように話したり書いたりすること。,74H3503240000000
外国語,1725,"３　内容の取扱い
　「コミュニケーション英語Ⅰ」の３と同様に取り扱うものとする。",74H3505000000000
外国語,1726,第４　コミュニケーション英語Ⅲ,74H4500000000000
外国語,1727,"１　目　標
　英語を通じて，積極的にコミュニケーションを図ろうとする態度を育成するとともに，情報や考えなどを的確に理解したり適切に伝えたりする能力を更に伸ばし，社会生活において活用できるようにする。",74H4502000000000
外国語,1728,２　内　容,74H4503000000000
外国語,1729,(1) １の目標に基づき，「コミュニケーション英語Ⅱ」の２の(1)に示す言語活動を更に発展させて行う。,74H4503100000000
外国語,1730,(2) (1)に示す言語活動を行うに当たっては，「コミュニケーション英語Ⅱ」の２の(2)と同様に配慮するものとする。,74H4503200000000
外国語,1731,"３　内容の取扱い
　「コミュニケーション英語Ⅰ」の３と同様に取り扱うものとする。",74H4505000000000
外国語,1732,第５　英語表現Ⅰ,74H5500000000000
外国語,1733,"１　目　標
　英語を通じて，積極的にコミュニケーションを図ろうとする態度を育成するとともに，事実や意見などを多様な観点から考察し，論理の展開や表現の方法を工夫しながら伝える能力を養う。",74H5502000000000
外国語,1734,２　内　容,74H5503000000000
外国語,1735,(1) 生徒が情報や考えなどを理解したり伝えたりすることを実践するように具体的な言語の使用場面を設定して，次のような言語活動を英語で行う。,74H5503100000000
外国語,1736,ア　与えられた話題について，即興で話す。また，聞き手や目的に応じて簡潔に話す。,74H5503110000000
外国語,1737,イ　読み手や目的に応じて，簡潔に書く。,74H5503120000000
外国語,1738,ウ　聞いたり読んだりしたこと，学んだことや経験したことに基づき，情報や考えなどをまとめ，発表する。,74H5503130000000
外国語,1739,(2) (1)に示す言語活動を効果的に行うために，次のような事項について指導するよう配慮するものとする。,74H5503200000000
外国語,1740,ア　リズムやイントネーションなどの英語の音声的な特徴，話す速度，声の大きさなどに注意しながら話すこと。,74H5503210000000
外国語,1741,イ　内容の要点を示す語句や文，つながりを示す語句などに注意しながら書くこと。また，書いた内容を読み返すこと。,74H5503220000000
外国語,1742,ウ　発表の仕方や発表のために必要な表現などを学習し，実際に活用すること。,74H5503230000000
外国語,1743,エ　聞いたり読んだりした内容について，そこに示されている意見を他の意見と比較して共通点や相違点を整理したり，自分の考えをまとめたりすること。,74H5503240000000
外国語,1744,３　内容の取扱い,74H5505000000000
外国語,1745,(1) 中学校におけるコミュニケーション能力の基礎を養うための総合的な指導を踏まえ，話したり書いたりする言語活動を中心に，情報や考えなどを伝える能力の向上を図るよう指導するものとする。,74H5505100000000
外国語,1746,(2) 聞くこと及び読むこととも有機的に関連付けた活動を行うことにより，話すこと及び書くことの指導の効果を高めるよう工夫するものとする。,74H5505200000000
外国語,1747,(3) 生徒の実態に応じて，多様な場面における言語活動を経験させながら，中学校や高等学校における学習内容を繰り返して指導し定着を図るよう配慮するものとする。,74H5505300000000
外国語,1748,第６　英語表現Ⅱ,74H6500000000000
外国語,1749,"１　目　標
　英語を通じて，積極的にコミュニケーションを図ろうとする態度を育成するとともに，事実や意見などを多様な観点から考察し，論理の展開や表現の方法を工夫しながら伝える能力を伸ばす。",74H6502000000000
外国語,1750,２　内　容,74H6503000000000
外国語,1751,(1) 生徒が情報や考えなどを理解したり伝えたりすることを実践するように具体的な言語の使用場面を設定して，次のような言語活動を英語で行う。,74H6503100000000
外国語,1752,ア　与えられた条件に合わせて，即興で話す。また，伝えたい内容を整理して論理的に話す。,74H6503110000000
外国語,1753,イ　主題を決め，様々な種類の文章を書く。,74H6503120000000
外国語,1754,ウ　聞いたり読んだりしたこと，学んだことや経験したことに基づき，情報や考えなどをまとめ，発表する。また，発表されたものを聞いて，質問したり意見を述べたりする。,74H6503130000000
外国語,1755,エ　多様な考え方ができる話題について，立場を決めて意見をまとめ，相手を説得するために意見を述べ合う。,74H6503140000000
外国語,1756,(2) (1)に示す言語活動を効果的に行うために，次のような事項について指導するよう配慮するものとする。,74H6503200000000
外国語,1757,ア　英語の音声的な特徴や内容の展開などに注意しながら話すこと。,74H6503210000000
外国語,1758,イ　論点や根拠などを明確にするとともに，文章の構成や図表との関連，表現の工夫などを考えながら書くこと。また，書いた内容を読み返して推敲《すいこう》すること。,74H6503220000000
外国語,1759,ウ　発表の仕方や討論のルール，それらの活動に必要な表現などを学習し，実際に活用すること。,74H6503230000000
外国語,1760,エ　相手の立場や考えを尊重し，互いの発言を検討して自分の考えを広げるとともに，課題の解決に向けて考えを生かし合うこと。,74H6503240000000
外国語,1761,"３　内容の取扱い
　「英語表現Ⅰ」の３と同様に取り扱うものとする。",74H6505000000000
外国語,1762,第７　英語会話,74H7500000000000
外国語,1763,"１　目　標
　英語を通じて，積極的にコミュニケーションを図ろうとする態度を育成するとともに，身近な話題について会話する能力を養う。",74H7502000000000
外国語,1764,２　内　容,74H7503000000000
外国語,1765,(1) 生徒が情報や考えなどを理解したり伝えたりすることを実践するように具体的な言語の使用場面を設定して，次のような言語活動を英語で行う。,74H7503100000000
外国語,1766,ア　相手の話を聞いて理解するとともに，場面や目的に応じて適切に応答する。,74H7503110000000
外国語,1767,イ　関心のあることについて相手に質問したり，相手の質問に答えたりする。,74H7503120000000
外国語,1768,ウ　聞いたり読んだりしたこと，学んだことや経験したことに基づき，情報や考えなどを場面や目的に応じて適切に伝える。,74H7503130000000
外国語,1769,エ　海外での生活に必要な基本的な表現を使って，会話する。,74H7503140000000
外国語,1770,(2) (1)に示す言語活動を効果的に行うために，次のような事項について指導するよう配慮するものとする。,74H7503200000000
外国語,1771,ア　リズムやイントネーションなどの英語の音声的な特徴，話す速度，声の大きさなどに注意しながら聞いたり話したりすること。,74H7503210000000
外国語,1772,イ　繰り返しを求めたり，言い換えたりするときなどに必要となる表現を活用すること。,74H7503220000000
外国語,1773,ウ　ジェスチャーなどの非言語的なコミュニケーション手段の役割を理解し，場面や目的に応じて適切に用いること。,74H7503230000000
外国語,1774,３　内容の取扱い,74H7505000000000
外国語,1775,(1) 中学校におけるコミュニケーション能力の基礎を養うための総合的な指導を踏まえ，実際の会話に即した言語活動を多く取り入れながら，聞いたり話したりする能力の向上を図るよう指導するものとする。,74H7505100000000
外国語,1776,(2) 読むこと及び書くこととも有機的に関連付けた活動を行うことにより，聞くこと及び話すことの指導の効果を高めるよう工夫するものとする。,74H7505200000000
外国語,1777,(3) 生徒の実態に応じて，多様な場面における言語活動を経験させながら，中学校や高等学校における学習内容を繰り返して指導し定着を図るよう配慮するものとする。,74H7505300000000
外国語,1778,"第８　その他の外国語に関する科目
　その他の外国語に関する科目については，第１から第７まで及び第３款に示す英語に関する各科目の目標及び内容等に準じて行うものとする。",74H8500000000000
外国語,1779,第３款　英語に関する各科目に共通する内容等,74H0400000000000
外国語,1780,１　英語に関する各科目の２の(1)に示す言語活動を行うに当たっては，例えば，次に示すような言語の使用場面や言語の働きの中から，各科目の目標を達成するのにふさわしいものを適宜取り上げ，有機的に組み合わせて活用する。,74H0400100000000
外国語,1781,［言語の使用場面の例］,74H0400110000000
外国語,1782,ａ　特有の表現がよく使われる場面：,74H0400111000000
外国語,1783,・　買物　　　　　　　　,74H0400111100000
外国語,1784,・　旅行　　　　　　　　,74H0400111200000
外国語,1785,・　食事,74H0400111300000
外国語,1786,・　電話での応答　　　　,74H0400111400000
外国語,1787,・　手紙や電子メールのやりとり　,74H0400111500000
外国語,1788,など,74H0400111600000
外国語,1789,ｂ　生徒の身近な暮らしや社会での暮らしにかかわる場面：,74H0400112000000
外国語,1790,・　家庭での生活　　　　,74H0400112100000
外国語,1791,・　学校での学習や活動　,74H0400112200000
外国語,1792,・　地域での活動,74H0400112300000
外国語,1793,・　職場での活動　,74H0400112400000
外国語,1794,など,74H0400112500000
外国語,1795,ｃ　多様な手段を通じて情報などを得る場面：,74H0400113000000
外国語,1796,・　本，新聞，雑誌などを読むこと　　,74H0400113100000
外国語,1797,・テレビや映画などを観《み》ること,74H0400113200000
外国語,1798,・　情報通信ネットワークを活用し情報を得ること　,74H0400113300000
外国語,1799,など,74H0400113400000
外国語,1800,［言語の働きの例］,74H0400120000000
外国語,1801,ａ　コミュニケーションを円滑にする：,74H0400121000000
外国語,1802,・　相づちを打つ　　　　,74H0400121100000
外国語,1803,・　聞き直す　　　　　　,74H0400121200000
外国語,1804,・　繰り返す,74H0400121300000
外国語,1805,・　言い換える　　　　　,74H0400121400000
外国語,1806,・　話題を発展させる　　,74H0400121500000
外国語,1807,・　話題を変える,74H0400121600000
外国語,1808,など,74H0400121700000
外国語,1809,ｂ　気持ちを伝える：,74H0400122000000
外国語,1810,・　褒める　　　　　　　,74H0400122100000
外国語,1811,・　謝る　　　　　　　　,74H0400122200000
外国語,1812,・　感謝する,74H0400122300000
外国語,1813,・　望む　　　　　　　　,74H0400122400000
外国語,1814,・　驚く　　　　　　　　,74H0400122500000
外国語,1815,・　心配する,74H0400122600000
外国語,1816,など,74H0400122700000
外国語,1817,ｃ　情報を伝える：,74H0400123000000
外国語,1818,・　説明する　　　　　　,74H0400123100000
外国語,1819,・　報告する　　　　　　,74H0400123200000
外国語,1820,・　描写する,74H0400123300000
外国語,1821,・　理由を述べる　　　　,74H0400123400000
外国語,1822,・　要約する　　　　　　,74H0400123500000
外国語,1823,・　訂正する　,74H0400123600000
外国語,1824,など,74H0400123700000
外国語,1825,ｄ　考えや意図を伝える：,74H0400124000000
外国語,1826,・　申し出る　　　　　　,74H0400124100000
外国語,1827,・　賛成する　　　　　　,74H0400124200000
外国語,1828,・　反対する,74H0400124300000
外国語,1829,・　主張する　　　　　　,74H0400124400000
外国語,1830,・　推論する　　　　　　,74H0400124500000
外国語,1831,・　仮定する　,74H0400124600000
外国語,1832,など,74H0400124700000
外国語,1833,ｅ　相手の行動を促す：,74H0400125000000
外国語,1834,・　依頼する　　　　　　,74H0400125100000
外国語,1835,・　誘う　　　　　　　　,74H0400125200000
外国語,1836,・　許可する,74H0400125300000
外国語,1837,・　助言する　　　　　　,74H0400125400000
外国語,1838,・　命令する　　　　　　,74H0400125500000
外国語,1839,・　注意を引く　,74H0400125600000
外国語,1840,など,74H0400125700000
外国語,1841,２　英語に関する各科目の２の(1)に示す言語活動を行うに当たっては，中学校学習指導要領第２章第９節第２の２の(3)及び次に示す言語材料の中から，それぞれの科目の目標を達成するのにふさわしいものを適宜用いて行わせる。その際，「コミュニケーション英語Ⅰ」においては，言語活動と効果的に関連付けながら，ウに掲げるすべての事項を適切に取り扱うものとする。,74H0400200000000
外国語,1842,ア　語，連語及び慣用表現,74H0400210000000
外国語,1843,(ｱ)　語,74H0400211000000
外国語,1844,ａ　「コミュニケーション英語Ⅰ」にあっては，中学校で学習した語に400語程度の新語を加えた語,74H0400211100000
外国語,1845,ｂ　「コミュニケーション英語Ⅱ」にあっては，ａに示す語に700語程度の新語を加えた語,74H0400211200000
外国語,1846,ｃ　「コミュニケーション英語Ⅲ」にあっては，ｂに示す語に700語程度の新語を加えた語,74H0400211300000
外国語,1847,ｄ　「コミュニケーション英語基礎」，「英語表現Ⅰ」，「英語表現Ⅱ」及び「英語会話」にあっては，生徒の学習負担を踏まえた適切な語,74H0400211400000
外国語,1848,(ｲ)　連語及び慣用表現のうち，運用度の高いもの,74H0400212000000
外国語,1849,イ　文構造のうち，運用度の高いもの,74H0400220000000
外国語,1850,ウ　文法事項　,74H0400230000000
外国語,1851,(ｱ)　不定詞の用法,74H0400231000000
外国語,1852,(ｲ)　関係代名詞の用法,74H0400232000000
外国語,1853,(ｳ)　関係副詞の用法,74H0400233000000
外国語,1854,(ｴ)　助動詞の用法,74H0400234000000
外国語,1855,(ｵ)　代名詞のうち，itが名詞用法の句及び節を指すもの,74H0400235000000
外国語,1856,(ｶ)　動詞の時制など,74H0400236000000
外国語,1857,(ｷ)　仮定法,74H0400237000000
外国語,1858,(ｸ)　分詞構文,74H0400238000000
外国語,1859,３　２に示す言語材料を用いるに当たっては，次の事項に配慮するものとする。,74H0400300000000
外国語,1860,ア　現代の標準的な英語によること。ただし，様々な英語が国際的に広くコミュニケーションの手段として使われている実態にも配慮すること。,74H0400310000000
外国語,1861,イ　文法については，コミュニケーションを支えるものであることを踏まえ，言語活動と効果的に関連付けて指導すること。,74H0400320000000
外国語,1862,ウ　コミュニケーションを行うために必要となる語句や文構造，文法事項などの取扱いについては，用語や用法の区別などの指導が中心とならないよう配慮し，実際に活用できるよう指導すること。,74H0400330000000
外国語,1863,４　英語に関する各科目については，その特質にかんがみ，生徒が英語に触れる機会を充実するとともに，授業を実際のコミュニケーションの場面とするため，授業は英語で行うことを基本とする。その際，生徒の理解の程度に応じた英語を用いるよう十分配慮するものとする。,74H0400400000000
外国語,1864,第４款　各科目にわたる指導計画の作成と内容の取扱い,74H0300000000000
外国語,1865,１　指導計画の作成に当たっては，次の事項に配慮するものとする。,74H0300100000000
外国語,1866,(1) 「コミュニケーション英語Ⅱ」は「コミュニケーション英語Ⅰ」を履修した後に，「コミュニケーション英語Ⅲ」 は「コミュニケーション英語Ⅱ」を履修した後に，「英語表現Ⅱ」は「英語表現Ⅰ」を履修した後に履修させることを原則とすること。,74H0300110000000
外国語,1867,(2) 「コミュニケーション英語基礎」を履修させる場合，「コミュニケーション英語Ⅰ」は「コミュニケーション英語基礎」を履修した後に履修させることを原則とすること。,74H0300120000000
外国語,1868,２　内容の取扱いに当たっては，次の事項に配慮するものとする。,74H0300200000000
外国語,1869,(1) 教材については，外国語を通じてコミュニケーション能力を総合的に育成するため，各科目の目標に応じ，実際の言語の使用場面や言語の働きに十分配慮したものを取り上げるものとすること。その際，その外国語を日常使用している人々を中心とする世界の人々及び日本人の日常生活，風俗習慣，物語，地理，歴史，伝統文化や自然科学などに関するものの中から，生徒の発達の段階及び興味・関心に即して適切な題材を変化をもたせて取り上げるものとし，次の観点に留意する必要があること。,74H0300210000000
外国語,1870,ア　多様なものの見方や考え方を理解し，公正な判断力を養い豊かな心情を育てるのに役立つこと。,74H0300211000000
外国語,1871,イ　外国や我が国の生活や文化についての理解を深めるとともに，言語や文化に対する関心を高め，これらを尊重する態度を育てるのに役立つこと。,74H0300212000000
外国語,1872,ウ　広い視野から国際理解を深め，国際社会に生きる日本人としての自覚を高めるとともに，国際協調の精神を養うのに役立つこと。,74H0300213000000
外国語,1873,エ　人間，社会，自然などについての考えを深めるのに役立つこと。,74H0300214000000
外国語,1874,(2) 音声指導の補助として，発音表記を用いて指導することができること。,74H0300220000000
外国語,1875,(3) 辞書の活用の指導などを通じ，生涯にわたって，自ら外国語を学び，使おうとする積極的な態度を育てるようにすること。,74H0300230000000
外国語,1876,(4) 各科目の指導に当たっては，指導方法や指導体制を工夫し，ペア・ワーク，グループ・ワークなどを適宜取り入れたり，視聴覚教材やコンピュータ，情報通信ネットワークなどを適宜指導に生かしたりすること。また，ネイティブ・スピーカーなどの協力を得て行うティーム・ティーチングなどの授業を積極的に取り入れ，生徒のコミュニケーション能力を育成するとともに，国際理解を深めるようにすること。,74H0300240000000
家庭,1877,第９節　家　　　庭,74F0200000000000
家庭,1878,"第１款　目　標
　人間の生涯にわたる発達と生活の営みを総合的にとらえ，家族・家庭の意義，家族・家庭と社会とのかかわりについて理解させるとともに，生活に必要な知識と技術を習得させ，男女が協力して主体的に家庭や地域の生活を創造する能力と実践的な態度を育てる。",74F0100000000000
家庭,1879,第２款　各　科　目,74F0500000000000
家庭,1880,第１　家庭基礎,74F1500000000000
家庭,1881,"１　目　標
　人の一生と家族・家庭及び福祉，衣食住，消費生活などに関する基礎的・基本的な知識と技術を習得させ，家庭や地域の生活課題を主体的に解決するとともに，生活の充実向上を図る能力と実践的な態度を育てる。",74F1502000000000
家庭,1882,２　内　容,74F1503000000000
家庭,1883,"(1) 人の一生と家族・家庭及び福祉
　人の一生を生涯発達の視点でとらえ，各ライフステージの特徴と課題について理解させるとともに，家族や家庭生活の在り方，子どもと高齢者の生活と福祉について考えさせ，共に支え合って生活することの重要性について認識させる。",74F1503100000000
家庭,1884,"ア　青年期の自立と家族・家庭
　生涯発達の視点で青年期の課題を理解させ，男女が協力して，家族の一員としての役割を果たし家庭を築くことの重要性について考えさせるとともに，家庭や地域の生活を創造するために自己の意思決定に基づき，責任をもって行動することが重要であることを認識させる。",74F1503110000000
家庭,1885,"イ　子どもの発達と保育
　乳幼児の心身の発達と生活，親の役割と保育，子どもの育つ環境について理解させ，子どもを生み育てることの意義を考えさせるとともに，子どもの発達のために親や家族及び地域や社会の果たす役割について認識させる。",74F1503120000000
家庭,1886,"ウ　高齢期の生活
　高齢期の特徴と生活及び高齢社会の現状と課題について理解させ，高齢者の自立生活を支えるために家族や地域及び社会の果たす役割について認識させる。",74F1503130000000
家庭,1887,"エ　共生社会と福祉
　生涯を通して家族・家庭の生活を支える福祉や社会的支援について理解させ，家庭や地域及び社会の一員としての自覚をもって共に支え合って生活することの重要性について認識させる。",74F1503140000000
家庭,1888,"(2) 生活の自立及び消費と環境
　自立した生活を営むために必要な衣食住，消費生活や生活における経済の計画に関する基礎的・基本的な知識と技術を習得させ，環境に配慮したライフスタイルについて考えさせるとともに，主体的に生活を設計することができるようにする。",74F1503200000000
家庭,1889,"ア　食事と健康
　健康で安全な食生活を営むために必要な栄養，食品，調理及び食品衛生などの基礎的・基本的な知識と技術を習得させ，生涯を見通した食生活を営むことができるようにする。",74F1503210000000
家庭,1890,"イ　被服管理と着装
　被服管理に必要な被服材料，被服構成などの基礎的・基本的な知識と技術を習得させ，目的に応じて着装を工夫し，健康で快適な衣生活を営むことができるようにする。",74F1503220000000
家庭,1891,"ウ　住居と住環境
　住居の機能，住居と地域社会とのかかわりなどに必要な基礎的・基本的な知識と技術を習得させ，安全で環境に配慮した住生活を営むことができるようにする。",74F1503230000000
家庭,1892,"エ　消費生活と生涯を見通した経済の計画
　消費生活の現状と課題や消費者の権利と責任について理解させ，適切な意思決定に基づいて行動できるようにするとともに，生涯を見通した生活における経済の管理や計画について考えることができるようにする。",74F1503240000000
家庭,1893,"オ　ライフスタイルと環境
　生活と環境とのかかわりについて理解させ，持続可能な社会を目指してライフスタイルを工夫し，主体的に行動できるようにする。",74F1503250000000
家庭,1894,"カ　生涯の生活設計
　生涯を見通した自己の生活について考えさせるとともに，主体的に生活を設計できるようにする。",74F1503260000000
家庭,1895,"(3) ホームプロジェクトと学校家庭クラブ活動
　自己の家庭生活や地域の生活と関連付けて生活上の課題を設定し，解決方法を考え，計画を立てて実践することを通して生活を科学的に探究する方法や問題解決の能力を身に付けさせる。",74F1503300000000
家庭,1896,３　内容の取扱い,74F1505000000000
家庭,1897,(1) 内容の構成及びその取扱いに当たっては，次の事項に配慮するものとする。,74F1505100000000
家庭,1898,ア　内容の(1)のイ及びウについては，学校や地域の実態等に応じて，学校家庭クラブ活動等との関連を図り，乳幼児や高齢者との触れ合いや交流などの実践的な活動を取り入れるよう努めること。,74F1505110000000
家庭,1899,"イ　内容の(2)については，実験・実習を中心とした指導を行うよう留意すること。アについては，栄養，食品，調理及び食品衛生との関連を図って扱うようにすること。
　また，カについては，(1)及び(2)のアからオまでの内容との関連を図って，「家庭基礎」の学習のまとめとして扱うこと。",74F1505120000000
家庭,1900,ウ　内容の(3)については，ホームプロジェクトと学校家庭クラブ活動の意義と実施方法について理解させること。また，指導に当たっては，内容の(1)及び(2)の学習の発展として扱うこと。,74F1505130000000
家庭,1901,(2) 内容の範囲や程度については，次の事項に配慮するものとする。,74F1505200000000
家庭,1902,ア　内容の(1)のイについては，子どもの発達を支えるための親の役割や子育てを支援する環境に重点を置くこと。イからエについては，生涯にわたって家族・家庭の生活を支える福祉の基本的な理念に重点を置くこと。,74F1505210000000
家庭,1903,イ　内容の(2)のエについては，契約，消費者信用及びそれらをめぐる問題などを取り上げて具体的に扱うこと。オについては，環境負荷の少ない衣食住の生活の工夫に重点を置くこと。,74F1505220000000
家庭,1904,第２　家庭総合,74F2500000000000
家庭,1905,"１　目　標
　人の一生と家族・家庭，子どもや高齢者とのかかわりと福祉，消費生活，衣食住などに関する知識と技術を総合的に習得させ，家庭や地域の生活課題を主体的に解決するとともに，生活の充実向上を図る能力と実践的な態度を育てる。",74F2502000000000
家庭,1906,２　内　容,74F2503000000000
家庭,1907,"(1) 人の一生と家族・家庭
　人の一生を生涯発達の視点でとらえ，青年期の生き方を考えさせるとともに，家族・家庭の意義や家族・家庭と社会とのかかわりについて理解させ，男女が協力して家庭を築くことの重要性について認識させる。",74F2503100000000
家庭,1908,"ア　人の一生と青年期の自立
　生涯発達の視点で各ライフステージの特徴と課題について理解させ，青年期の課題である自立や男女の平等と協力などについて認識させるとともに，生涯を見通した青年期の生き方について考えさせる。",74F2503110000000
家庭,1909,"イ　家族・家庭と社会
　家庭の機能と家族関係，家族・家庭と法律，家庭生活と福祉などについて理解させ，家族・家庭の意義，家族・家庭と社会とのかかわりについて考えさせるとともに，家族の一員としての役割を果たし男女が協力して家庭を築き生活を営むことの重要性について認識させる。",74F2503120000000
家庭,1910,"(2) 子どもや高齢者とのかかわりと福祉
　子どもの発達と保育，高齢者の生活と福祉などについて理解させるとともに，様々な人々に対する理解を深め，生涯を通して共に支え合って生きることの重要性や家族及び地域や社会の果たす役割について認識させる。",74F2503200000000
家庭,1911,"ア　子どもの発達と保育・福祉
　子どもの発達と生活，子どもの福祉などについて理解させ，親の役割と保育の重要性や地域及び社会の果たす役割について認識させるとともに，子どもを生み育てることの意義や子どもとかかわることの重要性について考えさせる。",74F2503210000000
家庭,1912,"イ　高齢者の生活と福祉
　高齢者の心身の特徴や高齢社会の現状及び福祉などについて理解させ，高齢者の生活の課題や家族，地域及び社会の果たす役割について認識させるとともに，高齢者の自立生活を支えるための支援の方法や高齢者とかかわることの重要性について考えさせる。",74F2503220000000
家庭,1913,"ウ　共生社会における家庭や地域
　家庭と地域とのかかわりについて理解させ，高齢者や障害のある人々など様々な人々が共に支え合って生きることの重要性を認識し，家庭や地域及び社会の一員として主体的に行動することの意義について考えさせる。",74F2503230000000
家庭,1914,"(3) 生活における経済の計画と消費
　生活における経済の計画，消費者問題や消費者の権利と責任などについて理解させ，現代の消費生活の課題について認識させるとともに，消費者としての適切な意思決定に基づいて，責任をもって行動できるようにする。",74F2503300000000
家庭,1915,"ア　生活における経済の計画
　生活と社会とのかかわりについて理解させ，生涯を見通した生活における経済の管理や計画の重要性について認識させる。",74F2503310000000
家庭,1916,"イ　消費行動と意思決定
　消費行動における意思決定の過程とその重要性について理解させ，消費者として主体的に判断できるようにする。",74F2503320000000
家庭,1917,"ウ　消費者の権利と責任
　消費生活の現状と課題，消費者問題や消費者の自立と支援などについて理解させ，消費者としての権利と責任を自覚して行動できるようにする。",74F2503330000000
家庭,1918,"(4) 生活の科学と環境
　生涯を見通したライフステージごとの衣食住の生活を科学的に理解させ，先人の知恵や文化に関心をもたせるとともに，持続可能な社会を目指して資源や環境に配慮し，適切な意思決定に基づいた消費生活を主体的に営むことができるようにする。",74F2503400000000
家庭,1919,"ア　食生活の科学と文化
　栄養，食品，調理及び食品衛生などについて科学的に理解させ，食生活の文化に関心をもたせるとともに，必要な知識と技術を習得して安全と環境に配慮し，主体的に食生活を営むことができるようにする。",74F2503410000000
家庭,1920,"イ　衣生活の科学と文化
　着装，被服材料，被服の構成，被服製作，被服管理などについて科学的に理解させ，衣生活の文化に関心をもたせるとともに，必要な知識と技術を習得して安全と環境に配慮し，主体的に衣生活を営むことができるようにする。",74F2503420000000
家庭,1921,"ウ　住生活の科学と文化
　住居の機能，住空間の計画，住環境などについて科学的に理解させ，住生活の文化に関心をもたせるとともに，必要な知識と技術を習得して，安全と環境に配慮し，主体的に住生活を営むことができるようにする。",74F2503430000000
家庭,1922,"エ　持続可能な社会を目指したライフスタイルの確立
　安全で安心な生活と消費について考え，生活文化を伝承・創造し，資源や環境に配慮した生活が営めるようにライフスタイルを工夫し，主体的に行動できるようにする。",74F2503440000000
家庭,1923,"(5) 生涯の生活設計
　　生活設計の立案を通して，生涯を見通した自己の生活について主体的に考えることができるようにする。",74F2503500000000
家庭,1924,"ア　生活資源とその活用
　生活の営みに必要な金銭，生活時間などの生活資源についての理解を深め，有効に活用することの重要性について認識させる。",74F2503510000000
家庭,1925,"イ　ライフスタイルと生活設計
　自己のライフスタイルや将来の家庭生活と職業生活の在り方について考えさせるとともに，生活資源を活用して生活を設計できるようにする。",74F2503520000000
家庭,1926,"(6) ホームプロジェクトと学校家庭クラブ活動
　自己の家庭生活や地域の生活と関連付けて生活上の課題を設定し，解決方法を考え，計画を立てて実践することを通して生活を科学的に探究する方法や問題解決の能力を身に付けさせる。",74F2503600000000
家庭,1927,３　内容の取扱い,74F2505000000000
家庭,1928,(1) 内容の構成及びその取扱いに当たっては，次の事項に配慮するものとする。,74F2505100000000
家庭,1929,ア　内容の(2)のアについては，学校や地域の実態等に応じて，学校家庭クラブ活動等との関連を図り，幼稚園や保育所等の乳幼児，近隣の小学校の低学年の児童等との触れ合いや交流の機会をもつよう努めること。イについては，学校や地域の実態等に応じて，学校家庭クラブ活動等との関連を図り，福祉施設等の見学やボランティア活動への参加をはじめ，身近な高齢者との交流の機会をもつよう努めること。,74F2505110000000
家庭,1930,イ　内容の(4)については，実験・実習を中心とした指導を行うよう留意すること。,74F2505120000000
家庭,1931,ウ　内容の(5)については，(1)から(4)までの学習の中で段階的に扱ったり，「家庭総合」の学習のまとめとして扱ったりするなどの工夫をすること。,74F2505130000000
家庭,1932,エ　内容の(6)については，ホームプロジェクトと学校家庭クラブ活動の意義と実施方法について理解させること。また，指導に当たっては，内容の(1)から(5)までの学習の発展として扱うこと。,74F2505140000000
家庭,1933,(2) 内容の範囲や程度については，次の事項に配慮するものとする。,74F2505200000000
家庭,1934,ア　内容の(2)のアについては，小学校の低学年までの子どもを中心に扱い，子どもの発達を支える親の役割や子育てを支援する環境に重点を置くこと。また，子どもの福祉については，児童福祉の基本的な理念や地域及び社会の果たす役割に重点を置くこと。イについては，日常生活の介助の基礎として，食事，着脱衣，移動などについて体験的に学習させること。また，高齢者の福祉については，高齢者福祉の基本的な理念や地域及び社会の果たす役割に重点を置くこと。,74F2505210000000
家庭,1935,イ　内容の(3)のアについては，家庭の経済生活の諸課題について具体的に扱うようにすること。ウについては，契約，消費者信用及びそれらをめぐる問題などを取り上げて具体的に扱うこと。,74F2505220000000
家庭,1936,ウ　内容の(4)のイの被服製作については，衣服を中心として扱い，生徒の技術や興味・関心に応じて縫製技術が学習できる題材を選択させること。エについては，生活と環境とのかかわりについて具体的に理解させることに重点を置くこと。,74F2505230000000
家庭,1937,第３　生活デザイン,74F3500000000000
家庭,1938,"１　目　標
　人の一生と家族・家庭及び福祉，消費生活，衣食住などに関する知識と技術を体験的に習得させ，家庭や地域の生活課題を主体的に解決するとともに，生活の充実向上を図る能力と実践的な態度を育てる。",74F3502000000000
家庭,1939,２　内　容　,74F3503000000000
家庭,1940,"(1) 人の一生と家族・家庭及び福祉
　人の一生を生涯発達の視点でとらえ，各ライフステージの特徴と課題について理解させるとともに，家族や家庭生活の在り方，子どもと高齢者の生活と福祉について考えさせ，共に支え合って生活することの重要性について認識させる。",74F3503100000000
家庭,1941,"ア　青年期の自立と家族・家庭
　生涯発達の視点で青年期の課題を理解させ，男女が協力して，家族の一員としての役割を果たし家庭を築くことの重要性について考えさせるとともに，家庭や地域の生活を創造するために自己の意思決定に基づき，責任をもって行動することが重要であることを認識させる。",74F3503110000000
家庭,1942,"イ　子どもの発達と保育
　乳幼児の心身の発達と生活，親の役割と保育，子どもの育つ環境について理解させ，子どもを生み育てることの意義を考えさせるとともに，子どもの発達のために親や家族及び地域や社会の果たす役割について認識させる。",74F3503120000000
家庭,1943,"ウ　高齢期の生活
　高齢期の特徴と生活及び高齢社会の現状と課題について理解させ，高齢者の自立生活を支えるために家族や地域及び社会の果たす役割について認識させる。",74F3503130000000
家庭,1944,"エ　共生社会と福祉
　生涯を通して家族・家庭の生活を支える福祉や社会的支援について理解させ，家庭や地域及び社会の一員としての自覚をもって共に支え合って生活することの重要性について認識させる。",74F3503140000000
家庭,1945,"オ　子どもとの触れ合い
　子どもとの触れ合いを通して，子どもの生活と遊び，子どもの発達と環境とのかかわりなどについて理解させ，子どもと適切にかかわることができるようにする。",74F3503150000000
家庭,1946,"カ　高齢者とのコミュニケーション
　高齢者との交流や日常生活の介助などを体験的に学ぶことを通して，高齢者の自立的な生活を支援することの意味やコミュニケーションの重要性を理解することができるようにする。",74F3503160000000
家庭,1947,"(2) 消費や環境に配慮したライフスタイルの確立
　自立した生活を営むために必要な消費生活や生活における経済の計画に関する知識と技術を習得させ，環境に配慮したライフスタイルについて考えさせるとともに，主体的に生活を設計することができるようにする。",74F3503200000000
家庭,1948,"ア　消費生活と生涯を見通した経済の計画
　消費生活の現状と課題や消費者の権利と責任について理解させ，適切な意思決定に基づいて行動できるようにするとともに，生涯を見通した生活における経済の管理や計画について考えることができるようにする。",74F3503210000000
家庭,1949,"イ　ライフスタイルと環境
　生活と環境とのかかわりについて理解させ，持続可能な社会を目指したライフスタイルを工夫し，主体的に行動できるようにする。",74F3503220000000
家庭,1950,"ウ　生涯の生活設計
　生涯を見通した自己の生活について考えさせるとともに，主体的に生活を設計できるようにする。",74F3503230000000
家庭,1951,"(3) 食生活の設計と創造
　食事と健康とのかかわりや栄養，食品，調理，食べ物のおいしさなどの食生活に関する知識と技術を習得させ，食文化に関心をもたせるとともに，生涯を通して安全と環境に配慮した食生活を主体的に営むことができるようにする。",74F3503300000000
家庭,1952,"ア　家族の健康と食事
　食事の意義を理解させ，家族の健康と栄養や調理など食生活に関する知識と技術を習得させるとともに，生涯を通して健康に配慮した家族の食生活を管理できるようにする。",74F3503310000000
家庭,1953,"イ　おいしさの科学と調理
　食べ物のおいしさの要素や食品の栄養的特質と調理上の性質について科学的に理解させるとともに，栄養とおいしさを考えた食べ物や食事を作るために必要な知識と技術を習得させる。",74F3503320000000
家庭,1954,"ウ　食生活と環境
　食生活の安全と衛生について理解させ，食料の生産や流通と食生活とのかかわりや環境に配慮した食生活の在り方を考えさせるとともに，主体的に家族の食生活を営むことができるようにする。",74F3503330000000
家庭,1955,"エ　食生活のデザインと実践
　日常の食事や行事食における食の歴史や文化などについて理解させ，必要な知識と技術を習得させるとともに，食文化を継承し食生活を創造的に実践することができるようにする。",74F3503340000000
家庭,1956,"(4) 衣生活の設計と創造
　被服の着装，製作，管理などの衣生活に関する知識と技術を習得させ，衣文化に関心をもたせるとともに，生涯を通して快適で創造的な衣生活を主体的に営むことができるようにする。",74F3503400000000
家庭,1957,"ア　装いの科学と表現
　被服の機能を科学的に理解させ，目的に応じた被服の選択や自己を表現する着装を工夫できるようにする。",74F3503410000000
家庭,1958,"イ　被服の構成と製作
　被服の構成と人体の形や動作及び被服材料とのかかわりを理解させ，製作に必要な知識と技術を習得させるとともに，発想を生かした被服製作ができるようにする。",74F3503420000000
家庭,1959,"ウ　衣生活の管理と環境
　被服の管理方法や被服材料の性能，被服の構成などについて科学的に理解させ，健康や安全，資源・環境などに配慮した衣生活を主体的に営むことができるようにする。",74F3503430000000
家庭,1960,"エ　衣生活のデザインと実践
　衣生活にかかわる歴史や文化などについて理解させ，衣生活を営むために必要な知識と技術を習得させるとともに，衣文化を継承し衣生活を創造的に実践することができるようにする。",74F3503440000000
家庭,1961,"(5) 住生活の設計と創造
　健康で安全な住生活を営むための住居の機能，住居やインテリアの計画に関する知識と技術を習得させるとともに，生涯を見通して環境に配慮した住生活を主体的に営むことができるようにする。",74F3503500000000
家庭,1962,"ア　家族の生活と住居
　住居の機能と管理，家族の生活とライフステージに応じた住空間について理解させ，安全で健康的な住生活について考えることができるようにする。",74F3503510000000
家庭,1963,"イ　快適さの科学と住空間の設計
　快適な住居について科学的に理解させ，インテリア，園芸などに関する基礎的・基本的な知識と技術を習得させるとともに，快適で機能的な住生活を営むために必要な平面計画やインテリア計画ができるようにする。",74F3503520000000
家庭,1964,"ウ　住居と住環境
　住居とそれを取り巻く住環境について理解させ，資源・環境などに配慮した住生活を営むことができるようにする。",74F3503530000000
家庭,1965,"エ　住生活のデザインと実践
　住生活にかかわる歴史や文化などについて理解させ，住生活を営むために必要な知識と技術を習得させるとともに，住文化を継承し住生活を創造的に実践することができるようにする。",74F3503540000000
家庭,1966,"(6) ホームプロジェクトと学校家庭クラブ活動
　自己の家庭生活や地域の生活と関連付けて生活上の課題を設定し，解決方法を考え，計画を立てて実践することを通して生活を科学的に探究する方法や問題解決の能力を身に付けさせる。",74F3503600000000
家庭,1967,３　内容の取扱い,74F3505000000000
家庭,1968,(1) 内容の構成及びその取扱いに当たっては，次の事項に配慮するものとする。,74F3505100000000
家庭,1969,ア　内容の(1)のオ，カ，(3)のエ，(4)のエ，(5)のエについては，生徒の興味・関心等に応じて，適宜項目を選択して履修させること。,74F3505110000000
家庭,1970,イ　内容の(1)のイ及びウについては，学校や地域の実態等に応じて，学校家庭クラブ活動等との関連を図り，乳幼児や高齢者との触れ合いや交流などの実践的な活動を取り入れるよう努めること。,74F3505120000000
家庭,1971,ウ　内容の(2)のウについては，(1)及び(2)のア，イの内容との関連を図るとともに，(1)から(5)までの学習の中で段階的に扱ったり，「生活デザイン」の学習のまとめとして扱ったりするなどの工夫をすること。,74F3505130000000
家庭,1972,エ　内容の(3)，(4)，(5)については，実験・実習を中心とした指導を行うよう留意すること。,74F3505140000000
家庭,1973,オ　内容の(6)については，ホームプロジェクトと学校家庭クラブ活動の意義と実施方法について理解させること。また，指導に当たっては，内容の(1)から(5)までの学習の発展として扱うこと。,74F3505150000000
家庭,1974,(2) 内容の範囲や程度については，次の事項に配慮するものとする。,74F3505200000000
家庭,1975,ア　内容の(1)のイについては，子どもの発達を支えるための親の役割や子育てを支援する環境に重点を置くこと。イからエについては，生涯にわたって家族・家庭の生活を支える福祉の基本的な理念に重点を置くこと。,74F3505210000000
家庭,1976,イ　内容の(2)のアについては，契約，消費者信用及びそれらをめぐる問題などを取り上げて具体的に扱うこと。イについては，環境負荷の少ない生活の工夫に重点を置くこと。,74F3505220000000
家庭,1977,ウ　内容の(4)のイの被服製作については，衣服を中心として扱い，生徒の技術や興味・関心に応じて縫製技術が学習できる題材を選択させること。,74F3505230000000
家庭,1978,第３款　各科目にわたる指導計画の作成と内容の取扱い,74F0300000000000
家庭,1979,１　指導計画の作成に当たっては，次の事項に配慮するものとする。,74F0300100000000
家庭,1980,(1) 「家庭基礎」，「家庭総合」及び「生活デザイン」の各科目に配当する総授業時数のうち，原則として10分の５以上を実験・実習に配当すること。,74F0300110000000
家庭,1981,(2) 「家庭基礎」は，原則として，同一年次で履修させること。,74F0300120000000
家庭,1982,(3) 「家庭総合」及び「生活デザイン」を複数の年次にわたって分割して履修させる場合には，原則として連続する２か年において履修させること。,74F0300130000000
家庭,1983,(4) 中学校技術・家庭科，公民科，数学科，理科及び保健体育科などとの関連を図るとともに，教科の目標に即した調和のとれた指導が行われるよう留意すること。,74F0300140000000
家庭,1984,２　内容の取扱いに当たっては，次の事項に配慮するものとする。,74F0300200000000
家庭,1985,(1) 生徒が自分の生活に結び付けて学習できるよう，問題解決的な学習を充実すること。,74F0300210000000
家庭,1986,(2) 子どもや高齢者など様々な人々と触れ合い，他者とかかわる力を高める活動，衣食住などの生活における様々な事象を言葉や概念などを用いて考察する活動，判断が必要な場面を設けて理由や根拠を論述したり適切な解決方法を探究したりする活動などを充実すること。,74F0300220000000
家庭,1987,(3) 食に関する指導については，家庭科の特質を生かして，食育の充実を図ること。,74F0300230000000
家庭,1988,(4) 各科目の指導に当たっては，コンピュータや情報通信ネットワークなどの活用を図り，学習の効果を高めるようにすること。,74F0300240000000
家庭,1989,３　実験・実習を行うに当たっては，関連する法規等に従い，施設・設備の安全管理に配慮し，学習環境を整備するとともに，火気，用具，材料などの取扱いに注意して事故防止の指導を徹底し，安全と衛生に十分留意するものとする。,74F0300300000000
情報,1990,第10節　情　　　報,74I0000000000000
情報,1991,"第１款　目　標
　情報及び情報技術を活用するための知識と技能を習得させ，情報に関する科学的な見方や考え方を養うとともに，社会の中で情報及び情報技術が果たしている役割や影響を理解させ，社会の情報化の進展に主体的に対応できる能力と態度を育てる。",74I0100000000000
情報,1992,第２款　各　科　目,74I0500000000000
情報,1993,第１　社会と情報,74I1500000000000
情報,1994,"１　目　標
　情報の特徴と情報化が社会に及ぼす影響を理解させ，情報機器や情報通信ネットワークなどを適切に活用して情報を収集，処理，表現するとともに効果的にコミュニケーションを行う能力を養い，情報社会に積極的に参画する態度を育てる。",74I1502000000000
情報,1995,２　内　容,74I1503000000000
情報,1996,(1) 情報の活用と表現,74I1503100000000
情報,1997,"ア　情報とメディアの特徴
　情報機器や情報通信ネットワークなどを適切に活用するために，情報の特徴とメディアの意味を理解させる。",74I1503110000000
情報,1998,"イ　情報のディジタル化
　情報のディジタル化の基礎的な知識と技術及び情報機器の特徴と役割を理解させるとともに，ディジタル化された情報が統合的に扱えることを理解させる。",74I1503120000000
情報,1999,"ウ　情報の表現と伝達
　情報を分かりやすく表現し効率的に伝達するために，情報機器や素材を適切に選択し利用する方法を習得させる。",74I1503130000000
情報,2000,(2) 情報通信ネットワークとコミュニケーション,74I1503200000000
情報,2001,"ア　コミュニケーション手段の発達
　コミュニケーション手段の発達をその変遷と関連付けて理解させるとともに，通信サービスの特徴をコミュニケーションの形態とのかかわりで理解させる。",74I1503210000000
情報,2002,"イ　情報通信ネットワークの仕組み
　情報通信ネットワークの仕組みと情報セキュリティを確保するための方法を理解させる。",74I1503220000000
情報,2003,"ウ　情報通信ネットワークの活用とコミュニケーション
　情報通信ネットワークの特性を踏まえ，効果的なコミュニケーションの方法を習得させるとともに，情報の受信及び発信時に配慮すべき事項を理解させる。",74I1503230000000
情報,2004,(3) 情報社会の課題と情報モラル,74I1503300000000
情報,2005,"ア　情報化が社会に及ぼす影響と課題
　情報化が社会に及ぼす影響を理解させるとともに，望ましい情報社会の在り方と情報技術を適切に活用することの必要性を理解させる。",74I1503310000000
情報,2006,"イ　情報セキュリティの確保
　個人認証と暗号化などの技術的対策や情報セキュリティポリシーの策定など，情報セキュリティを高めるための様々な方法を理解させる。",74I1503320000000
情報,2007,"ウ　情報社会における法と個人の責任
　多くの情報が公開され流通している現状を認識させるとともに，情報を保護することの必要性とそのための法規及び個人の責任を理解させる。",74I1503330000000
情報,2008,(4) 望ましい情報社会の構築,74I1503400000000
情報,2009,"ア　社会における情報システム
　情報システムの種類や特徴を理解させるとともに，それらが社会生活に果たす役割と及ぼす影響を理解させる。",74I1503410000000
情報,2010,"イ　情報システムと人間
　人間にとって利用しやすい情報システムの在り方，情報通信ネットワークを活用して様々な意見を提案し集約するための方法について考えさせる。",74I1503420000000
情報,2011,"ウ　情報社会における問題の解決
　情報機器や情報通信ネットワークなどを適切に活用して問題を解決する方法を習得させる。",74I1503430000000
情報,2012,３　内容の取扱い,74I1505000000000
情報,2013,(1) 内容の(1)については，情報の信頼性，信憑《ぴょう》性及び著作権などに配慮したコンテンツの作成を通して扱うこと。イについては，標本化や量子化を取り上げ，コンピュータの内部では情報がディジタル化されていることについて扱うこと。ウについては，実習を中心に扱い，生徒同士で相互評価させる活動を取り入れること。,74I1505100000000
情報,2014,(2) 内容の(2)のイについては，電子メールやウェブサイトなどを取り上げ，これらの信頼性，利便性についても扱うこと。ウについては，実習を中心に扱い，情報の信憑《ぴょう》性や著作権などへの配慮について自己評価させる活動を取り入れること。,74I1505200000000
情報,2015,(3) 内容の(3)のアについては，望ましい情報社会の在り方と情報技術の適切な活用について生徒が主体的に考え，討議し，発表し合うなどの活動を取り入れること。イについては，情報セキュリティを確保するためには技術的対策と組織的対応とを適切に組み合わせることの重要性についても扱うこと。ウについては，知的財産や個人情報の保護などについて扱い，情報の収集や発信などの取扱いに当たっては個人の適切な判断が重要であることについても扱うこと。,74I1505300000000
情報,2016,(4) 内容の(4)については，望ましい情報社会を構築する上での人間の役割について生徒が主体的に考え，討議し，発表し合うなどの活動を取り入れること。イについては，生徒に情報システムの改善策などを提案させるなど，様々な意見を提案し集約する活動を取り入れること。,74I1505400000000
情報,2017,第２　情報の科学,74I2500000000000
情報,2018,"１　目　標
　情報社会を支える情報技術の役割や影響を理解させるとともに，情報と情報技術を問題の発見と解決に効果的に活用するための科学的な考え方を習得させ，情報社会の発展に主体的に寄与する能力と態度を育てる。",74I2502000000000
情報,2019,２　内　容,74I2503000000000
情報,2020,(1) コンピュータと情報通信ネットワーク,74I2503100000000
情報,2021,"ア　コンピュータと情報の処理
　コンピュータにおいて，情報が処理される仕組みや表現される方法を理解させる。",74I2503110000000
情報,2022,"イ　情報通信ネットワークの仕組み
　情報通信ネットワークの構成要素，プロトコルの役割，情報通信の仕組み及び情報セキュリティを確保するための方法を理解させる。",74I2503120000000
情報,2023,"ウ　情報システムの働きと提供するサービス
　情報システムとサービスについて，情報の流れや処理の仕組みと関連付けながら理解させ，それらの利用の在り方や社会生活に果たす役割と及ぼす影響を考えさせる。",74I2503130000000
情報,2024,(2) 問題解決とコンピュータの活用,74I2503200000000
情報,2025,"ア　問題解決の基本的な考え方
　問題の発見，明確化，分析及び解決の方法を習得させ，問題解決の目的や状況に応じてこれらの方法を適切に選択することの重要性を考えさせる。",74I2503210000000
情報,2026,"イ　問題の解決と処理手順の自動化
　問題の解法をアルゴリズムを用いて表現する方法を習得させ，コンピュータによる処理手順の自動実行の有用性を理解させる。",74I2503220000000
情報,2027,"ウ　モデル化とシミュレーション
　モデル化とシミュレーションの考え方や方法を理解させ，実際の問題解決に活用できるようにする。",74I2503230000000
情報,2028,(3) 情報の管理と問題解決,74I2503300000000
情報,2029,"ア　情報通信ネットワークと問題解決
　問題解決における情報通信ネットワークの活用方法を習得させ，情報を共有することの有用性を理解させる。",74I2503310000000
情報,2030,"イ　情報の蓄積・管理とデータベース
情報を蓄積し管理・検索するためのデータベースの概念を理解させ，問題解決にデータベースを活用できるようにする。",74I2503320000000
情報,2031,"ウ　問題解決の評価と改善
　問題解決の過程と結果について評価し，改善することの意義や重要性を理解させる。",74I2503330000000
情報,2032,(4) 情報技術の進展と情報モラル,74I2503400000000
情報,2033,"ア　社会の情報化と人間
　社会の情報化が人間に果たす役割と及ぼす影響について理解させ，情報社会を構築する上での人間の役割を考えさせる。",74I2503410000000
情報,2034,"イ　情報社会の安全と情報技術
　情報社会の安全とそれを支える情報技術の活用を理解させ，情報社会の安全性を高めるために個人が果たす役割と責任を考えさせる。",74I2503420000000
情報,2035,"ウ　情報社会の発展と情報技術
　情報技術の進展が社会に果たす役割と及ぼす影響を理解させ，情報技術を社会の発展に役立てようとする態度を育成する。",74I2503430000000
情報,2036,３　内容の取扱い,74I2505000000000
情報,2037,(1) 内容の(1)のアについては，標本化や量子化などについて扱うこと。イについては，情報のやり取りを図を用いて説明するなどして，情報通信ネットワークやプロトコルの仕組みを理解させることを重視すること。ウについては，情報システムが提供するサービスが生活に与えている変化について扱うこと。,74I2505100000000
情報,2038,(2) 内容の(2)のアについては，生徒に複数の解決策を考えさせ，目的と状況に応じて解決策を選択させる活動を取り入れること。イ及びウについては，学校や生徒の実態に応じて，適切なアプリケーションソフトウェアやプログラム言語を選択すること。,74I2505200000000
情報,2039,(3) 内容の(3)については，実際に処理又は創出した情報について生徒に評価させる活動を取り入れること。アについては，学校や生徒の実態に応じて，適切なアプリケーションソフトウェアや情報通信ネットワークを選択すること。イについては，簡単なデータベースを作成する活動を取り入れ，情報が喪失した際のリスクについて扱うこと。,74I2505300000000
情報,2040,(4) 内容の(4)については，生徒が主体的に考え，討議し，発表し合うなどの活動を取り入れること。アについては，情報機器や情報通信ネットワークの様々な機能を簡単に操作できるようにする工夫及び高齢者や障害者による利用を容易にする工夫などについても扱うこと。イについては，情報通信ネットワークなどを使用した犯罪などについて取り上げ，情報セキュリティなどに関する情報技術の適切な活用方法についても扱うこと。ウについては，情報技術を適切に活用するための個人の責任や態度について取り上げ，情報技術を社会の発展に役立てようとする心構えを身に付けさせること。,74I2505400000000
情報,2041,第３款　各科目にわたる指導計画の作成と内容の取扱い,74I0300000000000
情報,2042,１　指導計画の作成に当たっては，次の事項に配慮するものとする。,74I0300100000000
情報,2043,(1) 中学校における情報教育の成果を踏まえ，情報科での学習が他の各教科・科目等の学習に役立つよう，他の各教科・科目等との連携を図ること。,74I0300110000000
情報,2044,(2) 各科目の目標及び内容等に即して，コンピュータや情報通信ネットワークなどを活用した実習を積極的に取り入れること。,74I0300120000000
情報,2045,(3) 各科目は，原則として，同一年次で履修させること。,74I0300130000000
情報,2046,(4) 情報機器を活用した学習を行うに当たっては，生徒の健康と望ましい習慣を身に付ける観点から，照明やコンピュータの使用時間などに留意すること。,74I0300140000000
情報,2047,(5) 公民科及び数学科などとの関連を図るとともに，教科の目標に即した調和のとれた指導が行われるよう留意すること。,74I0300150000000
情報,2048,２　内容の取扱いに当たっては，次の事項に配慮するものとする。,74I0300200000000
情報,2049,(1) 各科目の指導においては，内容の全体を通じて知的財産や個人情報の保護などの情報モラルの育成を図ること。,74I0300210000000
情報,2050,(2) 各科目の指導においては，内容の全体を通じて体験的な学習を重視し，実践的な能力と態度の育成を図ること。,74I0300220000000
情報,2051,(3) 授業で扱う具体例などについては，情報技術の進展に対応して適宜見直しを図ること。,74I0300230000000
各教科（専門）,2052,第３章　主として専門学科において開設される各教科,74o0000000000000
農業,2053,第１節　農　　　業,74P0000000000000
農業,2054,"第１款　目　標
　農業の各分野に関する基礎的・基本的な知識と技術を習得させ，農業の社会的な意義や役割について理解させるとともに，農業に関する諸課題を主体的，合理的に，かつ倫理観をもって解決し，持続的かつ安定的な農業と社会の発展を図る創造的な能力と実践的な態度を育てる。",74P0100000000000
農業,2055,第２款　各　科　目,74P0500000000000
農業,2056,第１　農業と環境,74P1500000000000
農業,2057,"１　目　標
　農業生物の育成と環境の保全についての体験的，探究的な学習を通して，農業及び環境に関する学習について興味・関心を高めるとともに，科学的思考力と課題解決能力を育成し，農業及び環境に関する基礎的な知識と技術を習得させ，農業の各分野で活用する能力と態度を育てる。",74P1502000000000
農業,2058,２　内　容,74P1503000000000
農業,2059,(1) 暮らしと農業,74P1503100000000
農業,2060,ア　食と農業,74P1503110000000
農業,2061,イ　生活と農業,74P1503120000000
農業,2062,ウ　環境と農業,74P1503130000000
農業,2063,エ　農業の動向と課題,74P1503140000000
農業,2064,(2) 農業生産の基礎,74P1503200000000
農業,2065,ア　農業生物の種類と特性,74P1503210000000
農業,2066,イ　農業生物の栽培・飼育,74P1503220000000
農業,2067,ウ　育成環境の要素,74P1503230000000
農業,2068,エ　農業生産物の利用,74P1503240000000
農業,2069,オ　農業生産の計画・管理・評価,74P1503250000000
農業,2070,(3) 環境の調査・保全・創造,74P1503300000000
農業,2071,ア　環境の調査,74P1503310000000
農業,2072,イ　環境の保全,74P1503320000000
農業,2073,ウ　環境の創造,74P1503330000000
農業,2074,(4) 農業学習と学校農業クラブ活動 ,74P1503400000000
農業,2075,ア　農業学習の特質 ,74P1503410000000
農業,2076,イ　プロジェクト学習,74P1503420000000
農業,2077,ウ　学校農業クラブ活動,74P1503430000000
農業,2078,３　内容の取扱い,74P1505000000000
農業,2079,(1) 内容の構成及びその取扱いに当たっては，次の事項に配慮するものとする。,74P1505100000000
農業,2080,ア　内容の(1)については，地域農業の見学や地域環境の観察及び統計資料を用いた具体的な学習を通して，農業の社会的な役割と環境・暮らしとのかかわりについて理解させ，農業の各分野に関する学習に関心をもたせること。,74P1505110000000
農業,2081,イ　内容の(2)については，農業生物の育成に関するプロジェクト学習を通して，農業生物の育成と栽培・飼育環境を関連付けて理解させるとともに，科学的な見方と実践力を育てること。なお，地域農業の実態や学科の特色に応じて，題材として適切な農業生物を選定すること。,74P1505120000000
農業,2082,ウ　内容の(3)については，地域環境などの調査や保全・創造に関する体験的な学習活動を通して，環境保全・創造の重要性などについて理解させるとともに，科学的な見方と実践力を育てること。,74P1505130000000
農業,2083,(2) 内容の範囲や程度については，次の事項に配慮するものとする。,74P1505200000000
農業,2084,ア　内容の(1)については，食料の生産と供給をはじめとした農業の多面的な役割，生態系における物質循環，地域環境や地球環境と人間生活との相互関係及び農業の動向と課題について基礎的な内容を扱うこと。,74P1505210000000
農業,2085,イ　内容の(2)については，農業生物の生理・生態的な特性，気象など育成環境の要素及びそれらの相互関係を扱うこと。また，農業生物の栽培や飼育から加工，利用までの基礎的な内容と農業生産の計画・管理・評価の方法の基礎的な内容を扱うこと。,74P1505220000000
農業,2086,ウ　内容の(3)については，地域環境などの調査の方法，森林による国土・環境の保全や都市緑地における景観創造の機能などについて基礎的な内容を扱うこと。,74P1505230000000
農業,2087,エ　内容の(4)については，農業生物の育成や環境の保全などの農業学習の特質，プロジェクト学習の進め方並びに学校農業クラブ活動の目標，内容，組織及び実践方法を扱うこと。,74P1505240000000
農業,2088,第２　課題研究 ,74P2500000000000
農業,2089,"１　目　標
　農業に関する課題を設定し，その課題の解決を図る学習を通して，専門的な知識と技術の深化，総合化を図るとともに，問題解決の能力や自発的，創造的な学習態度を育てる。",74P2502000000000
農業,2090,２　内　容,74P2503000000000
農業,2091,(1) 調査，研究，実験,74P2503100000000
農業,2092,(2) 作品製作,74P2503200000000
農業,2093,(3) 産業現場等における実習 ,74P2503300000000
農業,2094,(4) 職業資格の取得,74P2503400000000
農業,2095,(5) 学校農業クラブ活動,74P2503500000000
農業,2096,３　内容の取扱い,74P2505000000000
農業,2097,(1) 内容の構成及びその取扱いに当たっては，次の事項に配慮するものとする。,74P2505100000000
農業,2098,ア　生徒の興味・関心，進路希望等に応じて，内容の(1)から(5)までの中から，個人又はグループで適切な課題を設定させること。なお，課題は内容の(1)から(5)までの２項目以上にまたがる課題を設定することができること。 ,74P2505110000000
農業,2099,イ　課題研究の成果について発表する機会を設けるようにすること。,74P2505120000000
農業,2100,第３　総合実習 ,74P3500000000000
農業,2101,"１　目　標
　農業の各分野に関する体験的な学習を通して，総合的な知識と技術を習得させ，経営と管理についての理解を深めさせるとともに，企画力や管理能力などを身に付け，農業の各分野の改善を図る実践的な能力と態度を育てる。",74P3502000000000
農業,2102,２　内　容,74P3503000000000
農業,2103,(1) 農業の各分野に関する総合的な実習 ,74P3503100000000
農業,2104,ア　専門技術総合実習 ,74P3503110000000
農業,2105,イ　経営管理総合実習,74P3503120000000
農業,2106,(2) 農業の産業現場等における総合的な実習 ,74P3503200000000
農業,2107,ア　専門技術総合実習 ,74P3503210000000
農業,2108,イ　経営管理総合実習,74P3503220000000
農業,2109,(3) 学校農業クラブ活動,74P3503300000000
農業,2110,３　内容の取扱い,74P3505000000000
農業,2111,(1) 内容の構成及びその取扱いに当たっては，次の事項に配慮するものとする。,74P3505100000000
農業,2112,ア　内容の(1)については，農業の各分野の総合的な実習を通して，経営や管理における技術の役割と各技術の相互関係を体験的に理解させ，経営や管理の改善を図る実践的な能力と態度を育てること。,74P3505110000000
農業,2113,イ　内容の(2)については，産業現場等における総合的な実習を通して，技術の実践的な役割と経営や管理の実際を体験的に理解させ，経営や管理の改善を図る実践的な能力と態度を育てること。なお，(2)については，地域の実態や学科の特色に応じて，扱わないことができること。,74P3505120000000
農業,2114,ウ　内容の(3)については，農業の各分野の学習を基に，学校農業クラブ活動における自主的な研究活動を通して，技術及び経営と管理を体験的に理解させ，農業の各分野の改善を図る実践的な能力と態度を育てること。,74P3505130000000
農業,2115,(2) 内容の範囲や程度については，次の事項に配慮するものとする。 ,74P3505200000000
農業,2116,ア　内容の(1)については，農業の各分野の技術及び経営と管理について基礎的な内容を総合的に扱うこと。,74P3505210000000
農業,2117,第４　農業情報処理 ,74P4500000000000
農業,2118,"１　目　標
　社会における情報化の進展と情報の意義や役割を理解させ，情報に関する知識と技術を習得させるとともに，農業情報及び環境情報を主体的に活用する能力と態度を育てる。",74P4502000000000
農業,2119,２　内　容,74P4503000000000
農業,2120,(1) 産業社会と情報,74P4503100000000
農業,2121,ア　情報とその活用,74P4503110000000
農業,2122,イ　農林業における情報の役割,74P4503120000000
農業,2123,(2) 情報モラルとセキュリティ,74P4503200000000
農業,2124,ア　情報モラル,74P4503210000000
農業,2125,イ　情報のセキュリティ管理,74P4503220000000
農業,2126,(3) 情報技術,74P4503300000000
農業,2127,ア　ハードウェアとソフトウェア,74P4503310000000
農業,2128,イ　情報通信ネットワーク,74P4503320000000
農業,2129,ウ　情報システム,74P4503330000000
農業,2130,(4) 農業情報及び環境情報の活用,74P4503400000000
農業,2131,ア　生産・加工・流通・経営のシステム,74P4503410000000
農業,2132,イ　農業情報の活用,74P4503420000000
農業,2133,ウ　森林情報の活用,74P4503430000000
農業,2134,エ　環境情報の活用,74P4503440000000
農業,2135,(5) 農業学習と情報活用,74P4503500000000
農業,2136,３　内容の取扱い,74P4505000000000
農業,2137,(1) 内容の構成及びその取扱いに当たっては，次の事項に配慮するものとする。,74P4505100000000
農業,2138,ア　内容の(1)については，農業分野を中心に産業社会における情報の活用の具体的な事例を通して，情報の意義を理解させるとともに，農業の各分野における情報の役割について関心をもたせること。 ,74P4505110000000
農業,2139,イ　内容の(3)については，実習や産業現場の見学等を通して，情報，情報機器，情報通信ネットワーク，ソフトウェアなどを活用する能力を育てること。なお，生徒の実態や学科の特色に応じて，内容の一部に重点を置くなどの工夫を加えること。,74P4505120000000
農業,2140,ウ　内容の(4)については，実習及び産業現場での見学や体験等を通して，情報の流れや情報システムが活用されている実際の状況を理解し，実践的な情報活用ができるようにすること。,74P4505130000000
農業,2141,エ　内容の(5)については，農業の各科目の学習や学校農業クラブ活動のプロジェクト学習を進める各段階において，情報及び情報技術を効果的に活用できるようにすること。また，課題の発見・解決に必要な創造的思考力や科学的判断力，コミュニケーション能力などの育成に配慮するとともに，情報機器や情報通信ネットワーク等を活用して学習の成果を整理・発信する能力や態度を育てること。,74P4505140000000
農業,2142,(2) 内容の範囲や程度については，次の事項に配慮するものとする。,74P4505200000000
農業,2143,ア　内容の(1)のアについては，情報化の進展に伴う産業や生活の変化について扱うこと。イについては，農林業に関係する情報の収集，処理及び活用の基礎的な内容を扱うこと。,74P4505210000000
農業,2144,イ　内容の(2)については，個人のプライバシーや著作権など知的財産の保護，収集した情報の管理，発信する情報に対する責任などの情報モラル及び情報通信ネットワークシステムにおけるセキュリティ管理の重要性について扱うこと。,74P4505220000000
農業,2145,ウ　内容の(3)については，目的に応じた情報機器やソフトウェアの選択，アプリケーションソフトウェアの使用法，情報通信ネットワークを活用した情報の収集，処理及び発信並びに情報システムの活用について，一般的な内容と農業に関連する内容を扱うこと。情報システムによる問題解決の方法については，モデル化，シミュレーションなどの基礎的な内容を扱うこと。,74P4505230000000
農業,2146,エ　内容の(4)については，農業技術や経営に関する情報，地理空間情報及び農業に関する情報システムなどの活用について基礎的な内容を扱うこと。,74P4505240000000
農業,2147,オ　内容の(5)については，情報通信技術を活用したプロジェクト学習などを扱うこと。,74P4505250000000
農業,2148,第５　作　物 ,74P5500000000000
農業,2149,"１　目　標
　作物の生産と経営に必要な知識と技術を習得させ，作物の特性や生産に適した環境を理解させるとともに，品質と生産性の向上及び経営の改善を図る能力と態度を育てる。",74P5502000000000
農業,2150,２　内　容,74P5503000000000
農業,2151,(1) 作物生産の役割と動向,74P5503100000000
農業,2152,ア　作物生産と食料供給,74P5503110000000
農業,2153,イ　世界の食料需給の動向,74P5503120000000
農業,2154,(2) 作物の特性と栽培技術,74P5503200000000
農業,2155,ア　作物の種類と特徴,74P5503210000000
農業,2156,イ　作物の生育と生理,74P5503220000000
農業,2157,ウ　栽培環境と生育の調節,74P5503230000000
農業,2158,(3) 作物の生産,74P5503300000000
農業,2159,ア　作物の栽培的，経営的特性,74P5503310000000
農業,2160,イ　品種の特性と選び方,74P5503320000000
農業,2161,ウ　栽培計画,74P5503330000000
農業,2162,エ　育苗,74P5503340000000
農業,2163,オ　栽培管理,74P5503350000000
農業,2164,カ　商品化,74P5503360000000
農業,2165,キ　機械・施設の利用,74P5503370000000
農業,2166,ク　作物生産の評価,74P5503380000000
農業,2167,(4) 作物経営の改善,74P5503400000000
農業,2168,ア　作業体系の改善,74P5503410000000
農業,2169,イ　生産と流通の改善,74P5503420000000
農業,2170,(5) 作物生産の実践,74P5503500000000
農業,2171,３　内容の取扱い,74P5505000000000
農業,2172,(1) 内容の構成及びその取扱いに当たっては，次の事項に配慮するものとする。,74P5505100000000
農業,2173,ア　指導に当たっては，安全な作物の生産から消費までの食料供給の仕組みを理解させること。,74P5505110000000
農業,2174,イ　内容の(2)及び(3)については，観察や実験・実習を通して，作物の種類による特性と栽培環境の相互関係から作物の生育と環境の調節について理解させ，作物生産に関する科学的な見方と実践力を育てること。なお，地域農業の実態や学科の特色に応じて，題材として適切な作物を選定すること。,74P5505120000000
農業,2175,ウ　内容の(5)については，内容の(1)から(4)までと並行してあるいはそれらの内容を学習した後に取り扱うこと。,74P5505130000000
農業,2176,(2) 内容の範囲や程度については，次の事項に配慮するものとする。,74P5505200000000
農業,2177,ア　内容の(1)については，我が国と世界の作物生産，食料需給の動向及びそれらの相互関係について基礎的な内容を扱うこと。,74P5505210000000
農業,2178,イ　内容の(2)については，いろいろな作物の特徴，作物の生育過程，生理作用，栽培環境と生育の調節や環境に配慮した作物栽培の技術の仕組みを扱うこと。,74P5505220000000
農業,2179,ウ　内容の(3)については，品種の選定をはじめとする栽培計画，各生育段階の特性に応じた栽培管理，各生育段階の診断方法に基づく評価など作物の生産と経営について体系的に扱うこと。また，残留農薬のポジティブリスト制度の概要についても触れること。,74P5505230000000
農業,2180,エ　内容の(4)については，作業の順序，組合せとその管理，生産費と流通の手段や経費，農業生産工程管理など作物の生産と経営の改善について基礎的な内容を扱うこと。,74P5505240000000
農業,2181,オ　内容の(5)については，実際に選定した作物に関する一連の生産活動及び経営の改善に取り組む活動を行うこと。なお，経営の改善に取り組む活動として起業的な内容についても扱うことができること。,74P5505250000000
農業,2182,第６　野　菜,74P6500000000000
農業,2183,"１　目　標
　野菜の生産と経営に必要な知識と技術を習得させ，野菜の特性や生産に適した環境を理解させるとともに，品質と生産性の向上及び経営の改善を図る能力と態度を育てる。",74P6502000000000
農業,2184,２　内　容,74P6503000000000
農業,2185,(1) 野菜生産の役割と動向,74P6503100000000
農業,2186,ア　野菜の生産と利用,74P6503110000000
農業,2187,イ　野菜の需給の動向,74P6503120000000
農業,2188,(2) 野菜の特性と栽培技術,74P6503200000000
農業,2189,ア　野菜の種類と特徴,74P6503210000000
農業,2190,イ　野菜の生育と生理,74P6503220000000
農業,2191,ウ　栽培環境と生育の調節,74P6503230000000
農業,2192,エ　人工環境における栽培技術,74P6503240000000
農業,2193,(3) 野菜の生産,74P6503300000000
農業,2194,ア　野菜の栽培的，経営的特性,74P6503310000000
農業,2195,イ　品種の特性と選び方,74P6503320000000
農業,2196,ウ　作型と栽培計画,74P6503330000000
農業,2197,エ　育苗,74P6503340000000
農業,2198,オ　栽培管理,74P6503350000000
農業,2199,カ　商品化,74P6503360000000
農業,2200,キ　施設と土地の高度利用,74P6503370000000
農業,2201,ク　野菜生産の評価,74P6503380000000
農業,2202,(4) 野菜経営の改善,74P6503400000000
農業,2203,ア　作業体系の改善,74P6503410000000
農業,2204,イ　生産と流通の改善,74P6503420000000
農業,2205,(5) 野菜生産の実践,74P6503500000000
農業,2206,３　内容の取扱い,74P6505000000000
農業,2207,(1) 内容の構成及びその取扱いに当たっては，次の事項に配慮するものとする。,74P6505100000000
農業,2208,ア　指導に当たっては，安全な野菜の生産から消費までの仕組みを理解させること。,74P6505110000000
農業,2209,イ　内容の(2)及び(3)については，観察や実験・実習を通して，野菜の特性と栽培環境の相互関係から野菜の生育と環境の調節及び人工環境における栽培技術について理解させ，野菜生産に関する科学的な見方と実践力を育てること。なお，地域農業の実態や学科の特色に応じて，題材として適切な野菜を選定すること。,74P6505120000000
農業,2210,ウ　内容の(5)については，内容の(1)から(4)までと並行してあるいはそれらの内容を学習した後に取り扱うこと。,74P6505130000000
農業,2211,(2) 内容の範囲や程度については，次の事項に配慮するものとする。 ,74P6505200000000
農業,2212,ア　内容の(1)については，我が国を中心に，食生活の変化を踏まえた野菜生産の役割，野菜の多様な利用形態及び需給の動向について基礎的な内容を扱うこと。,74P6505210000000
農業,2213,イ　内容の(2)については，野菜の生育過程，生理作用，栽培環境と生育の調節や環境に配慮した野菜栽培の技術の仕組みを扱うこと。 ,74P6505220000000
農業,2214,ウ　内容の(3)については，野菜の作型の選定をはじめとする栽培計画，各生育段階の特性に応じた栽培管理，各生育段階の診断方法に基づく評価など野菜の生産と経営について体系的に扱うこと。また，残留農薬のポジティブリスト制度の概要についても触れること。,74P6505230000000
農業,2215,エ　内容の(4)については，作業の順序，組合せとその管理，加工と鮮度の保持，生産費と流通の手段や経費，農業生産工程管理など野菜の生産と経営の改善について基礎的な内容を扱うこと。,74P6505240000000
農業,2216,オ　内容の(5)については，実際に選定した野菜に関する一連の生産活動及び経営の改善に取り組む活動を行うこと。なお，経営の改善に取り組む活動として起業的な内容についても扱うことができること。,74P6505250000000
農業,2217,第７　果　樹 ,74P7500000000000
農業,2218,"１　目　標
　果樹生産と経営に必要な知識と技術を習得させ，果樹の特性や果実の生産に適した環境を理解させるとともに，品質と生産性の向上及び経営の改善を図る能力と態度を育てる。",74P7502000000000
農業,2219,２　内　容,74P7503000000000
農業,2220,(1) 果実生産の役割と動向 ,74P7503100000000
農業,2221,ア　果実の生産と利用　,74P7503110000000
農業,2222,イ　果実の需給の動向 ,74P7503120000000
農業,2223,(2) 果樹の特性と栽培技術,74P7503200000000
農業,2224,ア　果樹の種類と特徴,74P7503210000000
農業,2225,イ　果樹の生育と生理 ,74P7503220000000
農業,2226,ウ　栽培環境と生育の調節 ,74P7503230000000
農業,2227,(3) 果樹の栽培と果実の生産,74P7503300000000
農業,2228,ア　果樹の栽培的，経営的特性,74P7503310000000
農業,2229,イ　品種の特性と選び方,74P7503320000000
農業,2230,ウ　苗木の養成と開園・更新,74P7503330000000
農業,2231,エ　作型と栽培計画,74P7503340000000
農業,2232,オ　栽培管理,74P7503350000000
農業,2233,カ　商品化,74P7503360000000
農業,2234,キ　施設の利用と栽培技術,74P7503370000000
農業,2235,ク　果樹生産の評価,74P7503380000000
農業,2236,(4) 果樹経営の改善 ,74P7503400000000
農業,2237,ア　作業体系の改善 ,74P7503410000000
農業,2238,イ　生産と流通の改善,74P7503420000000
農業,2239,(5) 果樹生産の実践,74P7503500000000
農業,2240,３　内容の取扱い,74P7505000000000
農業,2241,(1) 内容の構成及びその取扱いに当たっては，次の事項に配慮するものとする。,74P7505100000000
農業,2242,ア　指導に当たっては，安全な果実の生産から消費までの仕組みを理解させること。 ,74P7505110000000
農業,2243,イ　内容の(2)及び(3)については，観察や実験・実習を通して，果樹の特性と栽培環境の相互関係から果樹の生育と環境の調節について理解させ，果樹生産に関する科学的な見方と実践力を育てること。なお，地域農業の実態や学科の特色に応じて，題材として適切な果樹を選定すること。,74P7505120000000
農業,2244,ウ　内容の(5)については，内容の(1)から(4)までと並行してあるいはそれらの内容を学習した後に取り扱うこと。,74P7505130000000
農業,2245,(2) 内容の範囲や程度については，次の事項に配慮するものとする。 ,74P7505200000000
農業,2246,ア　内容の(1)については，我が国を中心に，食生活の変化を踏まえた果実生産の役割，果実の多様な利用形態及び需給の動向について基礎的な内容を扱うこと。,74P7505210000000
農業,2247,イ　内容の(2)については，果樹の生育過程，生理作用，栽培環境と生育の調節や環境に配慮した果樹栽培の技術の仕組みを扱うこと。 ,74P7505220000000
農業,2248,ウ　内容の(3)については，果樹の作型の選定をはじめとする栽培計画，各生育段階の特性に応じた栽培管理，各生育段階の診断方法に基づく評価など果実の生産と果樹経営について体系的に扱うこと。また，残留農薬のポジティブリスト制度の概要についても触れること。,74P7505230000000
農業,2249,エ　内容の(4)については，品種の選定，作業の順序，組合せとその管理，生産費と流通の手段や経費，農業生産工程管理など果樹の生産と経営の改善について基礎的な内容を扱うこと。,74P7505240000000
農業,2250,オ　内容の(5)については，実際に選定した果樹に関する一連の生産活動及び経営の改善に取り組む活動を行うこと。なお，経営の改善に取り組む活動として起業的な内容についても扱うことができること。,74P7505250000000
農業,2251,第８　草　花 ,74P8500000000000
農業,2252,"１　目　標
　草花の生産と経営に必要な知識と技術を習得させ，草花の特性や生産に適した環境を理解させるとともに，品質と生産性の向上及び経営の改善を図る能力と態度を育てる。",74P8502000000000
農業,2253,２　内　容,74P8503000000000
農業,2254,(1) 草花生産の役割と動向,74P8503100000000
農業,2255,ア　草花生産の特性,74P8503110000000
農業,2256,イ　生活と草花の利用,74P8503120000000
農業,2257,ウ　草花の流通と需給の動向,74P8503130000000
農業,2258,(2) 草花の特性と栽培技術,74P8503200000000
農業,2259,ア　草花の種類と特徴,74P8503210000000
農業,2260,イ　草花の生育と生理,74P8503220000000
農業,2261,ウ　栽培環境と生育の調節,74P8503230000000
農業,2262,エ　品種改良,74P8503240000000
農業,2263,(3) 草花の生産,74P8503300000000
農業,2264,ア　草花の栽培的，経営的特性,74P8503310000000
農業,2265,イ　品種の特性と選び方,74P8503320000000
農業,2266,ウ　作型と栽培計画,74P8503330000000
農業,2267,エ　栽培管理,74P8503340000000
農業,2268,オ　商品化,74P8503350000000
農業,2269,カ　施設の利用,74P8503360000000
農業,2270,キ　草花生産の評価,74P8503370000000
農業,2271,(4) 草花経営の改善,74P8503400000000
農業,2272,ア　作業体系の改善,74P8503410000000
農業,2273,イ　生産と流通の改善,74P8503420000000
農業,2274,(5) 草花生産の実践,74P8503500000000
農業,2275,３　内容の取扱い,74P8505000000000
農業,2276,(1) 内容の構成及びその取扱いに当たっては，次の事項に配慮するものとする。,74P8505100000000
農業,2277,ア　指導に当たっては，安全な草花の生産から消費までの仕組みと多様な草花の利用の形態を理解させること。,74P8505110000000
農業,2278,イ　内容の(2)及び(3)については，観察や実験・実習を通して，草花の特性と栽培環境の相互関係から草花の生育と環境の調節について理解させ，草花生産に関する科学的な見方と実践力を育てること。なお，地域農業の実態，学科の特色や消費動向に応じて，題材として適切な草花を選定すること。,74P8505120000000
農業,2279,ウ　内容の(5)については，内容の(1)から(4)までと並行してあるいはそれらの内容を学習した後に取り扱うこと。,74P8505130000000
農業,2280,(2) 内容の範囲や程度については，次の事項に配慮するものとする。,74P8505200000000
農業,2281,ア　内容の(1)については，我が国を中心に，生活の変化に伴う草花の利用の変化を踏まえた草花生産及び需給の動向について基礎的な内容を扱うこと。,74P8505210000000
農業,2282,イ　内容の(2)については，草花の生育過程，生理作用，栽培環境と生育の調節や環境に配慮した草花栽培の技術の仕組みを扱うこと。,74P8505220000000
農業,2283,ウ　内容の(3)については，草花の品種の選定をはじめとする栽培計画，各生育段階の特性に応じた栽培管理，各生育段階の診断方法に基づく評価など草花の生産と経営について体系的に扱うこと。,74P8505230000000
農業,2284,エ　内容の(4)については，品種の選定，作業管理，施設利用，生産費と流通の手段や経費，農業生産工程管理など草花の生産と経営の改善について基礎的な内容を扱うこと。,74P8505240000000
農業,2285,オ　内容の(5)については，実際に選定した草花に関する一連の生産活動及び経営の改善に取り組む活動を行うこと。なお，経営の改善に取り組む活動として起業的な内容についても扱うことができること。,74P8505250000000
農業,2286,第９　畜　産 ,74P9500000000000
農業,2287,"１　目　標
　家畜の飼育と畜産経営に必要な知識と技術を習得させ，家畜の特性や飼育環境を理解させるとともに，合理的な家畜管理と品質や生産性の向上を図る能力と態度を育てる。",74P9502000000000
農業,2288,２　内　容,74P9503000000000
農業,2289,(1) 畜産の役割と動向,74P9503100000000
農業,2290,ア　畜産の役割と特色,74P9503110000000
農業,2291,イ　畜産物の需給の動向,74P9503120000000
農業,2292,(2) 家畜の生理・生態と飼育環境,74P9503200000000
農業,2293,ア　家畜の生理・生態,74P9503210000000
農業,2294,イ　飼育環境の調節,74P9503220000000
農業,2295,(3) 家畜と飼料,74P9503300000000
農業,2296,ア　家畜の栄養と栄養素,74P9503310000000
農業,2297,イ　消化吸収と栄養素の代謝,74P9503320000000
農業,2298,ウ　飼料の特性と給与,74P9503330000000
農業,2299,エ　飼料作物の栽培,74P9503340000000
農業,2300,オ　草地の管理,74P9503350000000
農業,2301,(4) 家畜の飼育,74P9503400000000
農業,2302,ア　家畜の選択,74P9503410000000
農業,2303,イ　飼育計画と管理,74P9503420000000
農業,2304,ウ　繁殖と改良,74P9503430000000
農業,2305,エ　施設の利用,74P9503440000000
農業,2306,オ　家畜の病気と衛生,74P9503450000000
農業,2307,カ　飼育の評価,74P9503460000000
農業,2308,(5) 家畜廃棄物の処理と利用,74P9503500000000
農業,2309,ア　家畜廃棄物の処理,74P9503510000000
農業,2310,イ　家畜廃棄物の価値とその利用,74P9503520000000
農業,2311,(6) 畜産経営の改善,74P9503600000000
農業,2312,ア　作業体系の改善,74P9503610000000
農業,2313,イ　生産と流通の改善,74P9503620000000
農業,2314,(7) 畜産の実践,74P9503700000000
農業,2315,３　内容の取扱い,74P9505000000000
農業,2316,(1) 内容の構成及びその取扱いに当たっては，次の事項に配慮するものとする。,74P9505100000000
農業,2317,ア　指導に当たっては，地域環境と安全に配慮した畜産物の生産から消費までの食料供給の仕組みを理解させること。 ,74P9505110000000
農業,2318,イ　内容の(2)から(4)までについては，観察や実習を通して，家畜の特性と飼育環境の相互関係から飼育環境の調節と制御について理解させ，家畜飼育に関する科学的な見方と実践力を育てること。なお，地域農業の実態や学科の特色に応じて，題材として適切な家畜を選定すること。 ,74P9505120000000
農業,2319,ウ　内容の(3)のエ及びオについては，地域農業の実態や飼料の需給の動向に応じて，題材として適切な飼料作物を選定すること。,74P9505130000000
農業,2320,エ　内容の(7)については，内容の(1)から(6)までと並行してあるいはそれらの内容を学習した後に取り扱うこと。,74P9505140000000
農業,2321,(2) 内容の範囲や程度については，次の事項に配慮するものとする。,74P9505200000000
農業,2322,ア　内容の(1)については，我が国を中心に，国際的な畜産物の生産，利用及び需給の動向について基礎的な内容を扱うこと。,74P9505210000000
農業,2323,イ　内容の(2)については，家畜の生理・生態と行動的な特性，環境要因が家畜に与える影響及び飼育環境の調節を扱うこと。,74P9505220000000
農業,2324,ウ　内容の(3)については，栄養素の家畜体内における代謝，粗飼料や濃厚飼料の給与，飼料の安全性などを扱うこと。,74P9505230000000
農業,2325,エ　内容の(4)については，品種の選定をはじめとする飼育計画や目標，飼料給与など飼育管理や繁殖管理の成績などの総合的な判断に基づく飼育評価など家畜の飼育と経営について体系的に扱うこと。ウについては，バイオテクノロジーを利用した改良の基礎的な内容を扱うこと。,74P9505240000000
農業,2326,オ　内容の(5)については，家畜廃棄物の適切な処理法や多様化する利用法について扱うこと。,74P9505250000000
農業,2327,カ　内容の(6)については，飼育形態，作業管理，生産費と流通の手段や経費など家畜生産の経営改善について基礎的な内容を扱うこと。また，安全な食品を供給するための食品トレーサビリティシステムなどについても扱うこと。,74P9505260000000
農業,2328,キ　内容の(7)については，実際に選定した家畜に関する一連の飼育及び経営の改善に取り組む活動を行うこと。なお，経営の改善に取り組む活動として起業的な内容についても扱うことができること。,74P9505270000000
農業,2329,第10　農業経営 ,74PA500000000000
農業,2330,"１　目　標
　農業経営の設計と管理に必要な知識と技術を習得させ，コスト管理とマーケティングの必要性を理解させるとともに，経営管理の改善を図る能力と態度を育てる。",74PA502000000000
農業,2331,２　内　容,74PA503000000000
農業,2332,(1) 農業の動向と農業経営 ,74PA503100000000
農業,2333,ア　我が国と世界の農業,74PA503110000000
農業,2334,イ　地域農業の動向,74PA503120000000
農業,2335,ウ　農業経営と社会経済環境,74PA503130000000
農業,2336,(2) 農業経営の管理,74PA503200000000
農業,2337,ア　農業経営の主体と目標,74PA503210000000
農業,2338,イ　農業生産の要素,74PA503220000000
農業,2339,ウ　経営組織の組立て,74PA503230000000
農業,2340,エ　経営と協同組織,74PA503240000000
農業,2341,オ　農業経営の管理,74PA503250000000
農業,2342,(3) 農業経営の情報,74PA503300000000
農業,2343,ア　農業経営情報の収集と活用,74PA503310000000
農業,2344,イ　農業経営とマーケティング,74PA503320000000
農業,2345,ウ　農業政策と関係法規,74PA503330000000
農業,2346,(4) 農業経営の会計,74PA503400000000
農業,2347,ア　取引・勘定・仕訳,74PA503410000000
農業,2348,イ　仕訳帳と元帳,74PA503420000000
農業,2349,ウ　試算表と決算,74PA503430000000
農業,2350,エ　農産物の原価計算,74PA503440000000
農業,2351,(5) 農業経営の診断と設計,74PA503500000000
農業,2352,ア　農業経営の診断,74PA503510000000
農業,2353,イ　農業経営の設計,74PA503520000000
農業,2354,(6) 農業経営の実践,74PA503600000000
農業,2355,３　内容の取扱い,74PA505000000000
農業,2356,(1) 内容の構成及びその取扱いに当たっては，次の事項に配慮するものとする。,74PA505100000000
農業,2357,ア　内容の(1)から(5)までについては，学校農場や地域の農業経営の身近な事例を通して，具体的に理解させること。,74PA505110000000
農業,2358,イ　内容の(3)については，演習や実習を通して，経営情報の活用技術を具体的に理解させること。,74PA505120000000
農業,2359,ウ　内容の(4)については，演習や実習を通して，簿記の記帳方法について理解させ，経営の改善を図る合理的な見方と実践力を育てること。,74PA505130000000
農業,2360,エ　内容の(6)については，生徒の実態や学科の特色に応じて選択して扱うことができること。その際，内容の(1)から(5)までと並行してあるいはそれらの内容を学習した後に取り扱うこと。,74PA505140000000
農業,2361,(2) 内容の範囲や程度については，次の事項に配慮するものとする。,74PA505200000000
農業,2362,ア　内容の(1)については，国際的な市場拡大の中での我が国と世界の農業の動向とその相互関係，農業経営のあらましと経営者として兼ね備えるべき要件について基礎的な内容を扱うこと。また，産地形成など地域農業の動向と農業経営及びその相互関係について基礎的な内容を扱うこと。,74PA505210000000
農業,2363,イ　内容の(2)については，農業経営の運営と管理の仕方について具体的な事例を扱うこと。,74PA505220000000
農業,2364,ウ　内容の(3)については，農業経営をめぐる社会環境の変化を踏まえ，農業マーケティング及び農業政策とそれに関連する法規の概要を扱うこと。,74PA505230000000
農業,2365,エ　内容の(4)については，農業会計の原理，農業簿記の仕組み，複式簿記による取引から決算までの処理方法及び原価計算の意義と方法を扱うこと。,74PA505240000000
農業,2366,オ　内容の(5)については，農業経営の診断の指標とマネジメントサイクルを含めた診断方法及び農業経営の設計に必要な条件と方法を扱うこと。,74PA505250000000
農業,2367,カ　内容の(6)については，生産や飼育に関する活動と連動した経営の改善に取り組む活動を行うこと。また，起業的な活動についても扱うことができること。,74PA505260000000
農業,2368,第11　農業機械,74PB500000000000
農業,2369,"１　目　標
　農業機械の取扱いと維持管理に必要な知識と技術を習得させ，機械の構造と作業上の特性を理解させるとともに，農業機械の効率的な利用を図る能力と態度を育てる。",74PB502000000000
農業,2370,２　内　容,74PB503000000000
農業,2371,(1) 農業機械の役割,74PB503100000000
農業,2372,ア　農業機械化の意義,74PB503110000000
農業,2373,イ　農業機械の利用とその現状,74PB503120000000
農業,2374,(2) 農業機械の操作,74PB503200000000
農業,2375,ア　トラクタとその操作,74PB503210000000
農業,2376,イ　作業機とその操作,74PB503220000000
農業,2377,ウ　農業機械と安全作業,74PB503230000000
農業,2378,(3) 農業機械の構造と整備,74PB503300000000
農業,2379,ア　原動機の原理・構造と整備,74PB503310000000
農業,2380,イ　トラクタの構造と整備,74PB503320000000
農業,2381,ウ　作業機の構造と整備,74PB503330000000
農業,2382,エ　燃料と潤滑油の特質,74PB503340000000
農業,2383,(4) 農業生産と農業機械の利用,74PB503400000000
農業,2384,ア　農業機械の効率的利用,74PB503410000000
農業,2385,イ　経営形態と機械の導入・利用,74PB503420000000
農業,2386,ウ　農業機械化体系の作成,74PB503430000000
農業,2387,(5) 農業機械による自動化,74PB503500000000
農業,2388,ア　環境制御機器,74PB503510000000
農業,2389,イ　作業工程の自動化,74PB503520000000
農業,2390,ウ　農業用ロボット,74PB503530000000
農業,2391,３　内容の取扱い,74PB505000000000
農業,2392,(1) 内容の構成及びその取扱いに当たっては，次の事項に配慮するものとする。,74PB505100000000
農業,2393,ア　内容の(2)及び(3)については，実験・実習を通して，機械の構造と作業特性の相互関係から機械の点検方法について理解させ，機械の維持管理を図る実践力を育てること。また，機械の原理や構造などの理解を深めさせるため，教育用機器を活用すること。,74PB505110000000
農業,2394,イ　内容の(2)から(4)までについては，地域農業の実態や学科の特色に応じて，題材として適切な農業機械を選定すること。また，機械及び燃料の安全な取扱いについて指導し，事故の防止に努めること。,74PB505120000000
農業,2395,ウ　内容の(5)については，地域農業の実態や学科の特色に応じて，題材として適切な農業機械や農業用ロボットを選定し，活用の意義について理解させること。,74PB505130000000
農業,2396,(2) 内容の範囲や程度については，次の事項に配慮するものとする。,74PB505200000000
農業,2397,ア　内容の(1)については，我が国における農業機械の利用の現状及び農業の生産性の向上と農業機械化との相互関係を扱うこと。,74PB505210000000
農業,2398,イ　内容の(3)については，原動機とトラクタの各種装置の作動原理と作業機の作業原理にかかわる基礎的な内容を扱うこと。,74PB505220000000
農業,2399,ウ　内容の(4)については，学校農場や地域農業の身近な事例を取り上げて，機械の作業能率や利用経費など農業機械の効率的な利用と経営形態や目的に応じた機械の導入・利用を考慮した農業機械化体系の作成を扱うこと。,74PB505230000000
農業,2400,エ　内容の(5)については，技術の進展に対応した題材を取り上げ，基礎的な内容を扱うこと。,74PB505240000000
農業,2401,第12　食品製造 ,74PC500000000000
農業,2402,"１　目　標
　食品製造に必要な知識と技術を習得させ，食品の特性と加工方法及び貯蔵の原理を理解させるとともに，品質と生産性の向上を図る能力と態度を育てる。",74PC502000000000
農業,2403,２　内　容,74PC503000000000
農業,2404,(1) 食品製造の意義と動向,74PC503100000000
農業,2405,ア　食品製造の意義,74PC503110000000
農業,2406,イ　食品産業の現状と動向,74PC503120000000
農業,2407,(2) 食品加工の原理と方法,74PC503200000000
農業,2408,ア　物理的な方法による加工,74PC503210000000
農業,2409,イ　化学的な方法による加工,74PC503220000000
農業,2410,ウ　生物的な作用による加工,74PC503230000000
農業,2411,(3) 食品の特性と加工,74PC503300000000
農業,2412,ア　原材料の処理,74PC503310000000
農業,2413,イ　穀類，大豆，イモ類の加工,74PC503320000000
農業,2414,ウ　野菜，果実の加工,74PC503330000000
農業,2415,エ　畜産物の加工,74PC503340000000
農業,2416,オ　発酵食品の製造,74PC503350000000
農業,2417,(4) 食品加工と衛生管理,74PC503400000000
農業,2418,ア　食品による危害と安全の確保,74PC503410000000
農業,2419,イ　食品製造における衛生,74PC503420000000
農業,2420,ウ　環境汚染の防止,74PC503430000000
農業,2421,(5) 食品の変質と貯蔵,74PC503500000000
農業,2422,ア　食品の変質の要因,74PC503510000000
農業,2423,イ　食品の貯蔵法,74PC503520000000
農業,2424,ウ　食品の包装と品質表示,74PC503530000000
農業,2425,(6) 機械と装置の利用,74PC503600000000
農業,2426,ア　製造用の機械と装置の利用,74PC503610000000
農業,2427,イ　ボイラと冷却装置の利用,74PC503620000000
農業,2428,(7) 生産管理の改善,74PC503700000000
農業,2429,ア　品質管理,74PC503710000000
農業,2430,イ　作業体系の改善,74PC503720000000
農業,2431,(8) 食品製造の実践,74PC503800000000
農業,2432,３　内容の取扱い,74PC505000000000
農業,2433,(1) 内容の構成及びその取扱いに当たっては，次の事項に配慮するものとする。,74PC505100000000
農業,2434,ア　指導に当たっては，農業生産，食品製造から食料消費までの安全な食料供給の仕組みを理解させること。,74PC505110000000
農業,2435,イ　内容の(2)及び(3)については，実験・実習を通して，食品の特性と加工原理を理解させ，食品加工の工夫を図る実践力を育てること。,74PC505120000000
農業,2436,ウ　実験・実習の指導に当たっては，食品や製造用機械・器具の安全な取扱いについて指導するとともに，食品衛生上の危害の発生の防止に努めること。,74PC505130000000
農業,2437,エ　内容の(3)のアからオまでについては，地域の実態や学科の特色に応じて，選択して扱うことができること。,74PC505140000000
農業,2438,オ　内容の(7)については，食品企業における従業員の教育や管理の手法について具体的な事例を取り上げ，安全な食品の提供と生産性を向上するための取組の重要性を理解させること。,74PC505150000000
農業,2439,カ　内容の(8)については，内容の(1)から(7)までと並行してあるいはそれらの内容を学習した後に取り扱うこと。,74PC505160000000
農業,2440,(2) 内容の範囲や程度については，次の事項に配慮するものとする。,74PC505200000000
農業,2441,ア　内容の(1)については，我が国の食生活における食品産業の役割及び食品製造に関する技術の進歩を中心に扱うこと。,74PC505210000000
農業,2442,イ　内容の(2)については，原材料の特性を利用した加熱，塩漬や発酵などの食品加工の方法とその基本的な原理を扱うこと。 ,74PC505220000000
農業,2443,ウ　内容の(3)については，主な食品の製造工程における操作及び検査を扱うこと。,74PC505230000000
農業,2444,エ　内容の(4)については，食品による危害の要因や食品の安全に関する法規の概要について扱うとともに，食品を衛生的に製造するための危害分析重要管理点手法や食品安全マネジメントシステムなどについて扱うこと。また，環境汚染を防止するために必要な排水や廃棄物の処理の方法などについても扱うこと。,74PC505240000000
農業,2445,オ　内容の(5)については，温度，酸素や微生物による食品の変質とそれに伴う価値の変化及びその防止のための代表的な貯蔵法を扱うこと。また，包装と表示及び製造用機械・器具の使用方法について扱うこと。,74PC505250000000
農業,2446,カ　内容の(6)については，内容の(3)及び(5)で扱う食品製造用の機械や装置の操作と整備を扱うこと。,74PC505260000000
農業,2447,キ　内容の(7)については，品質管理を図るための工程と生産環境の管理，衛生検査及び作業体系の基礎的な内容を扱うこと。,74PC505270000000
農業,2448,ク　内容の(8)については，実際に選定した食品の加工に関する活動や商品を開発する活動を食品企業の経営と関連付けて行うこと。,74PC505280000000
農業,2449,第13　食品化学,74PD500000000000
農業,2450,"１　目　標
　食品の成分分析と検査に必要な知識と技術を習得させ，食品の成分と栄養的価値を理解させるとともに，食品製造及び農業の各分野で応用する能力と態度を育てる。",74PD502000000000
農業,2451,２　内　容,74PD503000000000
農業,2452,(1) 食品化学の役割,74PD503100000000
農業,2453,ア　食品化学の領域,74PD503110000000
農業,2454,イ　食品化学と食品製造,74PD503120000000
農業,2455,(2) 食品の成分,74PD503200000000
農業,2456,ア　食品成分の分類と機能,74PD503210000000
農業,2457,イ　食品成分の変化,74PD503220000000
農業,2458,(3) 食品の栄養,74PD503300000000
農業,2459,ア　食品成分の代謝と栄養,74PD503310000000
農業,2460,イ　食品の栄養的価値の評価,74PD503320000000
農業,2461,(4) 食品の成分分析,74PD503400000000
農業,2462,ア　成分分析の基本操作,74PD503410000000
農業,2463,イ　食品成分の定量分析,74PD503420000000
農業,2464,ウ　食品成分の物理・化学分析,74PD503430000000
農業,2465,(5) 食品の衛生検査,74PD503500000000
農業,2466,ア　食品衛生検査の意義,74PD503510000000
農業,2467,イ　異物の検査,74PD503520000000
農業,2468,ウ　細菌の検査,74PD503530000000
農業,2469,エ　水質の検査,74PD503540000000
農業,2470,オ　食品添加物の検査,74PD503550000000
農業,2471,カ　農薬と食品,74PD503560000000
農業,2472,(6) 食品分析の実践,74PD503600000000
農業,2473,３　内容の取扱い,74PD505000000000
農業,2474,(1) 内容の構成及びその取扱いに当たっては，次の事項に配慮するものとする。,74PD505100000000
農業,2475,ア　内容の(2)から(5)までについては，地域の食生活の現状や学科の特色に応じて，題材として適切な食品と原材料を選定すること。 ,74PD505110000000
農業,2476,イ　内容の(4)及び(5)については，実験・実習を通して，成分分析や衛生検査の意義と原理について理解させ，食品製造に応用する実践力を育てること。,74PD505120000000
農業,2477,ウ　内容の(5)のカについては，残留農薬のポジティブリスト制度などにも触れ，食品の安全に応用する実践力を育てること。,74PD505130000000
農業,2478,エ　内容の(6)については，内容の(1)から(5)までと並行してあるいはそれらの内容を学習した後に取り扱うこと。,74PD505140000000
農業,2479,(2) 内容の範囲や程度については，次の事項に配慮するものとする。,74PD505200000000
農業,2480,ア　内容の(1)については，食品の成分分析や衛生検査が，食品製造や食生活の改善に果たしている役割を中心に扱うこと。,74PD505210000000
農業,2481,イ　内容の(2)については，食品中のタンパク質，ビタミンなどの性質，加工や貯蔵時における変化を中心に扱うこと。,74PD505220000000
農業,2482,ウ　内容の(2)から(5)までについては，化学式，構造式及び化学反応式を扱う場合は基礎的な内容を扱うこと。,74PD505230000000
農業,2483,エ　内容の(3)については，食品成分の体内での変化と働きを中心に扱い，機能性食品などについても触れること。,74PD505240000000
農業,2484,オ　内容の(4)については，食品成分の分析方法とその原理及び分析機器の操作を扱うこと。,74PD505250000000
農業,2485,カ　内容の(5)のアからオについては，食品の安全性確保のために必要な衛生検査の概要及び各種検査の原理と方法を扱うこと。カについては残留農薬の問題など具体的な事例を扱うこと。,74PD505260000000
農業,2486,キ　内容の(6)については，実際に選定した食品の成分分析や衛生検査を行うこと。,74PD505270000000
農業,2487,第14　微生物利用,74PE500000000000
農業,2488,"１　目　標
　食品に関連する微生物の利用と培養に必要な知識と技術を習得させ，微生物の特性を理解させるとともに，農業の各分野で微生物を利用する能力と態度を育てる。",74PE502000000000
農業,2489,２　内　容,74PE503000000000
農業,2490,(1) 微生物利用の意義と分野,74PE503100000000
農業,2491,ア　微生物利用の意義,74PE503110000000
農業,2492,イ　食品と微生物利用,74PE503120000000
農業,2493,(2) 微生物の種類と特徴,74PE503200000000
農業,2494,ア　微生物の種類と増殖,74PE503210000000
農業,2495,イ　微生物の生育環境,74PE503220000000
農業,2496,ウ　微生物の遺伝,74PE503230000000
農業,2497,(3) 微生物の代謝とその利用,74PE503300000000
農業,2498,ア　酵素の一般的性質,74PE503310000000
農業,2499,イ　酵素の分類と種類,74PE503320000000
農業,2500,ウ　酵素の利用,74PE503330000000
農業,2501,エ　微生物の代謝,74PE503340000000
農業,2502,オ　アルコール発酵,74PE503350000000
農業,2503,カ　有機酸発酵,74PE503360000000
農業,2504,キ　アミノ酸発酵,74PE503370000000
農業,2505,(4) 微生物の分離と培養,74PE503400000000
農業,2506,ア　微生物実験の基本操作,74PE503410000000
農業,2507,イ　細菌の分離と培養,74PE503420000000
農業,2508,ウ　酵母の分離と培養,74PE503430000000
農業,2509,エ　かびの分離と培養,74PE503440000000
農業,2510,オ　きのこの培養,74PE503450000000
農業,2511,(5) 微生物利用の発展,74PE503500000000
農業,2512,ア　新たな微生物利用,74PE503510000000
農業,2513,イ　微生物の改良,74PE503520000000
農業,2514,ウ　微生物によるエネルギー生産,74PE503530000000
農業,2515,エ　固定化生体触媒の利用,74PE503540000000
農業,2516,オ　微生物による環境保全,74PE503550000000
農業,2517,(6) 微生物利用の実践,74PE503600000000
農業,2518,３　内容の取扱い,74PE505000000000
農業,2519,(1) 内容の構成及びその取扱いに当たっては，次の事項に配慮するものとする。,74PE505100000000
農業,2520,ア　内容の(1)については，各種の事例を通して，微生物利用の意義を具体的に理解させること。,74PE505110000000
農業,2521,イ　内容の(2)については，観察・実験を通して，微生物の形態的特徴と生理的特性を具体的に理解させること。,74PE505120000000
農業,2522,ウ　内容の(2)から(5)までについては，微生物の特性を理解させ，微生物の活動を制御し，利用する実践力を育てること。また，地域の食品産業の実態や学科の特色に応じて，題材として適切な菌種を選定すること。なお，遺伝子組換えや有害微生物を扱う際には，適切な拡散防止の措置を講じるなど安全に十分留意して指導すること。,74PE505130000000
農業,2523,エ　内容の(3)のオからキまでについては，地域の実態や学科の特色に応じて，選択して扱うことができること。,74PE505140000000
農業,2524,オ　内容の(4)については，実験・実習を通して，微生物の特徴を理解させること。,74PE505150000000
農業,2525,カ　内容の(5)については，遺伝子操作に関する技術の進展やそれに伴う倫理的な問題についても触れること。,74PE505160000000
農業,2526,キ　内容の(6)については，内容の(1)から(5)までと並行してあるいはそれらの内容を学習した後に取り扱うこと。,74PE505170000000
農業,2527,(2) 内容の範囲や程度については，次の事項に配慮するものとする。,74PE505200000000
農業,2528,ア　内容の(1)については，微生物利用の状況，微生物の役割及び食品と微生物の関係について基礎的な内容を扱うこと。,74PE505210000000
農業,2529,イ　内容の(2)のウについては，微生物の遺伝の仕組み及び突然変異について基礎的な内容を扱うこと。,74PE505220000000
農業,2530,ウ　内容の(2)から(6)までについては，微生物の学名や英名及び化学式や構造式を扱う場合は基礎的な内容を扱うこと。,74PE505230000000
農業,2531,エ　内容の(4)については，微生物の純粋分離と純粋培養の基礎的な内容を扱うこと。,74PE505240000000
農業,2532,オ　内容の(5)については，遺伝子組換えの基礎的な内容を扱うこと。また，エネルギー生産については，再資源化や環境浄化とも関連付けて発酵機構と代謝産物及び生体触媒の固定化などの基礎的な内容を扱うこと。,74PE505250000000
農業,2533,カ　内容の(6)については，実際に選定した微生物の培養や発酵食品の製造，微生物を応用した技術に関する活動を行うこと。,74PE505260000000
農業,2534,第15　植物バイオテクノロジー ,74PF500000000000
農業,2535,"１　目　標
　植物に関するバイオテクノロジーの知識と技術を習得させ，植物体の特性とバイオテクノロジーの特質を理解させるとともに，農業の各分野で活用する能力と態度を育てる。",74PF502000000000
農業,2536,２　内　容,74PF503000000000
農業,2537,(1) バイオテクノロジーの意義と役割,74PF503100000000
農業,2538,ア　バイオテクノロジーの意義,74PF503110000000
農業,2539,イ　産業社会とバイオテクノロジー,74PF503120000000
農業,2540,(2) 植物バイオテクノロジーの特質と基本操作,74PF503200000000
農業,2541,ア　植物の構造と機能,74PF503210000000
農業,2542,イ　無菌操作の基本,74PF503220000000
農業,2543,(3) 植物の増殖能力の利用,74PF503300000000
農業,2544,ア　組織培養の目的と技術体系,74PF503310000000
農業,2545,イ　培地の組成と調整,74PF503320000000
農業,2546,ウ　培養植物体の生育と環境,74PF503330000000
農業,2547,エ　野菜や草花への活用,74PF503340000000
農業,2548,オ　果樹や作物などへの活用,74PF503350000000
農業,2549,カ　バイオテクノロジーの活用実態,74PF503360000000
農業,2550,(4) 植物の遺伝情報の利用,74PF503400000000
農業,2551,ア　遺伝子組換えの仕組み,74PF503410000000
農業,2552,イ　細胞融合の仕組み,74PF503420000000
農業,2553,(5) バイオマス・エネルギーの利用,74PF503500000000
農業,2554,ア　栽培植物の利用,74PF503510000000
農業,2555,イ　有機廃棄物の利用,74PF503520000000
農業,2556,(6) 植物バイオテクノロジーの展望,74PF503600000000
農業,2557,(7) 植物バイオテクノロジーの実践,74PF503700000000
農業,2558,３　内容の取扱い,74PF505000000000
農業,2559,(1) 内容の構成及びその取扱いに当たっては，次の事項に配慮するものとする。,74PF505100000000
農業,2560,ア　内容の(2)及び(3)については，観察や実験・実習を通して，植物の分化全能性とその利用について理解させ，組織培養技術を活用する実践力を育てること。,74PF505110000000
農業,2561,イ　内容の(2)から(4)までについては，地域農業の実態や学科の特色に応じて，題材として適切な植物を選定すること。また，遺伝子組換えを扱う際には，適切な拡散防止の措置を講じるなど安全に十分留意して指導し，雑菌による機器や施設などの汚染防止を図ること。,74PF505120000000
農業,2562,ウ　内容の(7)については，内容の(1)から(6)までと並行してあるいはそれらの内容を学習した後に取り扱うこと,74PF505130000000
農業,2563,(2) 内容の範囲や程度については，次の事項に配慮するものとする。,74PF505200000000
農業,2564,ア　内容の(1)については，植物の繁殖などの機能を利用するバイオテクノロジーの技術体系及び農業などの産業各分野における利用の概要を扱うこと。　,74PF505210000000
農業,2565,イ　内容の(2)については，茎頂など植物の組織・器官の構造と機能，植物ホルモンの作用及び無菌的条件の設定も扱うこと。,74PF505220000000
農業,2566,ウ　内容の(3)については，植物細胞の分化全能性，培地の調整，組織培養及び培養植物体の順化，育成を中心に扱うこと。カについては，地域の野菜や草花など身近な植物や絶滅危惧《ぐ》植物などの具体的な事項を扱うこと。,74PF505230000000
農業,2567,エ　内容の(4)については，遺伝子の構造及び植物のもつ遺伝情報の伝達機能について基礎的な内容を扱い，遺伝子組換えに関連する法規の概要についても扱うこと。,74PF505240000000
農業,2568,オ　内容の(5)については，バイオテクノロジーを活用して，セルロースなどの植物成分やもみがらなどの有機廃棄物を変換利用する技術を扱うこと。,74PF505250000000
農業,2569,カ　内容の(6)については，遺伝子組換え植物の利用などバイオテクノロジーに関する今後の動向，課題及び可能性について基礎的な内容を扱うこと。,74PF505260000000
農業,2570,キ　内容の(7)については，植物バイオテクノロジーの技術を活用した活動や絶滅危惧《ぐ》植物などを対象とした活動を行うこと。,74PF505270000000
農業,2571,第16　動物バイオテクノロジー ,74PG500000000000
農業,2572,"１　目　標
　動物バイオテクノロジーや実験動物の飼育・管理に関する知識と技術を習得させ，動物の生理特性とバイオテクノロジーの特質を理解させるとともに，農業の各分野で応用する能力と態度を育てる。",74PG502000000000
農業,2573,２　内　容,74PG503000000000
農業,2574,(1) バイオテクノロジーの意義と役割 ,74PG503100000000
農業,2575,ア　バイオテクノロジーの意義 ,74PG503110000000
農業,2576,イ　産業社会とバイオテクノロジー,74PG503120000000
農業,2577,ウ　動物実験の意義,74PG503130000000
農業,2578,(2) 実験動物,74PG503200000000
農業,2579,ア　動物の体の構造,74PG503210000000
農業,2580,イ　飼育と管理,74PG503220000000
農業,2581,ウ　動物実験の基本,74PG503230000000
農業,2582,(3) 動物バイオテクノロジーの基礎,74PG503300000000
農業,2583,ア　生殖細胞と人工授精,74PG503310000000
農業,2584,イ　受精卵の操作,74PG503320000000
農業,2585,ウ　雌雄の判別 ,74PG503330000000
農業,2586,エ　核移植とクローニング　　 ,74PG503340000000
農業,2587,(4) 動物バイオテクノロジーの展望,74PG503400000000
農業,2588,(5) 動物バイオテクノロジーの実践,74PG503500000000
農業,2589,３　内容の取扱い,74PG505000000000
農業,2590,(1) 内容の構成及びその取扱いに当たっては，次の事項に配慮するものとする。,74PG505100000000
農業,2591,ア　内容の(2)及び(3)については，実験・実習を通して，動物の組織や機能を理解させ，バイオテクノロジーの応用を図る実践力を育てること。,74PG505110000000
農業,2592,イ　内容の(2)及び(3)については，地域農業の実態や学科の特色に応じて，題材として適切な動物を選定すること。,74PG505120000000
農業,2593,ウ　内容の(3)については，地域の実態や学科の特色に応じて，選択して扱うことができること。また，遺伝子組換えを扱う際には，適切な拡散防止の措置を講じるなど安全に十分留意して指導し，雑菌による機器や施設などの汚染防止を図ること。,74PG505130000000
農業,2594,(2) 内容の範囲や程度については，次の事項に配慮するものとする。,74PG505200000000
農業,2595,ア　内容の(1)については，動物の繁殖機能を利用するバイオテクノロジーの技術体系及び農業などの産業各分野における利用の概要を扱うこと。,74PG505210000000
農業,2596,イ　内容の(1)のウ及び(2)については，生命尊重の視点から実験で使用する動物について倫理面にも配慮して扱うこと。　,74PG505220000000
農業,2597,ウ　内容の(3)については，受精卵移植や雌雄の判別など動物のバイオテクノロジーの基礎的な内容を扱うこと。,74PG505230000000
農業,2598,エ　内容の(4)については，人工多能性幹細胞など動物のバイオテクノロジーに関する今後の動向，課題及び可能性について基礎的な内容を扱い，遺伝子組換えに関連する法規の概要についても扱うこと。,74PG505240000000
農業,2599,"オ　内容の(5)については,動物バイオテクノロジーの技術を活用した活動や応用的な技術を活用した活動を行うこと。",74PG505250000000
農業,2600,第17　農業経済 ,74PH500000000000
農業,2601,"１　目　標
　農業及び食品産業の経済活動に関する知識と技術を習得させ，流通及び市場の原理を理解させるとともに，流通の改善を図る能力と態度を育てる。",74PH502000000000
農業,2602,２　内　容,74PH503000000000
農業,2603,(1) 我が国の農業と世界の食料需給,74PH503100000000
農業,2604,ア　農業と国民経済,74PH503110000000
農業,2605,イ　世界の食料需給,74PH503120000000
農業,2606,ウ　農業と国際経済事情,74PH503130000000
農業,2607,(2) 食料供給と農業及び食品産業,74PH503200000000
農業,2608,ア　農業生産の役割と特徴,74PH503210000000
農業,2609,イ　食品産業の役割と特徴,74PH503220000000
農業,2610,(3) 農産物の需給と価格形成,74PH503300000000
農業,2611,ア　農産物の需要と供給,74PH503310000000
農業,2612,イ　市場の原理と価格の形成,74PH503320000000
農業,2613,(4) 農産物の流通と経済,74PH503400000000
農業,2614,ア　流通の構造と機能,74PH503410000000
農業,2615,イ　農産物・加工食品と農業生産資材の流通,74PH503420000000
農業,2616,ウ　金融と保険,74PH503430000000
農業,2617,(5) 農業生産の組織と食品産業,74PH503500000000
農業,2618,ア　農業協同組合,74PH503510000000
農業,2619,イ　農業生産組織と農業生産法人,74PH503520000000
農業,2620,ウ　食品企業,74PH503530000000
農業,2621,(6) 農業と情報,74PH503600000000
農業,2622,ア　農業情報システム,74PH503610000000
農業,2623,イ　情報の管理と活用,74PH503620000000
農業,2624,(7) 農業・食料政策と関係法規,74PH503700000000
農業,2625,ア　農業・食料政策,74PH503710000000
農業,2626,イ　農業経済と関係法規,74PH503720000000
農業,2627,３　内容の取扱い,74PH505000000000
農業,2628,(1) 内容の構成及びその取扱いに当たっては，次の事項に配慮するものとする。,74PH505100000000
農業,2629,ア　内容の(2)から(5)までについては，地域の具体的な事例を通して，農業及び食品産業の経済活動について理解させること。 ,74PH505110000000
農業,2630,イ　内容の(5)から(7)までについては，地域の実態や学科の特色に応じて，選択して扱うことができること。,74PH505120000000
農業,2631,(2) 内容の範囲や程度については，次の事項に配慮するものとする。,74PH505200000000
農業,2632,ア　内容の(1)については，農業と食品産業が我が国の経済活動において果たしている役割，国際的な食料需給の動向が我が国の農業と食品産業に与える影響などについて基礎的な内容を扱うこと。 ,74PH505210000000
農業,2633,イ　内容の(2)については，食料消費の形態と動向並びに食料供給における農業，食品製造業，食品流通業及び外食産業の役割と動向について基礎的な内容を扱うこと。 ,74PH505220000000
農業,2634,ウ　内容の(3)については，価格形成の原理として需要と供給の変動の要因及び市場の役割を具体的に扱うこと。,74PH505230000000
農業,2635,エ　内容の(4)については，主な農産物・加工食品と農業生産資材の流通構造及び流通に必要な金融と保険について基礎的な内容を扱うこと。,74PH505240000000
農業,2636,オ　内容の(5)については，販売事業や信用事業など農業協同組合の事業，共同出荷など生産組合の事業，集落営農などの農業生産組織や農業生産法人，食品企業の運営及び経営について基礎的な内容を扱うこと。,74PH505250000000
農業,2637,カ　内容の(7)については，農業政策及び食料政策とその関係法規の概要を扱うこと。,74PH505260000000
農業,2638,第18　食品流通 ,74PI500000000000
農業,2639,"１　目　標
　農産物や農産物を原料とする食品の流通に必要な知識と技術を習得させ，食品の特性と流通構造を理解させるとともに，食品の流通と管理の合理化を図る能力と態度を育てる。",74PI502000000000
農業,2640,２　内　容,74PI503000000000
農業,2641,(1) 食品流通と食品産業,74PI503100000000
農業,2642,ア　食品産業と国民経済,74PI503110000000
農業,2643,イ　食品流通とフードシステム,74PI503120000000
農業,2644,(2) 食品流通の構造と機能,74PI503200000000
農業,2645,ア　食品流通の社会的機能,74PI503210000000
農業,2646,イ　食品流通の構造,74PI503220000000
農業,2647,ウ　流通経費と価格形成,74PI503230000000
農業,2648,(3) 主な食品の流通,74PI503300000000
農業,2649,ア　米と麦類の流通,74PI503310000000
農業,2650,イ　青果物の流通,74PI503320000000
農業,2651,ウ　畜産物の流通,74PI503330000000
農業,2652,エ　加工食品の流通,74PI503340000000
農業,2653,オ　農産物の輸出入,74PI503350000000
農業,2654,(4) 食品の品質と規格,74PI503400000000
農業,2655,ア　食品の機能と安全性,74PI503410000000
農業,2656,イ　品質と品質保証,74PI503420000000
農業,2657,ウ　規格・表示・検査,74PI503430000000
農業,2658,エ　食品流通と包装,74PI503440000000
農業,2659,オ　食品の変質,74PI503450000000
農業,2660,(5) 食品の輸送と保管,74PI503500000000
農業,2661,ア　食品の輸送,74PI503510000000
農業,2662,イ　食品の保管,74PI503520000000
農業,2663,ウ　物流のシステム化,74PI503530000000
農業,2664,エ　物流と情報管理,74PI503540000000
農業,2665,(6) マーケティング,74PI503600000000
農業,2666,ア　食品市場の調査,74PI503610000000
農業,2667,イ　販売計画と仕入計画,74PI503620000000
農業,2668,ウ　流通と販売,74PI503630000000
農業,2669,３　内容の取扱い,74PI505000000000
農業,2670,(1) 内容の構成及びその取扱いに当たっては，次の事項に配慮するものとする。,74PI505100000000
農業,2671,ア　指導に当たっては，食品流通の具体的な事例を通して，安全な食品の流通の仕組みについて理解させること。,74PI505110000000
農業,2672,イ　内容の(2)及び(3)については，調査や実習を通して，食品の特性と流通構造を理解させ，流通の改善を図る実践力を育てること。,74PI505120000000
農業,2673,(2) 内容の範囲や程度については，次の事項に配慮するものとする。 ,74PI505200000000
農業,2674,ア　内容の(1)については，国民の食生活の動向及び食品産業や食品流通の役割を中心に扱うこと。 ,74PI505210000000
農業,2675,イ　内容の(3)については，我が国の主な食品の特性及び流通の手段，経路と機能を扱うこと。なお，地域の実態や学科の特色に応じて，題材として適切な食品を選定すること。 ,74PI505220000000
農業,2676,ウ　内容の(4)については，食品の栄養や安全性などの品質の保持と保証及びそのための検査と包装を扱うこと。なお，食品の規格や表示については，農林物資の規格化及び品質表示の適正化に関する法律に基づく食品表示と規格など基礎的な内容を扱うこと。,74PI505230000000
農業,2677,エ　内容の(5)については，食品の品質の維持や環境とのかかわり，食品トレーサビリティシステムについても扱うこと。,74PI505240000000
農業,2678,オ　内容の(6)については，食品の販売や店舗の経営に必要なマーケティングの原理，食品市場の調査と情報分析，消費動向，品揃《ぞろ》えと数量などの仕入計画及び商品陳列，広告，販売方法などの販売計画について基礎的な内容を扱うこと。,74PI505250000000
農業,2679,第19　森林科学 ,74PJ500000000000
農業,2680,"１　目　標
　森林の育成，保全と木材の生産に必要な知識と技術を習得させ，森林の役割や生態について理解させるとともに，森林の保全と利用を図る能力と態度を育てる。",74PJ502000000000
農業,2681,２　内　容,74PJ503000000000
農業,2682,(1) 森林の役割,74PJ503100000000
農業,2683,ア　森林の多面的機能,74PJ503110000000
農業,2684,イ　森林管理の意義,74PJ503120000000
農業,2685,(2) 森林の生態,74PJ503200000000
農業,2686,ア　森林の生態と分布,74PJ503210000000
農業,2687,イ　林木の生育と環境,74PJ503220000000
農業,2688,(3) 森林の育成,74PJ503300000000
農業,2689,ア　育苗と造林,74PJ503310000000
農業,2690,イ　森林の保育と保護,74PJ503320000000
農業,2691,(4) 山地の保全,74PJ503400000000
農業,2692,ア　治山治水,74PJ503410000000
農業,2693,イ　林道と作業道,74PJ503420000000
農業,2694,(5) 木材の生産,74PJ503500000000
農業,2695,ア　林木の伐採,74PJ503510000000
農業,2696,イ　造材と集材,74PJ503520000000
農業,2697,ウ　木材の運搬,74PJ503530000000
農業,2698,(6) 人間社会と森林,74PJ503600000000
農業,2699,ア　森林利用の変遷,74PJ503610000000
農業,2700,イ　流域社会と人の暮らし,74PJ503620000000
農業,2701,３　内容の取扱い,74PJ505000000000
農業,2702,(1) 内容の構成及びその取扱いに当たっては，次の事項に配慮するものとする。,74PJ505100000000
農業,2703,ア　指導に当たっては，学校林や地域の森林における実習を通して，森林の役割及び生態について具体的に理解をさせること。,74PJ505110000000
農業,2704,イ　内容の(2)及び(3)については，観察や実験・実習を通して，林木の生育特性と環境要因を理解させ，計画的な森林造成を図る実践力を育てること。,74PJ505120000000
農業,2705,ウ　内容の(2)のイについては，地域の実態や学科の特色に応じて，題材として適切な林木を選定すること。,74PJ505130000000
農業,2706,エ　内容の(4)のイについては，山地の保全にとって作業道の果たす役割を理解させること。,74PJ505140000000
農業,2707,(2) 内容の範囲や程度については，次の事項に配慮するものとする。,74PJ505200000000
農業,2708,ア　内容の(1)については，我が国の森林を中心に扱うこととし，水資源の涵《かん》養や生物多様性の保全をはじめとする多面的な森林の機能を維持するための森林管理の意義を扱うこと。,74PJ505210000000
農業,2709,イ　内容の(2)については，森林生態系での物質循環と遷移及び森林植生の分布と気候の関係について基礎的な内容を扱うこと。,74PJ505220000000
農業,2710,ウ　内容の(3)については，実生苗や挿し木苗の養成及び造林の基礎的な内容を扱うこと。,74PJ505230000000
農業,2711,エ　内容の(4)については，治山治水，林道，作業道の意義や役割などについて基礎的な内容を扱うこと。,74PJ505240000000
農業,2712,オ　内容の(6)については，森林利用の歴史，流域社会と人間，森林観形成の過程における思想の変遷などを扱うこと。,74PJ505250000000
農業,2713,第20　森林経営 ,74PK500000000000
農業,2714,"１　目　標
　森林経営における測定，計画と管理に必要な知識と技術を習得させ，森林の機能と評価の意義を理解させるとともに，森林を持続的に経営する能力と態度を育てる。 ",74PK502000000000
農業,2715,２　内　容,74PK503000000000
農業,2716,(1) 森林と森林経営,74PK503100000000
農業,2717,ア　我が国と世界の森林,74PK503110000000
農業,2718,イ　森林経営の意義と役割,74PK503120000000
農業,2719,(2) 森林の機能,74PK503200000000
農業,2720,ア　林産物生産機能,74PK503210000000
農業,2721,イ　環境保全機能,74PK503220000000
農業,2722,ウ　保健休養機能,74PK503230000000
農業,2723,(3) 森林の測定と評価,74PK503300000000
農業,2724,ア　森林の測定,74PK503310000000
農業,2725,イ　リモートセンシングの利用,74PK503320000000
農業,2726,ウ　森林の機能の評価,74PK503330000000
農業,2727,(4) 森林経営の計画と管理　,74PK503400000000
農業,2728,ア　森林経営の目標と組織,74PK503410000000
農業,2729,イ　森林施業,74PK503420000000
農業,2730,ウ　森林の利用,74PK503430000000
農業,2731,エ　森林経営情報の活用,74PK503440000000
農業,2732,(5) 木材の流通,74PK503500000000
農業,2733,ア　国民経済と木材商業,74PK503510000000
農業,2734,イ　木材の流通と市場,74PK503520000000
農業,2735,ウ　木材貿易,74PK503530000000
農業,2736,(6) 森林経営と森林政策,74PK503600000000
農業,2737,ア　我が国の森林政策,74PK503610000000
農業,2738,イ　林業金融と森林保険,74PK503620000000
農業,2739,ウ　森林関係法規,74PK503630000000
農業,2740,３　内容の取扱い,74PK505000000000
農業,2741,(1) 内容の構成及びその取扱いに当たっては，次の事項に配慮するものとする。,74PK505100000000
農業,2742,ア　内容の(2)及び(3)については，学校林や地域の森林における実習を通して，森林の機能とその測定を理解させること。,74PK505110000000
農業,2743,イ　内容の(3)及び(4)については，地域の実態や学科の特色に応じて，題材として適切な森林を選定すること。また，指導に当たっては，各種メディア教材や地球観測衛星などの情報を適切に活用すること。,74PK505120000000
農業,2744,(2) 内容の範囲や程度については，次の事項に配慮するものとする。,74PK505200000000
農業,2745,ア　内容の(1)のアについては，我が国と世界の森林資源，木材の需給の動向及びそれらの相互関係について基礎的な内容を扱うこと。,74PK505210000000
農業,2746,イ　内容の(2)については，木材等の林産物の生産や供給，国土の保全や水資源の涵《かん》養，保健休養や教育的利用の場の提供など森林がもつ機能について基礎的な内容を扱うこと。,74PK505220000000
農業,2747,ウ　内容の(3)については，森林の測定とその機能の評価の方法について基礎的な内容を扱うこと。,74PK505230000000
農業,2748,エ　内容の(4)については，我が国の森林の持続的経営に関して，植林，間伐，伐採，再造林などの具体的な内容を扱うこと。,74PK505240000000
農業,2749,オ　内容の(6)のアについては，森林計画制度など我が国の森林政策の概要を扱うこと。イについては森林の機能を持続させるための金融と保険制度を扱うこと。ウについては森林経営に関する法規の概要を扱うこと。,74PK505250000000
農業,2750,第21　林産物利用,74PL500000000000
農業,2751,"１　目　標
　林産物の加工，利用に必要な知識と技術を習得させ，林産物の特性を理解させるとともに，林産物の多様な利用を図る能力と態度を育てる。",74PL502000000000
農業,2752,２　内　容,74PL503000000000
農業,2753,(1) 森林資源の循環利用と林業・林産業,74PL503100000000
農業,2754,ア　循環資源としての木材,74PL503110000000
農業,2755,イ　木造建築物と循環,74PL503120000000
農業,2756,ウ　林産業の現状と動向,74PL503130000000
農業,2757,(2) 木材の性質と用途,74PL503200000000
農業,2758,ア　木材の構造,74PL503210000000
農業,2759,イ　木材の性質,74PL503220000000
農業,2760,ウ　木材の用途,74PL503230000000
農業,2761,(3) 製材と木材の工作,74PL503300000000
農業,2762,ア　製材,74PL503310000000
農業,2763,イ　木材の乾燥,74PL503320000000
農業,2764,ウ　木材の工作,74PL503330000000
農業,2765,(4) 木材の加工と利用,74PL503400000000
農業,2766,ア　改良木材の製造,74PL503410000000
農業,2767,イ　木材パルプと和紙,74PL503420000000
農業,2768,ウ　木炭,74PL503430000000
農業,2769,エ　バイオマスの変換技術と利用,74PL503440000000
農業,2770,(5) 特用林産物の生産と加工,74PL503500000000
農業,2771,ア　きのこの生産と加工,74PL503510000000
農業,2772,イ　山菜の加工,74PL503520000000
農業,2773,ウ　薬用植物の生産と加工,74PL503530000000
農業,2774,エ　つるなどの加工,74PL503540000000
農業,2775,３　内容の取扱い,74PL505000000000
農業,2776,(1) 内容の構成及びその取扱いに当たっては，次の事項に配慮するものとする。,74PL505100000000
農業,2777,ア　内容の(1)については，光合成産物である木材が循環利用可能な資源であり，人間の生活に欠かせない素材として重要な役割を果たしていることを理解させること。,74PL505110000000
農業,2778,イ　内容の(2)から(4)までについては，実験・実習を通して，木材の構造と性質を理解させ，木材の多様な利用を図る実践力を育てること。,74PL505120000000
農業,2779,ウ　内容の(3)から(5)までについては，地域林業の実態や学科の特色に応じて，題材として適切な林産物を選定すること。また，加工，製造機械類の操作及び各種薬剤などによる事故の防止など安全の指導の充実に努めること。,74PL505130000000
農業,2780,エ　内容の(4)のイからエまで及び内容の(5)のアからエまでについては，地域の実態や学科の特色に応じて，選択して扱うことができること。,74PL505140000000
農業,2781,(2) 内容の範囲や程度については，次の事項に配慮するものとする。,74PL505200000000
農業,2782,ア　内容の(1)のウについては，木造建築業，木材加工業及び林産製造業を扱うこと。,74PL505210000000
農業,2783,イ　内容の(4)については，木材の材質の改良，木材の物理的処理と化学的処理及びバイオマス・エネルギーの利用について基礎的な内容を扱うこと。,74PL505220000000
農業,2784,第22　農業土木設計,74PM500000000000
農業,2785,"１　目　標
　農業土木事業の計画と設計に必要な知識と技術を習得させ，事業計画の重要性と土木構造物の特質を理解させるとともに，自然環境との調和に配慮した事業を計画し，構造物を設計する能力と態度を育てる。",74PM502000000000
農業,2786,２　内　容,74PM503000000000
農業,2787,(1) 農業土木計画と設計の意義,74PM503100000000
農業,2788,ア　農業土木計画の意義と役割,74PM503110000000
農業,2789,イ　環境保全と農業土木計画,74PM503120000000
農業,2790,ウ　農業土木構造物の種類と特質,74PM503130000000
農業,2791,エ　農業土木構造物の計画・設計・製図,74PM503140000000
農業,2792,(2) 設計と力学,74PM503200000000
農業,2793,ア　力と釣合い,74PM503210000000
農業,2794,イ　平面図形の性質,74PM503220000000
農業,2795,ウ　材料の性質と強さ,74PM503230000000
農業,2796,(3) 構造及び部材の計算と設計,74PM503300000000
農業,2797,ア　静定ばりの計算と設計,74PM503310000000
農業,2798,イ　不静定ばりの基礎,74PM503320000000
農業,2799,ウ　柱,74PM503330000000
農業,2800,エ　トラス,74PM503340000000
農業,2801,オ　ラーメン,74PM503350000000
農業,2802,(4) 鉄筋コンクリート構造と鋼構造の設計,74PM503400000000
農業,2803,ア　鉄筋コンクリート構造,74PM503410000000
農業,2804,イ　鋼構造,74PM503420000000
農業,2805,(5) 農業土木構造物の設計,74PM503500000000
農業,2806,ア　基礎工,74PM503510000000
農業,2807,イ　擁壁,74PM503520000000
農業,2808,ウ　水利構造物,74PM503530000000
農業,2809,エ　道路,74PM503540000000
農業,2810,３　内容の取扱い,74PM505000000000
農業,2811,(1) 内容の構成及びその取扱いに当たっては，次の事項に配慮するものとする。,74PM505100000000
農業,2812,ア　内容の(5)については，地域の実態や学科の特色に応じて，題材として適切な農業土木構造物を選定すること。,74PM505110000000
農業,2813,(2) 内容の範囲や程度については，次の事項に配慮するものとする。,74PM505200000000
農業,2814,ア　内容の(1)については，地域計画と農業土木事業を関連付けて扱うこと。,74PM505210000000
農業,2815,イ　内容の(2)については，力の合成と分解，断面二次モーメントなどの断面の性質及び構造材料の強さと特性を扱うこと。,74PM505220000000
農業,2816,ウ　内容の(3)については，はり，柱とトラスに作用する外力と応力及びその計算方法を扱うこと。また，ラーメン構造については概要を扱うこと。,74PM505230000000
農業,2817,エ　内容の(4)については，鉄筋コンクリート構造と鋼構造の性質，許容応力度法及び限界状態設計法について基礎的な内容を扱うこと。,74PM505240000000
農業,2818,第23　農業土木施工,74PN500000000000
農業,2819,"１　目　標
　農業土木事業における施工と管理に必要な知識と技術を習得させ，農業土木工事の特質を理解させるとともに，各種の工事を自然環境や安全に配慮し，合理的に施工・管理する能力と態度を育てる。",74PN502000000000
農業,2820,２　内　容,74PN503000000000
農業,2821,(1) 農業土木事業の役割,74PN503100000000
農業,2822,ア　農業土木工事の意義と特質,74PN503110000000
農業,2823,イ　自然環境と農業土木工事,74PN503120000000
農業,2824,(2) 施工計画の基本,74PN503200000000
農業,2825,ア　施工計画の立案,74PN503210000000
農業,2826,イ　仮設計画,74PN503220000000
農業,2827,ウ　仕様と積算,74PN503230000000
農業,2828,(3) 工事の管理,74PN503300000000
農業,2829,ア　工事の運営組織,74PN503310000000
農業,2830,イ　工程管理,74PN503320000000
農業,2831,ウ　品質管理,74PN503330000000
農業,2832,エ　安全管理,74PN503340000000
農業,2833,(4) 農業土木関係法規,74PN503400000000
農業,2834,(5) 農業土木工事の施工,74PN503500000000
農業,2835,ア　土工,74PN503510000000
農業,2836,イ　コンクリート工,74PN503520000000
農業,2837,ウ　基礎工,74PN503530000000
農業,2838,エ　道路工,74PN503540000000
農業,2839,オ　植栽工,74PN503550000000
農業,2840,３　内容の取扱い,74PN505000000000
農業,2841,(1) 内容の構成及びその取扱いに当たっては，次の事項に配慮するものとする。,74PN505100000000
農業,2842,ア　内容の(2)及び(5)については，地域の実態や学科の特色に応じて，題材として適切な農業土木工事を選定すること。,74PN505110000000
農業,2843,イ　内容の(5)については，土木構造物の見学，調査や実習を通して，農業土木工事の特質を理解させ，工事の改善を図る実践力を育てること。,74PN505120000000
農業,2844,(2) 内容の範囲や程度については，次の事項に配慮するものとする。,74PN505200000000
農業,2845,ア 内容の(1)については，農地の整備と保全，かんがい，排水などの各種農業土木工事の概要を自然環境と関連付けて扱うこと。,74PN505210000000
農業,2846,第24　水循環,74PO500000000000
農業,2847,"１　目　標
　水を有効かつ継続的に利用するための知識と技術を習得させ，地球上の水循環と環境や生物とのかかわり，人間活動が水循環の中で営まれることを理解させるとともに，環境保全に配慮し，農業の持続的な発展に活用する能力と態度を育てる。",74PO502000000000
農業,2848,２　内　容,74PO503000000000
農業,2849,(1) 水と地球環境,74PO503100000000
農業,2850,ア　水と大気,74PO503110000000
農業,2851,イ　水文循環,74PO503120000000
農業,2852,ウ　水と森林・河川・農地,74PO503130000000
農業,2853,エ　水と生態系,74PO503140000000
農業,2854,(2) 水と人間,74PO503200000000
農業,2855,ア　水と人間の歴史,74PO503210000000
農業,2856,イ　資源としての水,74PO503220000000
農業,2857,(3) 水と農林業,74PO503300000000
農業,2858,ア　水と農地の土壌,74PO503310000000
農業,2859,イ　水と農業生物の栽培,74PO503320000000
農業,2860,ウ　水と森林の土壌,74PO503330000000
農業,2861,(4) 水と土の基本的性質,74PO503400000000
農業,2862,ア　水の基本的性質,74PO503410000000
農業,2863,イ　土の基本的性質,74PO503420000000
農業,2864,ウ　土中の水,74PO503430000000
農業,2865,(5) 農業水利,74PO503500000000
農業,2866,ア　利水と治水,74PO503510000000
農業,2867,イ　かんがいと排水,74PO503520000000
農業,2868,ウ　水利施設,74PO503530000000
農業,2869,(6) 水と生活環境,74PO503600000000
農業,2870,ア　水の有効利用と水質保全,74PO503610000000
農業,2871,イ　農業用水の多面的機能,74PO503620000000
農業,2872,３　内容の取扱い,74PO505000000000
農業,2873,(1) 内容の構成及びその取扱いに当たっては，次の事項に配慮するものとする。,74PO505100000000
農業,2874,ア　内容の(1)及び(2)については，地域環境の観察，地球的な視点や歴史的な視点に立った資料などを用いた学習を通して，水と環境及び人間の相互関係並びに水循環について関心をもたせること。,74PO505110000000
農業,2875,イ　内容の(3)については，水の動きに伴う肥料や農薬の動きと環境とのかかわり，農地・森林の水資源の涵《かん》養機能及びこれにかかわる環境保全への寄与についても扱うこと。,74PO505120000000
農業,2876,ウ　内容の(4)から(6)までについては，地域の実態や学科の特色に応じて，選択して扱うことができること。,74PO505130000000
農業,2877,(2) 内容の範囲や程度については，次の事項に配慮するものとする。,74PO505200000000
農業,2878,ア　内容の(2)のイについては，地球的規模に立った新しい考え方も取り入れて扱うこと。,74PO505210000000
農業,2879,イ　内容の(5)のウについては，用排水機場や水門など主な水利施設の基礎的な内容を扱うこと。なお，生態系や環境保全へ配慮した水利構造物も扱うこと。,74PO505220000000
農業,2880,第25　造園計画,74PP500000000000
農業,2881,"１　目　標
　造園の計画・設計に必要な知識と技術を習得させ，造園空間のもつ機能を理解させるとともに，目的や環境に応じた造園空間を創造する能力と態度を育てる。",74PP502000000000
農業,2882,２　内　容,74PP503000000000
農業,2883,(1) 造園計画の意義と緑地環境の役割,74PP503100000000
農業,2884,ア　生活と緑地環境,74PP503110000000
農業,2885,イ　造園計画と造園空間,74PP503120000000
農業,2886,(2) 環境と造園の様式,74PP503200000000
農業,2887,ア　我が国の環境と造園様式,74PP503210000000
農業,2888,イ　外国の環境と造園様式,74PP503220000000
農業,2889,(3) 造園製図と造園デザインの基礎,74PP503300000000
農業,2890,ア　造園製図の基礎,74PP503310000000
農業,2891,イ　造園デザインの基礎,74PP503320000000
農業,2892,(4) 庭園の計画・設計,74PP503400000000
農業,2893,ア　住宅庭園,74PP503410000000
農業,2894,イ　学校庭園,74PP503420000000
農業,2895,ウ　屋上緑化,74PP503430000000
農業,2896,(5) 公園，緑地の計画・設計,74PP503500000000
農業,2897,ア　都市緑地,74PP503510000000
農業,2898,イ　農村緑地,74PP503520000000
農業,2899,ウ　自然公園,74PP503530000000
農業,2900,３　内容の取扱い,74PP505000000000
農業,2901,(1) 内容の構成及びその取扱いに当たっては，次の事項に配慮するものとする。,74PP505100000000
農業,2902,ア　内容の(2)については，我が国と外国の造園様式を，それぞれの国や地域の自然環境，文化的環境及び社会的環境と関連付けて理解させること。,74PP505110000000
農業,2903,イ　内容の(5)のアからウまでについては，地域の実態や学科の特色に応じて，選択して扱うことができること。,74PP505120000000
農業,2904,(2) 内容の範囲や程度については，次の事項に配慮するものとする。,74PP505200000000
農業,2905,ア　内容の(1)については，造園の目的と計画及びそれに基づく造園空間の創造と利用の概要を扱うこと。,74PP505210000000
農業,2906,イ　内容の(2)については，我が国と外国の主な造園様式とその変遷並びにそれを取り巻く自然環境，文化的環境及び社会的環境を総合的に扱うこと。,74PP505220000000
農業,2907,ウ　内容の(4)については，住宅庭園と学校庭園及び屋上緑化などの特殊基盤緑化の構成・機能・環境条件など庭園の計画・設計に必要な内容を扱うこと。,74PP505230000000
農業,2908,エ　内容の(5)については，種類，機能，役割，環境条件など公園や緑地の計画・設計に関する基礎的な内容を扱うこと。また，バリアフリーやユニバーサルデザインに関する基礎的な内容も扱うこと。なお，イ及びウについては，設計を扱わないことができること。,74PP505240000000
農業,2909,第26　造園技術,74PQ500000000000
農業,2910,"１　目　標
　造園の施工と管理に必要な知識と技術を習得させ，造園の特質を理解させるとともに，合理的に施工し，維持管理する能力と態度を育てる。",74PQ502000000000
農業,2911,２　内　容,74PQ503000000000
農業,2912,(1) 造園技術の特色と役割,74PQ503100000000
農業,2913,ア　造園技術の特色,74PQ503110000000
農業,2914,イ　造園施工と管理の役割,74PQ503120000000
農業,2915,(2) 造園植栽施工,74PQ503200000000
農業,2916,ア　植栽とデザイン,74PQ503210000000
農業,2917,イ　芝生，花壇などの造成,74PQ503220000000
農業,2918,(3) 造園土木施工,74PQ503300000000
農業,2919,ア　敷地の造成と土壌の改良,74PQ503310000000
農業,2920,イ　コンクリート工,74PQ503320000000
農業,2921,ウ　給排水工,74PQ503330000000
農業,2922,エ　造園施設工,74PQ503340000000
農業,2923,(4) 植物及び工作物の管理,74PQ503400000000
農業,2924,ア　植物の管理,74PQ503410000000
農業,2925,イ　工作物の管理,74PQ503420000000
農業,2926,ウ　景観の管理,74PQ503430000000
農業,2927,(5) 合理的な施工管理,74PQ503500000000
農業,2928,ア　工程管理,74PQ503510000000
農業,2929,イ　品質管理,74PQ503520000000
農業,2930,３　内容の取扱い,74PQ505000000000
農業,2931,(1) 内容の構成及びその取扱いに当たっては，次の事項に配慮するものとする。,74PQ505100000000
農業,2932,ア　内容の(2)から(4)までについては，地域の実態や学科の特色に応じて，造園の施工と管理を行う上で適切な題材を選定すること。,74PQ505110000000
農業,2933,(2) 内容の範囲や程度については，次の事項に配慮するものとする。,74PQ505200000000
農業,2934,ア　内容の(2)から(4)までについては，病気，害虫，機械及び器具について基礎的な内容を扱うこと。,74PQ505210000000
農業,2935,イ　内容の(3)については，屋上緑化をはじめとする特殊基盤緑化についてもバリアフリーやユニバーサルデザインを考慮して扱うこと。,74PQ505220000000
農業,2936,ウ　内容の(3)から(5)までについては，関係する法規と関連付けて扱うこと。,74PQ505230000000
農業,2937,エ　内容の(4)については，造園樹木のせん定と整姿，工作物の補修などの維持管理及び造園の目的に沿った景観の維持管理を扱うこと。,74PQ505240000000
農業,2938,第27　環境緑化材料,74PR500000000000
農業,2939,"１　目　標
　環境緑化のための植物の育成や造園空間の構成に使用する材料について必要な知識と技術を習得させ，環境緑化材料の特性を理解させるとともに，材料を適切に取り扱い，活用する能力と態度を育てる。",74PR502000000000
農業,2940,２　内　容,74PR503000000000
農業,2941,(1) 環境緑化材料の特色と役割,74PR503100000000
農業,2942,ア　環境緑化材料の特色,74PR503110000000
農業,2943,イ　環境緑化材料の役割,74PR503120000000
農業,2944,(2) 植物材料,74PR503200000000
農業,2945,ア　造園樹木,74PR503210000000
農業,2946,イ　地被植物,74PR503220000000
農業,2947,ウ　花壇用草花,74PR503230000000
農業,2948,(3) 岩石材料,74PR503300000000
農業,2949,ア　岩石,74PR503310000000
農業,2950,イ　自然石材,74PR503320000000
農業,2951,ウ　加工石材,74PR503330000000
農業,2952,(4) 各種材料,74PR503400000000
農業,2953,ア　木材,74PR503410000000
農業,2954,イ　竹材,74PR503420000000
農業,2955,ウ　金属材料,74PR503430000000
農業,2956,エ　セメント,74PR503440000000
農業,2957,オ　コンクリート製品,74PR503450000000
農業,2958,カ　窯製品,74PR503460000000
農業,2959,キ　新しい環境緑化材料,74PR503470000000
農業,2960,３　内容の取扱い,74PR505000000000
農業,2961,(1) 内容の構成及びその取扱いに当たっては，次の事項に配慮するものとする。,74PR505100000000
農業,2962,ア　内容の(2)から(4)までについては，観察や実習を通して，造園空間を構成するために必要な材料の特性とその取扱いを具体的に理解させること。,74PR505110000000
農業,2963,イ　内容の(2)から(4)までについては，地域の造園施工の実態に応じて，題材として適切な緑化材料を選定すること。,74PR505120000000
農業,2964,(2) 内容の範囲や程度については，次の事項に配慮するものとする。,74PR505200000000
農業,2965,ア　内容の(2)については，植物材料の種類，特性及び育成を扱うこと。,74PR505210000000
農業,2966,イ　内容の(3)については，岩石材料の種類及び特性を扱うこと。,74PR505220000000
農業,2967,第28　測　量,74PS500000000000
農業,2968,"１　目　標
　測量に必要な知識と技術を習得させ，測定機器の特質と地理空間情報の処理と利用について理解させるとともに，環境保全や農林業に応用する能力と態度を育てる。",74PS502000000000
農業,2969,２　内　容,74PS503000000000
農業,2970,(1) 測量の役割,74PS503100000000
農業,2971,ア　地理空間情報と測量の役割,74PS503110000000
農業,2972,イ　座標系と基準点,74PS503120000000
農業,2973,ウ　測定値の処理と表現,74PS503130000000
農業,2974,(2) 位置や高さの測量,74PS503200000000
農業,2975,ア　平板測量,74PS503210000000
農業,2976,イ　角測量,74PS503220000000
農業,2977,ウ　トラバース測量,74PS503230000000
農業,2978,エ　水準測量,74PS503240000000
農業,2979,オ　衛星測位,74PS503250000000
農業,2980,(3) 写真測量,74PS503300000000
農業,2981,ア　写真測量の原理と実体視,74PS503310000000
農業,2982,イ　写真情報の判読と処理,74PS503320000000
農業,2983,ウ　写真測量の利用,74PS503330000000
農業,2984,エ　リモートセンシングの原理と種類,74PS503340000000
農業,2985,オ　リモートセンシングの利用,74PS503350000000
農業,2986,(4) 地理空間情報,74PS503400000000
農業,2987,ア　地理情報システムの原理と役割,74PS503410000000
農業,2988,イ　地理情報システムの利用,74PS503420000000
農業,2989,ウ　地理空間情報の利用,74PS503430000000
農業,2990,(5) 応用測量,74PS503500000000
農業,2991,ア　地形測量,74PS503510000000
農業,2992,イ　路線測量,74PS503520000000
農業,2993,ウ　工事測量,74PS503530000000
農業,2994,エ　河川測量,74PS503540000000
農業,2995,オ　森林測量,74PS503550000000
農業,2996,３　内容の取扱い,74PS505000000000
農業,2997,(1) 内容の構成及びその取扱いに当たっては，次の事項に配慮するものとする。,74PS505100000000
農業,2998,ア　内容の(2)及び(3)については，見学や実習を通して，測量の原理と測定機器の操作について理解させること。,74PS505110000000
農業,2999,イ　内容の(4)については，実習を通して，地理情報システムの基本的な原理及びデータの種類と処理について理解させ，空間情報を利用できるようにすること。,74PS505120000000
農業,3000,ウ　内容の(5)のアからオまでについては，地域の実態や学科の特色に応じて，選択して扱うことができること。,74PS505130000000
農業,3001,(2) 内容の範囲や程度については，次の事項に配慮するものとする。,74PS505200000000
農業,3002,ア　内容の(3)のアからウまでについては，写真測量の基本的な測定原理及び写真測量データの処理と利用を中心に扱うこと。オについては，環境保全や農林業などへの利用について扱うこと。,74PS505210000000
農業,3003,イ　内容の(4)のウについては，国土空間データ基盤についても扱うこと。,74PS505220000000
農業,3004,ウ　内容の(5)については，既存の地図情報の利用，各種事業の目的に応じた測量の選択，データの精度と表現方法など，基礎的な内容を扱うこと。,74PS505230000000
農業,3005,第29　生物活用,74PT500000000000
農業,3006,"１　目　標
　園芸作物や社会動物の活用に必要な知識と技術を習得させ，それらの生物の特性を活用した活動や療法の特質を理解させるとともに，生活の質の向上を図る能力と態度を育てる。",74PT502000000000
農業,3007,２　内　容,74PT503000000000
農業,3008,(1) 生物活用の意義と役割,74PT503100000000
農業,3009,ア　園芸作物，社会動物と人間生活,74PT503110000000
農業,3010,イ　生物活用と対人サービス,74PT503120000000
農業,3011,(2) 園芸作物の栽培と活用,74PT503200000000
農業,3012,ア　草花・野菜・ハーブの栽培と活用,74PT503210000000
農業,3013,イ　園芸デザインとその活用,74PT503220000000
農業,3014,(3) 社会動物の飼育と活用,74PT503300000000
農業,3015,ア　社会動物の飼育としつけ,74PT503310000000
農業,3016,イ　社会動物の活用,74PT503320000000
農業,3017,(4) 生物を活用した療法,74PT503400000000
農業,3018,ア　園芸療法,74PT503410000000
農業,3019,イ　動物介在療法,74PT503420000000
農業,3020,(5) 生物活用の実際,74PT503500000000
農業,3021,ア　対象者の理解と交流の技法,74PT503510000000
農業,3022,イ　交流活動,74PT503520000000
農業,3023,ウ　療法的な活動,74PT503530000000
農業,3024,３　内容の取扱い,74PT505000000000
農業,3025,(1) 内容の構成及びその取扱いに当たっては，次の事項に配慮するものとする。,74PT505100000000
農業,3026,ア　指導に当たっては，交流対象者の安全や健康などについて十分配慮するとともに，必要に応じて地域の専門機関や専門家との連携を図ること。,74PT505110000000
農業,3027,イ　内容の(1)については，専門家が療法として行う行為と一般の人々がレクリエーションや教育，健康増進などを目的として行う活動の違いについて理解させること。,74PT505120000000
農業,3028,ウ　内容の(2)及び(3)については，地域の実態や学科の特色に応じて，選択して扱うことができること。また，題材として適切な園芸作物や社会動物を選定すること。,74PT505130000000
農業,3029,(2) 内容の範囲や程度については，次の事項に配慮するものとする。,74PT505200000000
農業,3030,ア　内容の(2)については，教育や健康などに関する効果に着目した園芸作物の栽培や園芸デザインの活動を中心に扱い，それを活用した交流活動の準備や活動の支援も扱うこと。,74PT505210000000
農業,3031,イ　内容の(3)については，教育や健康などに関する効果に着目した社会動物との交流とそのための飼育やしつけを中心に扱い，社会動物を活用した交流活動の準備や活動の支援も扱うこと。,74PT505220000000
農業,3032,ウ　内容の(4)については，園芸療法，動物介在療法の基礎的な内容を扱うこと。,74PT505230000000
農業,3033,エ　内容の(5)については，安全な活動を行うために必要な交流対象者の心身の特徴や生活状況の理解及び交流に必要な技術について扱うこと。,74PT505240000000
農業,3034,第30　グリーンライフ,74PU500000000000
農業,3035,"１　目　標
　農林業・農山村の特色を生かした生活体験を提供する活動に必要な知識と技術を習得させ，地域資源の有用性を理解させるとともに，地域に根ざした事業の振興に寄与できる能力と態度を育てる。",74PU502000000000
農業,3036,２　内　容,74PU503000000000
農業,3037,(1) 農山村社会の変化と地域社会の再編,74PU503100000000
農業,3038,ア　農山村と都市の現状と変化,74PU503110000000
農業,3039,イ　地域社会の変化と起業活動,74PU503120000000
農業,3040,ウ　農山村活性化のための政策,74PU503130000000
農業,3041,(2) グリーンライフの概要,74PU503200000000
農業,3042,ア　人間生活とグリーンライフ,74PU503210000000
農業,3043,イ　農林業・農山村の魅力,74PU503220000000
農業,3044,ウ　グリーン・ツーリズムの取組,74PU503230000000
農業,3045,(3) 地域資源の発見・保全・活用,74PU503300000000
農業,3046,ア　身近な地域の資源,74PU503310000000
農業,3047,イ　農山村の資源,74PU503320000000
農業,3048,(4) グリーンライフ活動の実践,74PU503400000000
農業,3049,ア　地域コーディネータの役割　,74PU503410000000
農業,3050,イ　対人サービスのマナー,74PU503420000000
農業,3051,ウ　環境インタープリターの技法,74PU503430000000
農業,3052,エ　グリーンライフプログラムの作成・企画,74PU503440000000
農業,3053,オ　安全管理,74PU503450000000
農業,3054,(5) グリーンライフ活動,74PU503500000000
農業,3055,ア　エコツアー,74PU503510000000
農業,3056,イ　直売所・農家レストラン,74PU503520000000
農業,3057,ウ　商品開発,74PU503530000000
農業,3058,エ　産地直送・通信販売,74PU503540000000
農業,3059,オ　市民農園・観光農園,74PU503550000000
農業,3060,３　内容の取扱い,74PU505000000000
農業,3061,(1) 内容の構成及びその取扱いに当たっては，次の事項に配慮するものとする。,74PU505100000000
農業,3062,ア　内容の(2)については，農林業・農山村の多面的機能や地域資源の有用性を発揮するために他産業・異業種と連携する取組の重要性について理解させるようにすること。,74PU505110000000
農業,3063,イ　内容の(3)については，見学や実習を通して，地域資源の発見・保全・活用を図る実践力を育てること。,74PU505120000000
農業,3064,ウ　内容の(3)のア及びイ並びに(5)のアからオまでについては，地域の実態や学科の特色に応じて，選択して扱うことができること。,74PU505130000000
農業,3065,エ　内容の(5)については，グリーンライフ活動における食の安全や事故の防止など安全の指導の充実に努めること。,74PU505140000000
農業,3066,(2) 内容の範囲や程度については，次の事項に配慮するものとする。,74PU505200000000
農業,3067,ア　内容の(1)については，都市部におけるグリーンライフのニーズと関連付けて扱うこと。,74PU505210000000
農業,3068,イ　内容の(4)については，グリーンライフ活動の実践に必要な基礎的な技術を扱うこと。,74PU505220000000
農業,3069,第３款　各科目にわたる指導計画の作成と内容の取扱い,74P0300000000000
農業,3070,１　指導計画の作成に当たっては，次の事項に配慮するものとする。,74P0300100000000
農業,3071,(1) 農業に関する各学科においては，「農業と環境」及び「課題研究」を原則としてすべての生徒に履修させること。,74P0300110000000
農業,3072,(2) 農業に関する各学科においては，原則として農業に関する科目に配当する総授業時数の10分の５以上を実験・実習に配当すること。また，実験・実習に当たっては，ホームプロジェクトを取り入れることもできること。,74P0300120000000
農業,3073,(3) 地域や産業界との連携・交流を通じた実践的な学習活動や就業体験を積極的に取り入れるとともに，社会人講師を積極的に活用するなどの工夫に努めること。,74P0300130000000
農業,3074,２　各科目の指導に当たっては，コンピュータや情報通信ネットワークなどの活用を図り，学習の効果を高めるよう配慮するものとする。,74P0300200000000
農業,3075,３　実験・実習を行うに当たっては，関連する法規等に従い，施設・設備や薬品等の安全管理に配慮し，学習環境を整えるとともに，事故防止の指導を徹底し，安全と衛生に十分留意するものとする。,74P0300300000000
工業,3076,第２節　工　　　業,74Q0000000000000
工業,3077,"第１款　目　標
　工業の各分野に関する基礎的・基本的な知識と技術を習得させ，現代社会における工業の意義や役割を理解させるとともに，環境及びエネルギーに配慮しつつ，工業技術の諸問題を主体的，合理的に，かつ倫理観をもって解決し，工業と社会の発展を図る創造的な能力と実践的な態度を育てる。",74Q0100000000000
工業,3078,第２款　各　科　目,74Q0500000000000
工業,3079,第１　工業技術基礎,74Q1500000000000
工業,3080,"１　目　標
　工業に関する基礎的技術を実験・実習によって体験させ，各専門分野における技術への興味・関心を高め，工業の意義や役割を理解させるとともに，工業に関する広い視野と倫理観をもって工業の発展を図る意欲的な態度を育てる。",74Q1502000000000
工業,3081,２　内　容,74Q1503000000000
工業,3082,(1) 人と技術と環境,74Q1503100000000
工業,3083,ア　人と技術,74Q1503110000000
工業,3084,イ　技術者の使命と責任,74Q1503120000000
工業,3085,ウ　環境と技術,74Q1503130000000
工業,3086,(2) 基礎的な加工技術,74Q1503200000000
工業,3087,ア　形態を変化させる加工,74Q1503210000000
工業,3088,イ　質を変化させる加工,74Q1503220000000
工業,3089,(3) 基礎的な生産技術,74Q1503300000000
工業,3090,ア　生産の流れと技術,74Q1503310000000
工業,3091,イ　基礎的な分析及び測定技術 ,74Q1503320000000
工業,3092,３　内容の取扱い,74Q1505000000000
工業,3093,(1) 内容の構成及びその取扱いに当たっては，次の事項に配慮するものとする。,74Q1505100000000
工業,3094,ア　内容の(1)のアについては，産業社会，職業生活，産業技術に関する調査や見学を通して，工業技術と人間とのかかわり及び工業技術が日本の発展に果たした役割について理解させること。イについては，安全な製品の製作や構造物の設計・施工，法令遵守など工業における技術者に求められる使命と責任について理解させること。,74Q1505110000000
工業,3095,イ　内容の(2)及び(3)については，相互に関連する実験や実習内容を取り上げるよう留意し，工業の各専門分野に関連する要素を総合的に理解させること。,74Q1505120000000
工業,3096,(2) 内容の範囲や程度については，次の事項に配慮するものとする。,74Q1505200000000
工業,3097,ア　内容の(1)のアについては，工業の各専門分野に関連する職業資格及び知的財産権についても扱うこと。ウについては，環境に配慮した工業技術について，身近な事例を通して，その意義や必要性を扱うこと。,74Q1505210000000
工業,3098,イ　内容の(2)については，日常生活にかかわる身近な製品の製作例を取り上げ，工業技術への興味・関心を高めさせるとともに，工具や器具を用いた加工及び機械や装置類を活用した加工を体験させること。アについては，塑性加工など，形態を変化させる加工の基礎的な内容を扱うこと。イについては，化学変化など，主として質を変化させる加工の基礎的な内容を扱うこと。,74Q1505220000000
工業,3099,ウ　内容の(3)のアについては，簡単な工業製品の製作を通して，生産に関する技術の基礎的な内容を扱うこと。イについては，具体的な事例を通して，生産にかかわる基礎的な分析及び測定技術の重要性を扱うこと。,74Q1505230000000
工業,3100,第２　課題研究,74Q2500000000000
工業,3101,"１　目　標
　工業に関する課題を設定し，その課題の解決を図る学習を通して，専門的な知識と技術の深化，総合化を図るとともに，問題解決の能力や自発的，創造的な学習態度を育てる。",74Q2502000000000
工業,3102,２　内　容,74Q2503000000000
工業,3103,(1) 作品製作,74Q2503100000000
工業,3104,(2) 調査，研究，実験,74Q2503200000000
工業,3105,(3) 産業現場等における実習,74Q2503300000000
工業,3106,(4) 職業資格の取得 ,74Q2503400000000
工業,3107,３　内容の取扱い,74Q2505000000000
工業,3108,(1) 内容の構成及びその取扱いに当たっては，次の事項に配慮するものとする。,74Q2505100000000
工業,3109,ア　生徒の興味・関心，進路希望等に応じて，内容の(1)から(4)までの中から個人又はグループで適切な課題を設定させること。なお，課題は内容の(1)から(4)までの２項目以上にまたがる課題を設定することができること。,74Q2505110000000
工業,3110,イ　課題研究の成果について発表する機会を設けるようにすること。,74Q2505120000000
工業,3111,第３　実　習,74Q3500000000000
工業,3112,"１　目　標
工業の各専門分野に関する技術を実際の作業を通して総合的に習得させ，技術革新に主体的に対応できる能力と態度を育てる。",74Q3502000000000
工業,3113,２　内　容,74Q3503000000000
工業,3114,(1) 要素実習,74Q3503100000000
工業,3115,(2) 総合実習,74Q3503200000000
工業,3116,(3) 先端的技術に対応した実習,74Q3503300000000
工業,3117,３　内容の取扱い,74Q3505000000000
工業,3118,(1) 内容の構成及びその取扱いに当たっては，次の事項に配慮するものとする。,74Q3505100000000
工業,3119,ア　指導に当たっては，安全に配慮するとともに，生徒の興味・関心，進路希望等に応じて実習内容を重点化することや生徒に実習内容を選択させるなど弾力的に扱うこと。,74Q3505110000000
工業,3120,イ　指導に当たっては，工業の各専門分野に関する日本の伝統的な技術・技能に触れるとともに，安全衛生や技術者としての倫理，環境及びエネルギーへの配慮などについて，総合的に理解させること。,74Q3505120000000
工業,3121,(2) 内容の範囲や程度については，次の事項に配慮するものとする。,74Q3505200000000
工業,3122,ア　内容の(1)については，工業の各専門分野に関連する要素的な内容を扱うこと。,74Q3505210000000
工業,3123,イ　内容の(2)については，内容の(1)の個々の要素技術を総合化した内容を扱うこと。,74Q3505220000000
工業,3124,ウ　内容の(3)については，工業の各専門分野に関連する先端的技術の中から，基礎的な内容を選択して扱うこと。,74Q3505230000000
工業,3125,第４　製　図,74Q4500000000000
工業,3126,"１　目　標
　製図に関する日本工業規格及び工業の各専門分野の製図に関する知識と技術を習得させ，製作図，設計図などを正しく読み，図面を構想し作成する能力と態度を育てる。",74Q4502000000000
工業,3127,２　内　容,74Q4503000000000
工業,3128,(1) 製図の基礎,74Q4503100000000
工業,3129,ア　製図と規格,74Q4503110000000
工業,3130,イ　図面の表し方,74Q4503120000000
工業,3131,(2) 各専門分野の製図・設計製図,74Q4503200000000
工業,3132,ア　各専門分野に関する製図,74Q4503210000000
工業,3133,イ　各専門分野に関する設計製図,74Q4503220000000
工業,3134,(3) ＣＡＤの基礎,74Q4503300000000
工業,3135,ア　ＣＡＤの機能,74Q4503310000000
工業,3136,イ　ＣＡＤを活用した設計製図,74Q4503320000000
工業,3137,ウ　三次元ＣＡＤ,74Q4503330000000
工業,3138,３　内容の取扱い,74Q4505000000000
工業,3139,(1) 内容の構成及びその取扱いに当たっては，次の事項に配慮するものとする。,74Q4505100000000
工業,3140,ア　指導に当たっては，必要に応じて内容と関連する国際規格を取り上げ，基礎的な内容を理解させること。,74Q4505110000000
工業,3141,イ　内容の(2)及び(3)については，生徒の実態や学科の特色に応じて，関連する内容を選択するとともに，適切な内容を扱うこと。,74Q4505120000000
工業,3142,ウ　内容の(3)のウについては，生徒の実態や学科の特色に応じて，扱わないことができること。,74Q4505130000000
工業,3143,(2) 内容の範囲や程度については，次の事項に配慮するものとする。,74Q4505200000000
工業,3144,ア　内容の(1)のアについては，日本工業規格の製図に関する基礎的な内容を扱うこと。イについては，基礎的な図法及び製図用具の使い方を扱うこと。,74Q4505210000000
工業,3145,イ　内容の(3)のイについては，具体的な事例を通して活用の方法を扱うとともに，基礎的な図面を作成させること。,74Q4505220000000
工業,3146,第５　工業数理基礎,74Q5500000000000
工業,3147,"１　目　標
　工業の各分野における事象の数理処理に関する知識と技術を習得させ，実際に活用する能力と態度を育てる。",74Q5502000000000
工業,3148,２　内　容,74Q5503000000000
工業,3149,(1) 工業の事象と数式,74Q5503100000000
工業,3150,ア　工業の事象の計算,74Q5503110000000
工業,3151,イ　面積・体積・質量の積算,74Q5503120000000
工業,3152,ウ　単位と単位換算,74Q5503130000000
工業,3153,(2) 基礎的な数理処理,74Q5503200000000
工業,3154,ア　力とエネルギー,74Q5503210000000
工業,3155,イ　力と釣合い,74Q5503220000000
工業,3156,ウ　流れの基礎,74Q5503230000000
工業,3157,エ　計測と誤差,74Q5503240000000
工業,3158,オ　工業の事象とグラフ,74Q5503250000000
工業,3159,(3) 応用的な数理処理,74Q5503300000000
工業,3160,(4) コンピュータによる数理処理,74Q5503400000000
工業,3161,３　内容の取扱い,74Q5505000000000
工業,3162,(1) 内容の構成及びその取扱いに当たっては，次の事項に配慮するものとする。,74Q5505100000000
工業,3163,ア　指導に当たっては，演習を重視し，数学，物理及び化学の理論を工業の基礎的事象を処理する道具として活用させること。,74Q5505110000000
工業,3164,イ　内容の(3)については，生徒の実態や学科の特色に応じて，適切な工業の事象を題材として扱うこと。,74Q5505120000000
工業,3165,ウ　内容の(4)については，内容の(1)から(3)までの数理処理と関連付けて扱うこと。,74Q5505130000000
工業,3166,(2) 内容の範囲や程度については，次の事項に配慮するものとする。,74Q5505200000000
工業,3167,ア　内容の(1)のア及びイについては，中学校までに学んだ数学を基礎として数理処理できる工業の事象を扱うこと。ウについては，国際単位系を扱い，具体的な単位換算については内容の(2)及び(3)の中で扱うこと。,74Q5505210000000
工業,3168,イ　内容の(2)のアについては，力とエネルギーに関する工業の事象を取り上げ，具体的な数理処理を扱うこと。イについては，力と釣合いに関する工業の事象を取り上げ，具体的な数理処理を扱うこと。ウについては，電気，水，熱の流れの基礎的な内容を扱うこと。エについては，測定した値の精度及び位取りを扱うとともに，有効数字の取扱い方を扱うこと。オについては，工業の事象に関する実験の測定値をグラフに表す方法を扱うこと。,74Q5505220000000
工業,3169,ウ　内容の(3)については，構造物の安全性，流れとエネルギー，時間とともに変化する事象などの基本的な数理処理を扱うこと。微積分を用いる場合は基礎的な内容を扱うこと。,74Q5505230000000
工業,3170,エ　内容の(4)については，工業に関する事象を迅速かつ合理的に処理する具体的な事例を扱うこと。,74Q5505240000000
工業,3171,第６　情報技術基礎,74Q6500000000000
工業,3172,"１　目　標
　社会における情報化の進展と情報の意義や役割を理解させるとともに，情報技術に関する知識と技術を習得させ，工業の各分野において情報及び情報手段を主体的に活用する能力と態度を育てる。",74Q6502000000000
工業,3173,２　内　容,74Q6503000000000
工業,3174,(1) 産業社会と情報技術,74Q6503100000000
工業,3175,ア　情報化の進展と産業社会,74Q6503110000000
工業,3176,イ　情報モラル,74Q6503120000000
工業,3177,ウ　情報のセキュリティ管理,74Q6503130000000
工業,3178,(2) コンピュータの基礎,74Q6503200000000
工業,3179,ア　数の表現と演算,74Q6503210000000
工業,3180,イ　論理回路,74Q6503220000000
工業,3181,ウ　コンピュータの動作原理,74Q6503230000000
工業,3182,(3) コンピュータシステム,74Q6503300000000
工業,3183,ア　ハードウェアとソフトウェア,74Q6503310000000
工業,3184,イ　オペレーティングシステムの基礎,74Q6503320000000
工業,3185,ウ　アプリケーションソフトウェアの利用,74Q6503330000000
工業,3186,エ　ネットワーク,74Q6503340000000
工業,3187,(4) プログラミングの基礎,74Q6503400000000
工業,3188,ア　流れ図,74Q6503410000000
工業,3189,イ　データの演算と入出力,74Q6503420000000
工業,3190,ウ　基本的なプログラミング,74Q6503430000000
工業,3191,(5) コンピュータ制御の基礎,74Q6503500000000
工業,3192,(6) 情報技術の活用,74Q6503600000000
工業,3193,ア　情報の収集と活用,74Q6503610000000
工業,3194,イ　マルチメディアの活用,74Q6503620000000
工業,3195,３　内容の取扱い,74Q6505000000000
工業,3196,(1) 内容の構成及びその取扱いに当たっては，次の事項に配慮するものとする。,74Q6505100000000
工業,3197,ア　指導に当たっては，コンピュータの操作を通して具体的に理解させること。また，生徒の実態や学科の特色に応じて，適切なオペレーティングシステム及びアプリケーションプログラムを選択し，実習や演習を中心として扱うこと。,74Q6505110000000
工業,3198,イ　内容の(3)については，コンピュータシステムの概要について理解させるとともに，利用に必要な基本的な操作を習得させること。,74Q6505120000000
工業,3199,ウ　内容の(5)については，生徒の実態や学科の特色に応じて，扱わないことができること。,74Q6505130000000
工業,3200,エ　内容の(6)については，情報機器や情報通信ネットワークを活用して，適切な情報の収集，整理，分析，表現及び発表をさせること。,74Q6505140000000
工業,3201,(2) 内容の範囲や程度については，次の事項に配慮するものとする。,74Q6505200000000
工業,3202,ア　内容の(1)については，情報化の進展が産業社会に及ぼす影響について，身近な事例を扱うこと。また，個人のプライバシーや著作権など知的財産の保護，収集した情報の管理，発信する情報に対する責任などの情報モラルと情報のセキュリティ管理の方法を扱うこと。,74Q6505210000000
工業,3203,イ　内容の(2)のアについては，数値表現，基数変換及び算術演算を扱うこと。イについては，基本的な論理回路の動作を扱うこと。ウについては，コンピュータの基本的な構成と機能を扱うこと。,74Q6505220000000
工業,3204,ウ　内容の(4)については，基本的なプログラムの作成方法を扱うこと。,74Q6505230000000
工業,3205,エ　内容の(5)については，身近な事例を通してコンピュータ制御と組込み技術の概要を扱うこと。,74Q6505240000000
工業,3206,第７　材料技術基礎,74Q7500000000000
工業,3207,"１　目　標
　工業の各分野に用いられる材料の製造，組織，性質及び用途に関する知識と技術を習得させ，実際に活用する能力と態度を育てる。",74Q7502000000000
工業,3208,２　内　容,74Q7503000000000
工業,3209,(1) 工業材料と社会生活,74Q7503100000000
工業,3210,(2) 工業材料の性質と構造,74Q7503200000000
工業,3211,ア　物質の状態と材料の構造,74Q7503210000000
工業,3212,イ　変形と流動,74Q7503220000000
工業,3213,ウ　構造と性質,74Q7503230000000
工業,3214,(3) 工業材料の検査,74Q7503300000000
工業,3215,ア　機械的性質の検査,74Q7503310000000
工業,3216,イ　顕微鏡による組織検査,74Q7503320000000
工業,3217,ウ　計器による検査,74Q7503330000000
工業,3218,(4) 工業材料の製造,74Q7503400000000
工業,3219,ア　金属材料の製造,74Q7503410000000
工業,3220,イ　セラミック材料の製造,74Q7503420000000
工業,3221,ウ　高分子材料の製造,74Q7503430000000
工業,3222,(5) 工業材料の加工,74Q7503500000000
工業,3223,ア　工業材料の加工性,74Q7503510000000
工業,3224,イ　主な加工法,74Q7503520000000
工業,3225,(6) 工業材料と環境,74Q7503600000000
工業,3226,ア　工業材料と環境保全,74Q7503610000000
工業,3227,イ　工業材料のリサイクル,74Q7503620000000
工業,3228,３　内容の取扱い,74Q7505000000000
工業,3229,(1) 内容の構成及びその取扱いに当たっては，次の事項に配慮するものとする。,74Q7505100000000
工業,3230,ア　指導に当たっては，材料の性質，検査方法，製造方法などについて理解させること。,74Q7505110000000
工業,3231,(2) 内容の範囲や程度については，次の事項に配慮するものとする。,74Q7505200000000
工業,3232,ア　内容の(1)については，工業材料が社会生活及び産業に果たしている役割を扱うこと。,74Q7505210000000
工業,3233,イ　内容の(2)のアについては，工業材料の化学結合の原理及び結晶構造を扱うこと。イについては，工業材料の変形及び流動と組織との関係を扱うこと。ウについては，工業材料の結晶構造と機械的，物理的，化学的性質との関係を扱うこと。,74Q7505220000000
工業,3234,ウ　内容の(3)については，検査の原理，検査方法及び検査結果と工業材料の性質との関係を扱うこと。,74Q7505230000000
工業,3235,エ　内容の(4)については，主な工業材料を取り上げ，製造法の原理と材料の性質との関連性を扱うこと。,74Q7505240000000
工業,3236,オ　内容の(5)のアについては，金属，セラミックス及び高分子材料の加工性の違いを扱うこと。イについては，鋳造，成形，機械加工，焼結などの主な加工方法の原理と方法を扱うこと。,74Q7505250000000
工業,3237,カ　内容の(6)のアについては，環境に配慮した工業材料の製造及び利用を扱うこと。イについては，工業材料のリサイクル技術の基礎的な内容及び関連する基本的な法規の目的と概要を扱うこと。,74Q7505260000000
工業,3238,第８　生産システム技術,74Q8500000000000
工業,3239,"１　目　標
　工業の生産システムに関する知識と技術を習得させ，実際に活用する能力と態度を育てる。",74Q8502000000000
工業,3240,２　内　容,74Q8503000000000
工業,3241,(1) 生産システム技術と社会,74Q8503100000000
工業,3242,ア　生産システム技術の発達,74Q8503110000000
工業,3243,イ　工業と社会,74Q8503120000000
工業,3244,(2) 電気技術,74Q8503200000000
工業,3245,ア　直流回路,74Q8503210000000
工業,3246,イ　交流回路,74Q8503220000000
工業,3247,ウ　電気設備,74Q8503230000000
工業,3248,(3) 電子技術,74Q8503300000000
工業,3249,ア　電子回路,74Q8503310000000
工業,3250,イ　電子部品と情報機器,74Q8503320000000
工業,3251,(4) 計測・制御,74Q8503400000000
工業,3252,ア　計測の基礎と計測用機器,74Q8503410000000
工業,3253,イ　制御の基礎,74Q8503420000000
工業,3254,ウ　コンピュータ制御,74Q8503430000000
工業,3255,(5) 生産技術,74Q8503500000000
工業,3256,ア　機械設備,74Q8503510000000
工業,3257,イ　材料の加工技術,74Q8503520000000
工業,3258,(6) 生産管理とシステム技術,74Q8503600000000
工業,3259,ア　生産管理,74Q8503610000000
工業,3260,イ　生産の合理化とシステム技術,74Q8503620000000
工業,3261,３　内容の取扱い,74Q8505000000000
工業,3262,(1) 内容の構成及びその取扱いに当たっては，次の事項に配慮するものとする。,74Q8505100000000
工業,3263,ア　内容の(4)及び(6)については，コンピュータを活用するなど，指導上の工夫を図ること。,74Q8505110000000
工業,3264,イ　内容の(4)から(6)までについては，生徒の実態や学科の特色に応じて，選択して扱うことができること。,74Q8505120000000
工業,3265,(2) 内容の範囲や程度については，次の事項に配慮するものとする。,74Q8505200000000
工業,3266,ア　内容の(1)のアについては，生産システム技術の発達の概要を扱うこと。イについては，工業技術の発展と社会との関係を扱うこと。,74Q8505210000000
工業,3267,イ　内容の(2)のア及びイについては，基本的な電気回路を扱うこと。ウについては，生産システムに必要な電気設備の基礎的な内容を扱うこと。,74Q8505220000000
工業,3268,ウ　内容の(3)のアについては，基本的な電子回路の原理及び構成を扱うこと。イについては，基本的な電子部品の特徴と活用例及び生産システムにおける情報機器の基本的な構成と動作原理を扱うこと。,74Q8505230000000
工業,3269,エ　内容の(4)のアについては，計測の方法及び計測用機器の原理と構成を扱うこと。イについては，シーケンス制御とフィードバック制御の原理と構成及び電気的制御機器と機械的制御機器の原理と構成を扱うこと。ウについては，コンピュータ制御の原理及び制御機器とのインタフェースを扱うこと。,74Q8505240000000
工業,3270,オ　内容の(5)のアについては，基本的な機械設備及びコンピュータ制御による自動化設備の原理と構成を扱うこと。イについては，基本的な加工技術の原理と方法を扱うこと。,74Q8505250000000
工業,3271,カ　内容の(6)のアについては，工程管理を中心に扱うこと。イについては，コンピュータを利用した生産のシステム技術に関する基礎的な内容を扱うこと。,74Q8505260000000
工業,3272,第９　工業技術英語,74Q9500000000000
工業,3273,"１　目　標
　工業の各分野における生産，営業及び管理の業務に必要な技術英語に関する知識と表現技術を習得させ，実際に活用する能力と態度を育てる。",74Q9502000000000
工業,3274,２　内　容,74Q9503000000000
工業,3275,(1) 工業に関連した簡単な会話,74Q9503100000000
工業,3276,(2) 会議における会話,74Q9503200000000
工業,3277,(3) プレゼンテーション,74Q9503300000000
工業,3278,(4) 情報通信ネットワークを利用したコミュニケーション,74Q9503400000000
工業,3279,(5) 工業技術に関連したリーディングとライティング,74Q9503500000000
工業,3280,３　内容の取扱い,74Q9505000000000
工業,3281,(1) 内容の構成及びその取扱いに当たっては，次の事項に配慮するものとする。,74Q9505100000000
工業,3282,ア　指導に当たっては，英語科教員やネイティブ・スピーカーとの連携に留意し，工業の各分野における実践的な事例について基礎的な用語を使用し，専門的な用語は各分野の必要に応じて扱うこと。,74Q9505110000000
工業,3283,(2) 内容の範囲や程度については，次の事項に配慮するものとする。,74Q9505200000000
工業,3284,ア　内容の(1)については，技術者としての自己紹介及び工場や実験室での会話を扱うこと。,74Q9505210000000
工業,3285,イ　内容の(2)については，会議での質問の方法及び自分の意見を述べる方法を扱うこと。また，司会者として会議を進める際に必要な基本的な表現を扱うこと。,74Q9505220000000
工業,3286,ウ　内容の(3)については，各種の資料を用いて発表する際の基本的な表現を扱うこと。,74Q9505230000000
工業,3287,エ　内容の(4)については，情報通信ネットワークを活用した英文による部品の注文や説明などを扱うこと。,74Q9505240000000
工業,3288,オ　内容の(5)については，工業の各分野における工業製品仕様書及び技術書の読解，報告書や図面の作成など具体的な題材を扱うこと。,74Q9505250000000
工業,3289,第10　工業管理技術,74QA500000000000
工業,3290,"１　目　標
　工業生産の運営と管理に関する知識と技術を習得させ，実際に活用する能力と態度を育てる。",74QA502000000000
工業,3291,２　内　容,74QA503000000000
工業,3292,(1) 工業管理技術の概要,74QA503100000000
工業,3293,(2) 生産の計画と管理,74QA503200000000
工業,3294,ア　生産計画,74QA503210000000
工業,3295,イ　生産管理,74QA503220000000
工業,3296,ウ　生産と流通,74QA503230000000
工業,3297,(3) 工程管理と品質管理,74QA503300000000
工業,3298,ア　工程管理,74QA503310000000
工業,3299,イ　品質管理,74QA503320000000
工業,3300,(4) 安全管理と環境管理,74QA503400000000
工業,3301,ア　保守と保全,74QA503410000000
工業,3302,イ　生産現場の災害とその防止,74QA503420000000
工業,3303,ウ　環境の保全,74QA503430000000
工業,3304,(5) 工場の経営,74QA503500000000
工業,3305,ア　人事管理,74QA503510000000
工業,3306,イ　工業会計,74QA503520000000
工業,3307,ウ　工場経営に関する法規,74QA503530000000
工業,3308,エ　工業と起業,74QA503540000000
工業,3309,３　内容の取扱い,74QA505000000000
工業,3310,(1) 内容の構成及びその取扱いに当たっては，次の事項に配慮するものとする。,74QA505100000000
工業,3311,ア　指導に当たっては，産業現場の見学や企業での事例を通して，具体的に理解させること。,74QA505110000000
工業,3312,イ　内容の(5)については，工業の各分野における経営事例を通して，具体的に理解させること。,74QA505120000000
工業,3313,(2) 内容の範囲や程度については，次の事項に配慮するものとする。,74QA505200000000
工業,3314,ア　内容の(1)については，工業生産の管理技術の意義と工業生産に関する組織の概要を扱うこと。,74QA505210000000
工業,3315,イ　内容の(2)のアについては，需要予測と生産数量及び生産方式の選定の概要を扱うこと。イについては，生産にかかわる全般的な管理の概要を扱うこと。ウについては，生産と流通手段や経費などについて基礎的な内容を扱うこと。,74QA505220000000
工業,3316,ウ　内容の(3)のアについては，生産工程の計画や作業日程などを扱うこと。イについては，基本的な品質管理方法の原理及び活用方法を扱うこと。,74QA505230000000
工業,3317,エ　内容の(4)のアについては，機械の保守と保全を扱うこと。イについては，安全管理の意義，目的及びその手法に重点を置いて，災害防止の概要を扱うこと。ウについては，生産活動における環境汚染の防止，省エネルギー及びリサイクルの概要を扱うこと。,74QA505240000000
工業,3318,オ　内容の(5)のアについては，人事管理の進め方，賃金，福利厚生，労使関係などの概要を扱うこと。イについては，工業会計の基礎的な内容を扱うこと。また，原価計算についても触れること。ウについては，工場経営に関する基本的な法規の目的と概要を扱うこと。エについては，起業の重要性を扱うこと。,74QA505250000000
工業,3319,第11　環境工学基礎,74QB500000000000
工業,3320,"１　目　標
　工業の各分野における環境工学に関する知識と技術を習得させ，環境に関する調査，評価，管理などに活用する能力と態度を育てる。",74QB502000000000
工業,3321,２　内　容,74QB503000000000
工業,3322,(1) 人間と環境,74QB503100000000
工業,3323,(2) 産業と環境,74QB503200000000
工業,3324,ア　環境問題の推移,74QB503210000000
工業,3325,イ　環境リスクと安全,74QB503220000000
工業,3326,ウ　産業界の対応,74QB503230000000
工業,3327,(3) 生活環境の保全,74QB503300000000
工業,3328,ア　都市環境,74QB503310000000
工業,3329,イ　住環境と健康,74QB503320000000
工業,3330,(4) 環境に関する法規,74QB503400000000
工業,3331,ア　環境保全に関する法規,74QB503410000000
工業,3332,イ　環境評価の基礎,74QB503420000000
工業,3333,(5) 環境対策技術の基礎,74QB503500000000
工業,3334,ア　大気,74QB503510000000
工業,3335,イ　水質,74QB503520000000
工業,3336,ウ　土壌,74QB503530000000
工業,3337,エ　音・振動・臭気,74QB503540000000
工業,3338,オ　廃棄物,74QB503550000000
工業,3339,３　内容の取扱い,74QB505000000000
工業,3340,(1) 内容の構成及びその取扱いに当たっては，次の事項に配慮するものとする。,74QB505100000000
工業,3341,ア　指導に当たっては，工業生産において環境への配慮が重要であることを理解させるとともに，自然科学的及び工学的な見地から扱い，環境の改善について考えさせること。,74QB505110000000
工業,3342,イ　指導に当たっては，地域の身近な環境問題を取り上げ，調査，報告書の作成，発表などをさせること。,74QB505120000000
工業,3343,(2) 内容の範囲や程度については，次の事項に配慮するものとする。,74QB505200000000
工業,3344,ア　内容の(1)については，地球の成り立ち，資源やエネルギーの有限性，地球環境の現状などを扱うこと。また，持続可能な社会の構築に向け技術者が果たす役割についても扱うこと。,74QB505210000000
工業,3345,イ　内容の(2)のイについては，環境へのリスクの概要を扱うこと。ウについては，産業界における環境保全やリサイクルなどの対策を扱うこと。,74QB505220000000
工業,3346,ウ　内容の(3)のアについては，都市環境の保全技術の概要を扱うこと。イについては，住環境による健康への影響の概要を扱うこと。,74QB505230000000
工業,3347,エ　内容の(4)のアについては，環境保全に関する基本的な法規の目的と概要を扱うこと。イについては，基本的な環境評価の手法を扱うこと。,74QB505240000000
工業,3348,オ　内容の(5)については，環境対策に関する各技術の概要を扱うこと。,74QB505250000000
工業,3349,第12　機械工作,74QC500000000000
工業,3350,"１　目　標
　機械工作に関する知識と技術を習得させ，実際に活用する能力と態度を育てる。",74QC502000000000
工業,3351,２　内　容,74QC503000000000
工業,3352,(1) 機械工作法の発達,74QC503100000000
工業,3353,(2) 機械材料,74QC503200000000
工業,3354,ア　材料の加工性と活用,74QC503210000000
工業,3355,イ　金属材料,74QC503220000000
工業,3356,ウ　新素材,74QC503230000000
工業,3357,(3) 各種の工作法,74QC503300000000
工業,3358,ア　主な工作法,74QC503310000000
工業,3359,イ　特殊な工作法,74QC503320000000
工業,3360,(4) 工業量の測定と計測機器,74QC503400000000
工業,3361,ア　測定の基礎,74QC503410000000
工業,3362,イ　計測機器,74QC503420000000
工業,3363,(5) 生産の管理,74QC503500000000
工業,3364,ア　生産計画と管理,74QC503510000000
工業,3365,イ　情報技術によるシステム化,74QC503520000000
工業,3366,(6) 機械加工と生産の自動化の基礎,74QC503600000000
工業,3367,３　内容の取扱い,74QC505000000000
工業,3368,(1) 内容の構成及びその取扱いに当たっては，次の事項に配慮するものとする。,74QC505100000000
工業,3369,ア　指導に当たっては，技術の進展に対応した機械材料，工作機械及び計測機器について扱うとともに，実習と関連付けて理解させること。,74QC505110000000
工業,3370,(2) 内容の範囲や程度については，次の事項に配慮するものとする。,74QC505200000000
工業,3371,ア　内容の(1)については，機械材料，工作機械及び工作法の発達を扱うとともに，それらが相互に関連して発達してきたことを扱うこと。また，機械の発達と産業社会との関係についても扱うこと。,74QC505210000000
工業,3372,イ　内容の(2)のイについては，主な金属材料の機械的性質と利用方法を扱うこと。ウについては，新素材の機械的性質について基礎的な内容を扱うこと。,74QC505220000000
工業,3373,ウ　内容の(3)のアについては，主な工作法の原理と方法及びその発展の動向を扱うこと。また，具体的な事例を通して，ジグや取付具の構成と用途を扱うこと。イについては，レーザー加工法，放電加工法などの原理と方法を扱うこと。,74QC505230000000
工業,3374,エ　内容の(4)については，機械に関する基本的な工業量の測定及び計測機器の原理を扱うこと。,74QC505240000000
工業,3375,オ　内容の(5)については，生産の管理手法について総合的に扱うこと。また，災害の予防や安全対策及び情報技術の利用による管理のシステム化について基礎的な内容を扱うこと。,74QC505250000000
工業,3376,カ　内容の(6)については，数値制御工作機械とコンピュータ制御により自動化された生産方式について基礎的な内容を扱うこと。,74QC505260000000
工業,3377,第13　機械設計,74QD500000000000
工業,3378,"１　目　標
　機械設計に関する知識と技術を習得させ，器具，機械などを創造的，合理的に設計する能力と態度を育てる。",74QD502000000000
工業,3379,２　内　容,74QD503000000000
工業,3380,(1) 機械と設計,74QD503100000000
工業,3381,(2) 機械に働く力,74QD503200000000
工業,3382,ア　機械に働く力と運動,74QD503210000000
工業,3383,イ　エネルギーと仕事及び動力の関係,74QD503220000000
工業,3384,(3) 材料の強さ,74QD503300000000
工業,3385,ア　機械部分に生ずる応力とひずみの関係,74QD503310000000
工業,3386,イ　機械部分の形状,74QD503320000000
工業,3387,(4) 機械要素と装置,74QD503400000000
工業,3388,ア　締結要素,74QD503410000000
工業,3389,イ　軸要素,74QD503420000000
工業,3390,ウ　伝達装置,74QD503430000000
工業,3391,エ　緩衝装置,74QD503440000000
工業,3392,オ　管路・構造物・圧力容器,74QD503450000000
工業,3393,(5) 器具と機械の設計,74QD503500000000
工業,3394,ア　器具の設計,74QD503510000000
工業,3395,イ　機械の設計,74QD503520000000
工業,3396,３　内容の取扱い,74QD505000000000
工業,3397,(1) 内容の構成及びその取扱いに当たっては，次の事項に配慮するものとする。,74QD505100000000
工業,3398,ア　指導に当たっては，機械に働く力や機構について工学的に理解させること。,74QD505110000000
工業,3399,イ　内容の(4)のイ，エ及びオについては，生徒の実態や学科の特色に応じて，選択して扱うことができること。,74QD505120000000
工業,3400,ウ　内容の(5)については，生徒の実態や学科の特色に応じて，ア又はイのいずれかを選択して設計の手順について理解させ，設計させること。,74QD505130000000
工業,3401,(2) 内容の範囲や程度については，次の事項に配慮するものとする。,74QD505200000000
工業,3402,ア　内容の(1)については，機械が機構と機械要素から成り立っていること及び生産における設計の役割を扱うこと。,74QD505210000000
工業,3403,イ　内容の(2)のアについては，機械に働く力と運動に関する基本的な法則及び具体的な事例を通して基本的な計算方法を扱うこと。イについては，基本的な計算方法を扱うこと。,74QD505220000000
工業,3404,ウ　内容の(3)のアについては，機械部分に生ずる応力とひずみの基礎的な内容を扱うとともに，機械部分の形状と大きさを決める方法と基本的な計算方法を扱うこと。また，座屈については計算式の活用を中心に扱うこと。イについては，はりの断面の形状と寸法の計算を扱うこと。,74QD505230000000
工業,3405,エ　内容の(4)のアからオまでについては，要素と装置の種類，特性及び用途を扱うこと。,74QD505240000000
工業,3406,オ　内容の(5)については，コンピュータを用いた設計の方法についても基礎的な内容を扱うこと。,74QD505250000000
工業,3407,第14　原動機,74QE500000000000
工業,3408,"１　目　標
　原動機の構造と機能に関する知識と技術を習得させ，原動機を有効に活用する能力と態度を育てる。",74QE502000000000
工業,3409,２　内　容,74QE503000000000
工業,3410,(1) エネルギー変換と環境,74QE503100000000
工業,3411,ア　動力とエネルギー,74QE503110000000
工業,3412,イ　エネルギーと原動機,74QE503120000000
工業,3413,ウ　エネルギーと環境,74QE503130000000
工業,3414,エ　新エネルギーと原動機,74QE503140000000
工業,3415,(2) 流体機械,74QE503200000000
工業,3416,ア　流体の性質と力学,74QE503210000000
工業,3417,イ　水車とポンプ,74QE503220000000
工業,3418,ウ　送風機と圧縮機,74QE503230000000
工業,3419,エ　油空圧機器,74QE503240000000
工業,3420,(3) 内燃機関の基礎,74QE503300000000
工業,3421,ア　熱力学の基礎,74QE503310000000
工業,3422,イ　内燃機関の原理,74QE503320000000
工業,3423,(4) 自動車,74QE503400000000
工業,3424,ア　自動車と社会生活,74QE503410000000
工業,3425,イ　ガソリン機関,74QE503420000000
工業,3426,ウ　ディーゼル機関,74QE503430000000
工業,3427,エ　自動車の安全技術と環境対策,74QE503440000000
工業,3428,(5) タービンエンジン,74QE503500000000
工業,3429,ア　蒸気タービン,74QE503510000000
工業,3430,イ　ガスタービン,74QE503520000000
工業,3431,(6) 冷凍装置,74QE503600000000
工業,3432,３　内容の取扱い,74QE505000000000
工業,3433,(1) 内容の構成及びその取扱いに当たっては，次の事項に配慮するものとする。,74QE505100000000
工業,3434,ア　指導に当たっては，原動機の理論と実際の機器とを関連させて，具体的に理解させること。,74QE505110000000
工業,3435,(2) 内容の範囲や程度については，次の事項に配慮するものとする。,74QE505200000000
工業,3436,ア　内容の(1)のウについては，エネルギー消費と環境問題との関連にも触れること。エについては，技術の進展に対応した新エネルギーの内容を扱うとともに，自然エネルギーの活用についても触れること。,74QE505210000000
工業,3437,イ　内容の(2)のアについては，液体及び気体の性質と基本的な力学計算を扱うこと。イからエまでについては，流体機械の構造，機能及び利用例を扱うこと。,74QE505220000000
工業,3438,ウ　内容の(3)のアについては，熱と仕事の関係を扱うこと。,74QE505230000000
工業,3439,エ　内容の(4)のアについては，自動車が社会生活や産業において果たしている役割を扱うこと。イ及びウについては，エネルギー変換の原理と機関の構造を扱うこと。機関の性能については，各種のサイクル及び日本工業規格に基づく性能試験の基礎的な内容を扱うこと。エについては，自動車に関する基本的な法規の目的と概要及び安全技術と環境対策に関する基礎的な内容を扱うこと。,74QE505240000000
工業,3440,オ　内容の(5)のアについては，火力発電及び原子力発電における動力発生について，原理，構成，利用及び環境への配慮を扱うこと。イについては，ジェットエンジンも扱うこと。,74QE505250000000
工業,3441,カ　内容の(6)については，冷凍装置の原理と仕組みについて基礎的な内容を扱うこと。,74QE505260000000
工業,3442,第15　電子機械,74QF500000000000
工業,3443,"１　目　標
　電子機械に関する知識と技術を習得させ，実際に活用する能力と態度を育てる。",74QF502000000000
工業,3444,２　内　容,74QF503000000000
工業,3445,(1) 電子機械と産業社会,74QF503100000000
工業,3446,ア　身近な電子機械,74QF503110000000
工業,3447,イ　電子機械と生産ライン,74QF503120000000
工業,3448,(2) 機械の機構と運動の伝達,74QF503200000000
工業,3449,ア　基本的な機械要素,74QF503210000000
工業,3450,イ　基本的なメカニズム,74QF503220000000
工業,3451,(3) センサとアクチュエータの基礎,74QF503300000000
工業,3452,ア　センサ,74QF503310000000
工業,3453,イ　アクチュエータ,74QF503320000000
工業,3454,(4) シーケンス制御の基礎,74QF503400000000
工業,3455,ア　リレーシーケンス,74QF503410000000
工業,3456,イ　プログラマブルコントローラ,74QF503420000000
工業,3457,(5) コンピュータ制御の基礎,74QF503500000000
工業,3458,ア　コンピュータとインタフェース,74QF503510000000
工業,3459,イ　外部機器の制御,74QF503520000000
工業,3460,(6) メカトロニクスの活用,74QF503600000000
工業,3461,３　内容の取扱い,74QF505000000000
工業,3462,(1) 内容の構成及びその取扱いに当たっては，次の事項に配慮するものとする。,74QF505100000000
工業,3463,ア　指導に当たっては，身近なメカトロニクスに関する事例を通して，総合的に理解させること。,74QF505110000000
工業,3464,イ　内容の(1)のアについては，身近な事例を通して，電子機械が社会生活や産業において果たしている役割について理解させるとともに，省エネルギーや環境保全などの分野における重要な技術であることについて理解させること。,74QF505120000000
工業,3465,(2) 内容の範囲や程度については，次の事項に配慮するものとする。,74QF505200000000
工業,3466,ア　内容の(2)のアについては，電子機械に必要な締結要素，軸要素及び伝達要素の概要を扱うこと。イについては，電子機械の基本的なメカニズムの特徴を扱うこと。,74QF505210000000
工業,3467,イ　内容の(3)のアについては，主なセンサの原理，特徴及び利用例を扱うこと。イについては，主なアクチュエータの原理，特徴及び利用例を扱うこと。,74QF505220000000
工業,3468,ウ　内容の(4)については，具体的な事例を通して，シーケンス制御の仕組みを扱うこと。,74QF505230000000
工業,3469,エ　内容の(5)のアについては，インタフェース回路の原理と方法及び制御プログラムを扱うこと。イについては，外部機器からのフィードバック信号を利用した制御の原理と方法及び外部機器の基本的な制御技術を扱うこと。,74QF505240000000
工業,3470,オ　内容の(6)については，簡単なメカトロニクス製品を例に，マイクロコンピュータの組込み技術，制御機構及びソフトウェア技術を扱うこと。また，簡単なメカトロニクスを活用した機械を設計させること。,74QF505250000000
工業,3471,第16　電子機械応用,74QG500000000000
工業,3472,"１　目　標
　電子機械に関する応用的な知識と技術を習得させ，実際に活用する能力と態度を育てる。",74QG502000000000
工業,3473,２　内　容,74QG503000000000
工業,3474,(1) 動力用アクチュエータ,74QG503100000000
工業,3475,ア　電力を利用したアクチュエータ,74QG503110000000
工業,3476,イ　流体を利用したアクチュエータ,74QG503120000000
工業,3477,(2) 産業用ロボット,74QG503200000000
工業,3478,ア　ロボットの基礎,74QG503210000000
工業,3479,イ　ロボットの制御システム,74QG503220000000
工業,3480,ウ　ロボットの操作と安全管理,74QG503230000000
工業,3481,(3) ファクトリーオートメーション,74QG503300000000
工業,3482,ア　ＣＡＤ／ＣＡＭの基礎,74QG503310000000
工業,3483,イ　数値制御工作機械,74QG503320000000
工業,3484,ウ　生産システムの基礎,74QG503330000000
工業,3485,エ　ネットワーク技術,74QG503340000000
工業,3486,(4) 電子機械応用設計,74QG503400000000
工業,3487,ア　自動化機器の調査と研究,74QG503410000000
工業,3488,イ　メカトロニクスシステムの設計,74QG503420000000
工業,3489,３　内容の取扱い,74QG505000000000
工業,3490,(1) 内容の構成及びその取扱いに当たっては，次の事項に配慮するものとする。,74QG505100000000
工業,3491,ア　内容の(4)については，生徒の実態や学科の特色に応じて，ア又はイのいずれかを選択して扱うことができること。,74QG505110000000
工業,3492,(2) 内容の範囲や程度については，次の事項に配慮するものとする。,74QG505200000000
工業,3493,ア　内容の(1)のアについては，出力の大きなアクチュエータの基本的な技術を扱うこと。イについては，空気圧及び油圧を利用したアクチュエータを扱うこと。,74QG505210000000
工業,3494,イ　内容の(2)については，産業用ロボットについて基礎的な内容を扱うこと。,74QG505220000000
工業,3495,ウ　内容の(3)については，ファクトリーオートメーションを構成する基本的な技術及びそれらを統合する基本的なネットワーク技術を扱うこと。,74QG505230000000
工業,3496,エ　内容の(4)のアについては，身近な自動化機器を対象として，システム化の技術や最適なシステムの在り方について調査や研究をさせること。イについては，簡単なメカトロニクスシステムの構想，設計及び製作手順までの一貫した内容を扱うこと。,74QG505240000000
工業,3497,第17　自動車工学,74QH500000000000
工業,3498,"１　目　標
　自動車の構造と機能に関する知識と技術を習得させ，実際に活用する能力と態度を育てる。",74QH502000000000
工業,3499,２　内　容,74QH503000000000
工業,3500,(1) 人と自動車,74QH503100000000
工業,3501,(2) 自動車の原理,74QH503200000000
工業,3502,ア　自動車の概要と力学,74QH503210000000
工業,3503,イ　自動車用機関の働きと動力伝達に関する装置,74QH503220000000
工業,3504,ウ　自動車の操作と制動,74QH503230000000
工業,3505,(3) 自動車の構造,74QH503300000000
工業,3506,ア　自動車用機関と性能,74QH503310000000
工業,3507,イ　自動車用機関の付属装置,74QH503320000000
工業,3508,ウ　車体と付属装置,74QH503330000000
工業,3509,エ　走行と性能,74QH503340000000
工業,3510,(4) 自動車と電気・電子技術,74QH503400000000
工業,3511,ア　自動車の電気装置,74QH503410000000
工業,3512,イ　自動車の電子制御技術,74QH503420000000
工業,3513,(5) 自動車と安全,74QH503500000000
工業,3514,(6) 自動車と環境,74QH503600000000
工業,3515,３　内容の取扱い,74QH505000000000
工業,3516,(1) 内容の構成及びその取扱いに当たっては，次の事項に配慮するものとする。,74QH505100000000
工業,3517,ア　指導に当たっては，現代社会における自動車の役割及び技術について総合的に理解させること。,74QH505110000000
工業,3518,(2) 内容の範囲や程度については，次の事項に配慮するものとする。,74QH505200000000
工業,3519,ア　内容の(1)については，自動車の発明と進歩，自動車産業と社会とのかかわり及び自動車と人間生活とのかかわりを扱うこと。,74QH505210000000
工業,3520,イ　内容の(2)のアについては，動力の発生，自動車の操作装置，材料の性質などを扱うこと。イについては，自動車用機関の働きと動力伝達に関連する装置の基礎的な内容を扱うこと。,74QH505220000000
工業,3521,ウ　内容の(3)のウについては，技術の進展に対応した題材を取り上げ，基礎的な内容を扱うこと。エについては，走行性能と走行試験を関連付けて扱うこと。,74QH505230000000
工業,3522,エ　内容の(4)のアについては，自動車の電気装置の原理と構造及び機能について扱うこと。イについては，自動車の電子制御技術の基礎的な内容を扱うこと。,74QH505240000000
工業,3523,オ　内容の(5)については，自動車の安全確保に関する技術の基礎的な内容を扱うこと。,74QH505250000000
工業,3524,カ　内容の(6)については，排出ガスの対策など自動車の環境保全に関する技術の基礎的な内容を扱うこと。,74QH505260000000
工業,3525,第18　自動車整備,74QI500000000000
工業,3526,"１　目　標
　自動車整備に関する知識と技術を習得させ，実際に活用する能力と態度を育てる。",74QI502000000000
工業,3527,２　内　容,74QI503000000000
工業,3528,(1) 自動車整備と関係法規,74QI503100000000
工業,3529,ア　自動車整備の目的と内容,74QI503110000000
工業,3530,イ　自動車の整備に関する法規,74QI503120000000
工業,3531,ウ　自動車整備事業と自動車整備士,74QI503130000000
工業,3532,(2) 自動車用材料,74QI503200000000
工業,3533,ア　自動車用材料の加工,74QI503210000000
工業,3534,イ　自動車用材料のリサイクル,74QI503220000000
工業,3535,ウ　自動車整備に伴う工作法と機器,74QI503230000000
工業,3536,(3) 自動車の整備と試験,74QI503300000000
工業,3537,ア　自動車用機関と関連装置の整備,74QI503310000000
工業,3538,イ　自動車シャシと関連装置の整備,74QI503320000000
工業,3539,ウ　環境保全と安全確保に関する装置の整備,74QI503330000000
工業,3540,３　内容の取扱い,74QI505000000000
工業,3541,(1) 内容の構成及びその取扱いに当たっては，次の事項に配慮するものとする。,74QI505100000000
工業,3542,ア　内容の(2)及び(3)については，実験・実習を通して具体的に理解させること。,74QI505110000000
工業,3543,(2) 内容の範囲や程度については，次の事項に配慮するものとする。,74QI505200000000
工業,3544,ア　内容の(1)のイについては，自動車整備に関する基本的な法規の目的と概要を，整備の体系と関連させて扱うこと。,74QI505210000000
工業,3545,イ　内容の(2)のアについては，自動車用材料の加工法を扱うこと。イについては，リサイクルを考慮した自動車用材料を通して省資源と環境保全の重要性を扱うこと。ウについては，自動車整備に関連する工作機器の原理と基礎的な工作法を扱うこと。,74QI505220000000
工業,3546,ウ　内容の(3)のア及びイについては，関連する装置も含めて総合的に扱い，点検，測定，調整，検査及び試験に関しては，基礎的な内容を扱うこと。ウについては，技術の進展に対応した題材を取り上げ，基礎的な内容を扱うこと。,74QI505230000000
工業,3547,第19　電気基礎,74QJ500000000000
工業,3548,"１　目　標
　電気に関する知識と技術を習得させ，実際に活用する能力と態度を育てる。",74QJ502000000000
工業,3549,２　内　容,74QJ503000000000
工業,3550,(1) 直流回路,74QJ503100000000
工業,3551,ア　電気回路の電流・電圧・抵抗,74QJ503110000000
工業,3552,イ　消費電力と発生熱量,74QJ503120000000
工業,3553,ウ　電気抵抗,74QJ503130000000
工業,3554,エ　電気の各種作用,74QJ503140000000
工業,3555,(2) 磁気と静電気,74QJ503200000000
工業,3556,ア　電流と磁気,74QJ503210000000
工業,3557,イ　静電気の基礎,74QJ503220000000
工業,3558,(3) 交流回路,74QJ503300000000
工業,3559,ア　交流回路の基礎,74QJ503310000000
工業,3560,イ　交流回路の電流・電圧・電力,74QJ503320000000
工業,3561,ウ　記号法,74QJ503330000000
工業,3562,エ　三相交流,74QJ503340000000
工業,3563,(4) 電気計測,74QJ503400000000
工業,3564,ア　電気計測の基礎,74QJ503410000000
工業,3565,イ　基礎量の測定,74QJ503420000000
工業,3566,ウ　測定量の取扱い,74QJ503430000000
工業,3567,(5) 各種の波形,74QJ503500000000
工業,3568,ア　非正弦波交流,74QJ503510000000
工業,3569,イ　過渡現象,74QJ503520000000
工業,3570,３　内容の取扱い,74QJ505000000000
工業,3571,(1) 内容の構成及びその取扱いに当たっては，次の事項に配慮するものとする。,74QJ505100000000
工業,3572,ア　計算方法の取扱いに当たっては，演習を重視し，実際に活用させること。,74QJ505110000000
工業,3573,(2) 内容の範囲や程度については，次の事項に配慮するものとする。,74QJ505200000000
工業,3574,ア　内容の(1)のアについては，電流，電圧及び抵抗の意味と関係する基本的な量と計算方法を扱うこと。イについては，電流による発熱，電力及び電力量を扱うこと。エについては，電気による各種作用の原理と利用を扱うこと。,74QJ505210000000
工業,3575,イ　内容の(2)については，電流と磁気に関する基本的な計算方法を扱うこと。,74QJ505220000000
工業,3576,ウ　内容の(3)のアについては，交流の状態を表す諸量を扱うこと。イについては，交流回路における抵抗，インダクタンス及び静電容量についての基本的な計算方法を扱うこと。ウについては，交流回路における電流及び電圧の基本的な計算方法を扱うこと。,74QJ505230000000
工業,3577,エ　内容の(4)のアについては，主な電気計器の基本原理，構造，特性及び取扱い方法を扱うこと。イについては，基礎量の基本的な測定法を扱うこと。ウについては，測定に伴う誤差や測定値の取扱いなどを扱うこと。,74QJ505240000000
工業,3578,オ　内容の(5)のアについては，代表的な波形を扱うこと。イについては，電気回路における過渡現象の発生とその回路の時定数を扱うこと。,74QJ505250000000
工業,3579,第20　電気機器,74QK500000000000
工業,3580,"１　目　標
　電気機器及び電気材料に関する知識と技術を習得させ，実際に活用する能力と態度を育てる。",74QK502000000000
工業,3581,２　内　容,74QK503000000000
工業,3582,(1) 直流機器,74QK503100000000
工業,3583,ア　直流発電機,74QK503110000000
工業,3584,イ　直流電動機,74QK503120000000
工業,3585,ウ　特殊電動機,74QK503130000000
工業,3586,(2) 交流機器,74QK503200000000
工業,3587,ア　変圧器,74QK503210000000
工業,3588,イ　誘導機,74QK503220000000
工業,3589,ウ　同期機,74QK503230000000
工業,3590,(3) 電気材料,74QK503300000000
工業,3591,ア　導電材料,74QK503310000000
工業,3592,イ　磁性材料,74QK503320000000
工業,3593,ウ　絶縁材料,74QK503330000000
工業,3594,(4) パワーエレクトロニクス,74QK503400000000
工業,3595,ア　パワーエレクトロニクス素子,74QK503410000000
工業,3596,イ　基本回路,74QK503420000000
工業,3597,ウ　応用回路,74QK503430000000
工業,3598,３　内容の取扱い,74QK505000000000
工業,3599,(1) 内容の構成及びその取扱いに当たっては，次の事項に配慮するものとする。,74QK505100000000
工業,3600,ア　計算方法の取扱いに当たっては，演習を重視し，実際に活用させること。,74QK505110000000
工業,3601,イ　指導に当たっては，電気機器に関する法規及び日本工業規格などの各種規格について，内容と関連させて扱うこと。,74QK505120000000
工業,3602,(2) 内容の範囲や程度については，次の事項に配慮するものとする。,74QK505200000000
工業,3603,ア　内容の(1)については，直流機器の原理，構造及び特性を扱うこと。,74QK505210000000
工業,3604,イ　内容の(2)については，交流機器の原理，構造及び特性を扱うこと。,74QK505220000000
工業,3605,ウ　内容の(3)については，電気材料の特性及び取扱い方法を扱うこと。,74QK505230000000
工業,3606,エ　内容の(4)のアについては，パワーエレクトロニクス素子の原理，構造及び特性を扱うこと。イ及びウについては，パワーエレクトロニクス素子を使用した基本的な電子回路を扱うこと。,74QK505240000000
工業,3607,第21　電力技術,74QL500000000000
工業,3608,"１　目　標
　電力技術に関する知識と技術を習得させ，実際に活用する能力と態度を育てる。",74QL502000000000
工業,3609,２　内　容,74QL503000000000
工業,3610,(1) 発電,74QL503100000000
工業,3611,ア　発電方式,74QL503110000000
工業,3612,イ　水力発電,74QL503120000000
工業,3613,ウ　火力発電,74QL503130000000
工業,3614,エ　原子力発電,74QL503140000000
工業,3615,オ　新しい発電方式　,74QL503150000000
工業,3616,(2) 送電と配電,74QL503200000000
工業,3617,ア　送電,74QL503210000000
工業,3618,イ　配電,74QL503220000000
工業,3619,ウ　自家用変電所と屋内配線,74QL503230000000
工業,3620,(3) 自動制御,74QL503300000000
工業,3621,ア　シーケンス制御,74QL503310000000
工業,3622,イ　フィードバック制御,74QL503320000000
工業,3623,ウ　コンピュータ制御,74QL503330000000
工業,3624,(4) 省エネルギー技術,74QL503400000000
工業,3625,ア　発電・送電の省エネルギー技術,74QL503410000000
工業,3626,イ　電力利用の省エネルギー技術,74QL503420000000
工業,3627,(5) 各種の電力応用,74QL503500000000
工業,3628,ア　照明,74QL503510000000
工業,3629,イ　電熱,74QL503520000000
工業,3630,ウ　電気化学,74QL503530000000
工業,3631,エ　電気鉄道,74QL503540000000
工業,3632,オ　家庭用電気機器,74QL503550000000
工業,3633,(6) 電気に関する法規,74QL503600000000
工業,3634,ア　電気事業に関する法規,74QL503610000000
工業,3635,イ　電気工事に関する法規,74QL503620000000
工業,3636,ウ　電気用品に関する法規,74QL503630000000
工業,3637,３　内容の取扱い,74QL505000000000
工業,3638,(1) 内容の構成及びその取扱いに当たっては，次の事項に配慮するものとする。,74QL505100000000
工業,3639,ア　内容の(5)のアからオまでについては，生徒の実態や学科の特色に応じて，選択して扱うことができること。,74QL505110000000
工業,3640,(2) 内容の範囲や程度については，次の事項に配慮するものとする。,74QL505200000000
工業,3641,ア　内容の(1)のアについては，主な発電方式の概要と特徴を扱うこと。イからエまでについては，発電の基本原理，方法，構成及び特性を扱うこと。オについては，太陽光発電，風力発電などを扱うこと。,74QL505210000000
工業,3642,イ　内容の(2)のアについては，送電の方式と特性を扱うこと。変電所については，構成及び運用の基礎的な内容を扱うこと。イについては，配電の方式，構成，特性及び保守の基礎的な内容を扱うこと。ウについては，自家用変電所の構成と関連する基本的な法規の目的と概要及び屋内配線の設計・施工を扱うこと。,74QL505220000000
工業,3643,ウ　内容の(3)については，電気エネルギーに関する制御の基本原理，制御系の構成及び動作を扱うこと。,74QL505230000000
工業,3644,エ　内容の(4)については，発電・送電及び電力利用時の省エネルギー技術の原理と方法を扱うこと。,74QL505240000000
工業,3645,オ　内容の(5)については，電力応用の基本原理，機器と装置の構成及び利用例を扱うこと。,74QL505250000000
工業,3646,カ　内容の(6)については，電気に関する基本的な法規の目的と概要を扱うこと。,74QL505260000000
工業,3647,第22　電子技術,74QM500000000000
工業,3648,"１　目　標
　電子技術に関する知識と技術を習得させ，実際に活用する能力と態度を育てる。",74QM502000000000
工業,3649,２　内　容,74QM503000000000
工業,3650,(1) 電子技術の概要,74QM503100000000
工業,3651,(2) 半導体と電子回路,74QM503200000000
工業,3652,ア　半導体,74QM503210000000
工業,3653,イ　電子回路の基礎,74QM503220000000
工業,3654,(3) ＡＤ変換とＤＡ変換の基礎,74QM503300000000
工業,3655,ア　ＡＤ変換,74QM503310000000
工業,3656,イ　ＤＡ変換,74QM503320000000
工業,3657,(4) 通信システムの基礎,74QM503400000000
工業,3658,ア　有線通信,74QM503410000000
工業,3659,イ　無線通信,74QM503420000000
工業,3660,ウ　画像通信,74QM503430000000
工業,3661,エ　データ通信,74QM503440000000
工業,3662,オ　通信に関する法規,74QM503450000000
工業,3663,(5) 音響・映像機器の基礎,74QM503500000000
工業,3664,ア　音響機器,74QM503510000000
工業,3665,イ　映像機器,74QM503520000000
工業,3666,(6) 電子計測の基礎,74QM503600000000
工業,3667,ア　高周波計測,74QM503610000000
工業,3668,イ　応用計測,74QM503620000000
工業,3669,３　内容の取扱い,74QM505000000000
工業,3670,(1) 内容の構成及びその取扱いに当たっては，次の事項に配慮するものとする。,74QM505100000000
工業,3671,ア　計算方法の取扱いに当たっては，演習を重視し，実際に活用させること。,74QM505110000000
工業,3672,(2) 内容の範囲や程度については，次の事項に配慮するものとする。,74QM505200000000
工業,3673,ア　内容の(1)については，電子技術の発達や現代社会における役割などを扱うこと。,74QM505210000000
工業,3674,イ　内容の(2)のアについては，半導体の原理並びに半導体素子の種類，特性及び具体的な働きを扱うこと。イについては，代表的なアナログ及びディジタル回路の基礎的な内容を扱うこと。,74QM505220000000
工業,3675,ウ　内容の(3)については，ＡＤ変換及びＤＡ変換の原理と利用例を扱うこと。,74QM505230000000
工業,3676,エ　内容の(4)のアからエまでについては，通信に必要な電子機器の特性と利用例及び主な通信機器と通信システムの基礎的な内容を扱うこと。オについては，通信に関する基本的な法規の目的と概要を扱うこと。,74QM505240000000
工業,3677,オ　内容の(5)については，アナログ及びディジタル技術を利用した音響機器及び映像機器の原理と構造を扱うこと。,74QM505250000000
工業,3678,カ　内容の(6)のアについては，高周波測定に用いる基本的な測定器の原理と測定方法を扱うこと。イについては，電子計測に用いられる基本的なセンサの原理と応用例を扱うこと。,74QM505260000000
工業,3679,第23　電子回路,74QN500000000000
工業,3680,"１　目　標
　電子回路に関する知識と技術を習得させ，実際に活用する能力と態度を育てる。",74QN502000000000
工業,3681,２　内　容,74QN503000000000
工業,3682,(1) 電子回路用素子,74QN503100000000
工業,3683,ア　ダイオード,74QN503110000000
工業,3684,イ　トランジスタ,74QN503120000000
工業,3685,ウ　集積回路,74QN503130000000
工業,3686,(2) 電子回路の基礎,74QN503200000000
工業,3687,ア　低周波増幅回路,74QN503210000000
工業,3688,イ　高周波増幅回路,74QN503220000000
工業,3689,(3) 各種の電子回路,74QN503300000000
工業,3690,ア　電源回路,74QN503310000000
工業,3691,イ　発振回路,74QN503320000000
工業,3692,ウ　パルス回路,74QN503330000000
工業,3693,エ　変調・復調回路,74QN503340000000
工業,3694,３　内容の取扱い,74QN505000000000
工業,3695,(1) 内容の構成及びその取扱いに当たっては，次の事項に配慮するものとする。,74QN505100000000
工業,3696,ア　指導に当たっては，回路素子の機能や特性，基本的な電子回路について定量的に扱うこと。,74QN505110000000
工業,3697,イ　指導に当たっては，簡単な電子回路の設計や製作を通して具体的に理解させること。,74QN505120000000
工業,3698,(2) 内容の範囲や程度については，次の事項に配慮するものとする。,74QN505200000000
工業,3699,ア　内容の(1)のア及びイについては，電子回路で用いる代表的な素子の構造，性質及び基本的な用途を扱うこと。ウについては，アナログ及びディジタル回路に用いられる基本的な集積回路の種類，特徴，機能及び利用例を扱うこと。,74QN505210000000
工業,3700,イ　内容の(2)については，増幅回路の原理，利得，帯域幅等の基本的な特性及び電力増幅を扱うこと。また，簡単な増幅回路を設計させること。,74QN505220000000
工業,3701,ウ　内容の(3)については，代表的な電子回路の構成，動作原理及び取扱い方法を扱うこと。ウについては，パルス波の有用性，発生及び整形の方法を扱うこと。,74QN505230000000
工業,3702,第24　電子計測制御,74QO500000000000
工業,3703,"１　目　標
　電子計測制御に関する知識と技術を習得させ，実際に活用する能力と態度を育てる。",74QO502000000000
工業,3704,２　内　容,74QO503000000000
工業,3705,(1) 電子計測制御の概要,74QO503100000000
工業,3706,ア　電子計測制御の基礎,74QO503110000000
工業,3707,イ　計測制御機器とデータ処理,74QO503120000000
工業,3708,(2) シーケンス制御,74QO503200000000
工業,3709,ア　シーケンス制御の基礎,74QO503210000000
工業,3710,イ　シーケンス制御の機器,74QO503220000000
工業,3711,ウ　基本的な回路,74QO503230000000
工業,3712,エ　プログラマブルコントローラの利用,74QO503240000000
工業,3713,(3) フィードバック制御,74QO503300000000
工業,3714,ア　フィードバック制御の基礎,74QO503310000000
工業,3715,イ　制御特性,74QO503320000000
工業,3716,ウ　フィードバック制御の利用,74QO503330000000
工業,3717,(4) コンピュータによる制御の基礎,74QO503400000000
工業,3718,ア　制御装置とインタフェース,74QO503410000000
工業,3719,イ　制御プログラム,74QO503420000000
工業,3720,ウ　コンピュータによる計測制御システム,74QO503430000000
工業,3721,３　内容の取扱い,74QO505000000000
工業,3722,(1) 内容の構成及びその取扱いに当たっては，次の事項に配慮するものとする。,74QO505100000000
工業,3723,ア　指導に当たっては，計測技術，自動制御技術及びコンピュータ技術を総合的に理解させること。,74QO505110000000
工業,3724,(2) 内容の範囲や程度については，次の事項に配慮するものとする。,74QO505200000000
工業,3725,ア　内容の(1)のアについては，身近な事例を通して，電子計測制御の基本的な仕組みを扱うこと。また，情報通信ネットワークを利用した計測制御システムについても触れること。イについては，計測制御機器によるデータの簡単な測定方法及び処理方法を扱うこと。,74QO505210000000
工業,3726,イ　内容の(2)については，シーケンス制御の基本的な原理と特徴及び使用される電子機器の構成と取扱い方法を扱うこと。,74QO505220000000
工業,3727,ウ　内容の(3)については，フィードバック制御の基本的な原理，特性及び利用例を扱うこと。,74QO505230000000
工業,3728,エ　内容の(4)のアについては，コンピュータと外部機器との基本的な接続方法を扱うこと。イについては，外部機器を制御する基本的なプログラミングの方法を扱うこと。ウについては，コンピュータによる計測制御システムの概要とファクトリーオートメーションにおける計測技術の基礎的な内容を扱うこと。,74QO505240000000
工業,3729,第25　通信技術,74QP500000000000
工業,3730,"１　目　標
　情報通信に関する知識と技術を習得させ，実際に活用する能力と態度を育てる。",74QP502000000000
工業,3731,２　内　容,74QP503000000000
工業,3732,(1) 有線通信,74QP503100000000
工業,3733,ア　有線通信システム,74QP503110000000
工業,3734,イ　データ通信とネットワーク,74QP503120000000
工業,3735,ウ　光通信,74QP503130000000
工業,3736,(2) 無線通信,74QP503200000000
工業,3737,ア　電波とアンテナ,74QP503210000000
工業,3738,イ　無線通信システム,74QP503220000000
工業,3739,ウ　無線機器,74QP503230000000
工業,3740,エ　衛星を利用した通信システム,74QP503240000000
工業,3741,(3) 画像通信,74QP503300000000
工業,3742,ア　静止画像の通信,74QP503310000000
工業,3743,イ　テレビジョン技術,74QP503320000000
工業,3744,ウ　マルチメディアの通信技術,74QP503330000000
工業,3745,エ　圧縮,74QP503340000000
工業,3746,オ　暗号化,74QP503350000000
工業,3747,(4) 通信装置の入出力機器,74QP503400000000
工業,3748,ア　情報のディジタル化技術,74QP503410000000
工業,3749,イ　入出力機器,74QP503420000000
工業,3750,(5) 通信に関する法規,74QP503500000000
工業,3751,３　内容の取扱い,74QP505000000000
工業,3752,(1) 内容の構成及びその取扱いに当たっては，次の事項に配慮するものとする。,74QP505100000000
工業,3753,ア　内容の(5)については，内容の(1)から(4)までと関連させて扱うこと。,74QP505110000000
工業,3754,(2) 内容の範囲や程度については，次の事項に配慮するものとする。,74QP505200000000
工業,3755,ア　内容の(1)のアについては，有線通信回線を用いたアナログ及びディジタル通信の具体的な事例を通して，通信システムの構成及び概要を扱うこと。イについては，データ通信システム及びネットワークの概要を扱うこと。また，通信プロトコルと交換機についても触れること。ウについては，光通信の原理と利用方法を扱うこと。,74QP505210000000
工業,3756,イ　内容の(2)のアについては，電波の性質，各種アンテナの電気的特性及び電波の放射と受信を扱うこと。イについては，無線通信の方法と通信システムについて，アナログ及びディジタル通信の具体的な事例を扱うこと。,74QP505220000000
工業,3757,ウ　内容の(3)のアについては，ファクシミリの送受信の原理を扱うこと。イについては，テレビジョンの電波と送受信機の概要及びディジタル放送の特徴を扱うこと。ウについては，画像通信システム及びマルチメディアのディジタルデータを扱うネットワーク技術の基礎的な内容を扱うこと。エについては，通信データの圧縮及び復元の基本的な仕組みを扱うこと。オについては，暗号化の基本的な理論を扱うこと。,74QP505230000000
工業,3758,エ　内容の(4)については，情報通信に必要な入出力機器について，ディジタル化技術を中心に扱うこと。また，技術の進展に対応した機器を扱うこと。,74QP505240000000
工業,3759,オ　内容の(5)については，通信に関する基本的な法規の目的と概要を扱うこと。,74QP505250000000
工業,3760,第26　電子情報技術,74QQ500000000000
工業,3761,"１　目　標
　電子情報技術に関する知識と技術を習得させ，実際に活用する能力と態度を育てる。",74QQ502000000000
工業,3762,２　内　容,74QQ503000000000
工業,3763,(1) コンピュータの電子回路,74QQ503100000000
工業,3764,ア　電子回路の基礎,74QQ503110000000
工業,3765,イ　論理回路と論理代数,74QQ503120000000
工業,3766,ウ　フリップフロップと応用回路,74QQ503130000000
工業,3767,エ　レジスタと演算回路,74QQ503140000000
工業,3768,(2) コンピュータの構成と機能,74QQ503200000000
工業,3769,ア　マイクロプロセッサと処理装置,74QQ503210000000
工業,3770,イ　記憶装置と周辺機器,74QQ503220000000
工業,3771,ウ　データの流れと命令語の構成,74QQ503230000000
工業,3772,(3) コンピュータ制御,74QQ503300000000
工業,3773,ア　ハードウェアに適した言語,74QQ503310000000
工業,3774,イ　センサとアクチュエータ,74QQ503320000000
工業,3775,ウ　入出力と周辺回路,74QQ503330000000
工業,3776,エ　制御プログラム,74QQ503340000000
工業,3777,(4) コンピュータの利用と電子情報技術,74QQ503400000000
工業,3778,ア　オペレーティングシステム,74QQ503410000000
工業,3779,イ　ネットワークと情報処理形態,74QQ503420000000
工業,3780,ウ　マルチメディアと電子情報技術,74QQ503430000000
工業,3781,３　内容の取扱い,74QQ505000000000
工業,3782,(1) 内容の構成及びその取扱いに当たっては，次の事項に配慮するものとする。,74QQ505100000000
工業,3783,ア　内容の(1)のアについては，生徒の実態や学科の特色に応じて，扱わないことができること。,74QQ505110000000
工業,3784,イ　内容の(1)及び(2)については，マイクロコンピュータに関する情報技術を扱うこと。,74QQ505120000000
工業,3785,ウ　内容の(3)及び(4)については，生徒の実態や学科の特色に応じて，適切なプログラム言語を選択し，実習や演習を通して具体的に理解させること。,74QQ505130000000
工業,3786,(2) 内容の範囲や程度については，次の事項に配慮するものとする。,74QQ505200000000
工業,3787,ア　内容の(1)のアについては，コンピュータで用いられる基本的な素子の構造，性質及び基本的な用途を扱うこと。イについては，基本的な論理回路の特徴，組み合わせた論理回路の機能及び簡単な論理代数を用いた回路設計を扱うこと。ウについては，フリップフロップ回路の原理及びその応用回路の特徴と利用例を扱うこと。,74QQ505210000000
工業,3788,イ　内容の(2)のア及びイについては，装置や機器の動作原理，機能及び役割を扱うこと。ウについては，命令語の構成やデータの処理手順を扱うこと。,74QQ505220000000
工業,3789,ウ　内容の(3)のアについては，機械語及びアセンブリ言語の特徴と用途を扱うこと。イについては，コンピュータ制御に用いられるセンサの原理，構造及び特性を扱うこと。ウについては，周辺回路の用途と機能を扱うこと。エについては，計測及び制御における基礎的なプログラミングの方法を扱うこと。,74QQ505230000000
工業,3790,エ　内容の(4)のアについては，コンピュータ制御に適したオペレーティングシステムの概要を扱うこと。イについては，ネットワークシステムの概要と情報処理形態に適したシステム構築の方法を扱うこと。ウについては，マルチメディアに関連した電子情報技術の基礎的な内容を扱うこと。,74QQ505240000000
工業,3791,第27　プログラミング技術,74QR500000000000
工業,3792,"１　目　標
　コンピュータのプログラミングに関する知識と技術を習得させ，実際に活用する能力と態度を育てる。",74QR502000000000
工業,3793,２　内　容,74QR503000000000
工業,3794,(1) プログラミング技法,74QR503100000000
工業,3795,ア　順次型のプログラム,74QR503110000000
工業,3796,イ　選択型のプログラム,74QR503120000000
工業,3797,ウ　繰り返し型のプログラム,74QR503130000000
工業,3798,エ　プログラムの標準化,74QR503140000000
工業,3799,(2) 応用的プログラム ,74QR503200000000
工業,3800,ア　データ構造,74QR503210000000
工業,3801,イ　ファイル処理,74QR503220000000
工業,3802,ウ　入出力設計,74QR503230000000
工業,3803,エ　プログラムの構造化設計,74QR503240000000
工業,3804,(3) プログラム開発,74QR503300000000
工業,3805,ア　プログラム開発の手順,74QR503310000000
工業,3806,イ　プログラム開発環境,74QR503320000000
工業,3807,３　内容の取扱い,74QR505000000000
工業,3808,(1) 内容の構成及びその取扱いに当たっては，次の事項に配慮するものとする。,74QR505100000000
工業,3809,ア　指導に当たっては，生徒の実態や学科の特色に応じて，適切なプログラム言語を選択し，実習や演習を通して具体的に理解させること。,74QR505110000000
工業,3810,イ　内容の(1)については，プログラム言語の規則の習得に偏ることのないよう論理的思考の学習を重視すること。,74QR505120000000
工業,3811,(2) 内容の範囲や程度については，次の事項に配慮するものとする。,74QR505200000000
工業,3812,ア　内容の(1)及び(2)については，適切な例題を使った演習を取り入れ，基本的なプログラミング技法を扱うこと。また，基本的なアルゴリズムを扱い，プログラムの計画，作成，実施及び評価の実習を通して，効果的に情報を処理する方法を扱うこと。,74QR505210000000
工業,3813,イ　内容の(3)については，プログラム開発における要求分析や設計，ドキュメンテーション，テストなどの実習や演習を通して，効果的なプログラム開発の技法を扱うこと。,74QR505220000000
工業,3814,第28　ハードウェア技術,74QS500000000000
工業,3815,"１　目　標
　コンピュータのハードウェアに関する知識と技術を習得させ，実際に活用する能力と態度を育てる。",74QS502000000000
工業,3816,２　内　容,74QS503000000000
工業,3817,(1) ハードウェアの基礎,74QS503100000000
工業,3818,ア　電子回路と素子,74QS503110000000
工業,3819,イ　論理回路と各種レジスタ,74QS503120000000
工業,3820,ウ　コンピュータによる論理回路設計,74QS503130000000
工業,3821,(2) ハードウェアの構成,74QS503200000000
工業,3822,ア　コンピュータの機能,74QS503210000000
工業,3823,イ　中央処理装置と主記憶装置,74QS503220000000
工業,3824,ウ　周辺装置とインタフェース,74QS503230000000
工業,3825,エ　コンピュータの構成,74QS503240000000
工業,3826,(3) 制御技術,74QS503300000000
工業,3827,ア　命令とプログラム,74QS503310000000
工業,3828,イ　制御プログラムと入出力,74QS503320000000
工業,3829,ウ　割込み制御,74QS503330000000
工業,3830,(4) マイクロコンピュータの組込み技術,74QS503400000000
工業,3831,ア　マイクロプロセッサ,74QS503410000000
工業,3832,イ　周辺装置,74QS503420000000
工業,3833,ウ　組込みシステムの構成,74QS503430000000
工業,3834,(5) 組込みソフトウェア,74QS503500000000
工業,3835,ア　高水準言語によるプログラム開発,74QS503510000000
工業,3836,イ　リアルタイムオペレーティングシステム,74QS503520000000
工業,3837,３　内容の取扱い,74QS505000000000
工業,3838,(1) 内容の構成及びその取扱いに当たっては，次の事項に配慮するものとする。,74QS505100000000
工業,3839,ア　指導に当たっては，生徒の実態や学科の特色に応じて，適切なマイクロコンピュータ及びプログラム言語を選択し，実習や演習を通して具体的に理解させること。,74QS505110000000
工業,3840,(2) 内容の範囲や程度については，次の事項に配慮するものとする。,74QS505200000000
工業,3841,ア　内容の(1)については，コンピュータのハードウェアを構成する各種回路の基本的な動作原理と簡単な論理回路の設計を扱うこと。,74QS505210000000
工業,3842,イ　内容の(2)のイについては，中央処理装置と主記憶装置の基本構成を取り上げ，基本動作を扱うこと。ウについては，周辺装置の構造と基本動作を扱うこと。,74QS505220000000
工業,3843,ウ　内容の(3)については，機械語及びアセンブリ言語の仕組みと機能及び基本的なプログラム作成を扱うこと。,74QS505230000000
工業,3844,エ　内容の(4)については，マイクロプロセッサを組み込むための基本的な実装技術を扱うこと。,74QS505240000000
工業,3845,オ　内容の(5)については，マイクロプロセッサを組み込むための効果的なプログラムの開発技法を扱うこと。,74QS505250000000
工業,3846,第29　ソフトウェア技術,74QT500000000000
工業,3847,"１　目　標
　コンピュータのソフトウェアに関する知識と技術を習得させ，実際に活用する能力と態度を育てる。",74QT502000000000
工業,3848,２　内　容,74QT503000000000
工業,3849,(1) ソフトウェア,74QT503100000000
工業,3850,ア　ソフトウェアの体系,74QT503110000000
工業,3851,イ　ソフトウェアパッケージ,74QT503120000000
工業,3852,ウ　ソフトウェアの管理システム,74QT503130000000
工業,3853,(2) オペレーティングシステム,74QT503200000000
工業,3854,ア　オペレーティングシステムの概要,74QT503210000000
工業,3855,イ　オペレーティングシステムの機能,74QT503220000000
工業,3856,ウ　オペレーティングシステムの操作,74QT503230000000
工業,3857,エ　オペレーティングシステムの管理,74QT503240000000
工業,3858,(3) セキュリティ技術,74QT503300000000
工業,3859,ア　暗号化とアクセス管理,74QT503310000000
工業,3860,イ　ネットワークセキュリティとリスク管理,74QT503320000000
工業,3861,ウ　情報に関する法規,74QT503330000000
工業,3862,３　内容の取扱い,74QT505000000000
工業,3863,(1) 内容の構成及びその取扱いに当たっては，次の事項に配慮するものとする。,74QT505100000000
工業,3864,ア　指導に当たっては，生徒の実態や学科の特色に応じて，適切なオペレーティングシステム及びアプリケーションプログラムを選択し，実習や演習を通して具体的に理解させること。,74QT505110000000
工業,3865,イ　指導に当たっては，情報化の進展が及ぼす影響について技術者倫理の観点から扱い，情報モラルについて理解させること。,74QT505120000000
工業,3866,(2) 内容の範囲や程度については，次の事項に配慮するものとする。,74QT505200000000
工業,3867,ア　内容の(1)のアについては，ソフトウェアの分類と基本的な役割を扱うこと。イについては，ソフトウェアパッケージの特徴と活用方法を扱うこと。ウについては，ソフトウェアの保護と管理及び信頼性と安全対策の管理システムの基礎的な内容を扱うこと。,74QT505210000000
工業,3868,イ　内容の(2)のイについては，オペレーティングシステムの機能と役割を扱うこと。エについては，オペレーティングシステムのインストール及び基礎的な運用と管理を扱うこと。,74QT505220000000
工業,3869,ウ　内容の(3)のア及びイについては，技術の進展に対応した基本的な事例を扱うこと。ウについては，情報に関する基本的な法規の目的と概要を扱うこと。,74QT505230000000
工業,3870,第30　コンピュータシステム技術,74QU500000000000
工業,3871,"１　目　標
　コンピュータシステムに関する知識と技術を習得させ，実際に活用する能力と態度を育てる。",74QU502000000000
工業,3872,２　内　容,74QU503000000000
工業,3873,(1) コンピュータシステム技術,74QU503100000000
工業,3874,ア　コンピュータシステムの概要,74QU503110000000
工業,3875,イ　コンピュータシステムの分析と設計,74QU503120000000
工業,3876,ウ　コンピュータシステムの評価,74QU503130000000
工業,3877,(2) ネットワーク技術,74QU503200000000
工業,3878,ア　データ通信の方式と機器,74QU503210000000
工業,3879,イ　ネットワークの階層とプロトコル,74QU503220000000
工業,3880,ウ　ネットワークの設計と施工,74QU503230000000
工業,3881,エ　ネットワークサービス,74QU503240000000
工業,3882,オ　ネットワークシステムの運用と保守,74QU503250000000
工業,3883,(3) データベース技術,74QU503300000000
工業,3884,ア　データベースの概要,74QU503310000000
工業,3885,イ　データベースの設計と運用,74QU503320000000
工業,3886,(4) マルチメディア技術,74QU503400000000
工業,3887,ア　マルチメディア技術の概要,74QU503410000000
工業,3888,イ　ディジタル化技術,74QU503420000000
工業,3889,ウ　圧縮と送受信,74QU503430000000
工業,3890,エ　マルチメディアの表現技法,74QU503440000000
工業,3891,３　内容の取扱い,74QU505000000000
工業,3892,(1) 内容の構成及びその取扱いに当たっては，次の事項に配慮するものとする。,74QU505100000000
工業,3893,ア　指導に当たっては，生徒の実態や学科の特色に応じて，適切なオペレーティングシステム及びアプリケーションプログラムを選択し，実習や演習を通して具体的に理解させること。,74QU505110000000
工業,3894,(2) 内容の範囲や程度については，次の事項に配慮するものとする。,74QU505200000000
工業,3895,ア　内容の(1)のアについては，ディレクトリ構成，環境設定及びユーザ管理を扱うこと。イについては，具体的なコンピュータシステムの事例を通して，システムの分析，設計及び開発の基本的な手法を扱うこと。ウについては，コンピュータシステムの基本的な運用及び保守を扱うこと。,74QU505210000000
工業,3896,イ　内容の(2)のイについては，プロトコルと伝送制御を扱うこと。ウについては，ローカルエリアネットワークを扱うこと。エについては，ネットワークの代表的なサービスを扱うこと。オについては，利用者及びリソースの管理を扱うこと。,74QU505220000000
工業,3897,ウ　内容の(3)のアについては，データとファイルの構造，データベースの概要を扱うこと。イについては，簡単なデータベースの設計と運用を扱うこと。,74QU505230000000
工業,3898,エ　内容の(4)のイについては，文字，画像，音声をディジタル化する基本的な技術を扱うこと。ウについては，マルチメディア情報の圧縮，復元の原理と方法及びディジタルデータの送受信に関する基礎的な内容を扱うこと。エについては，マルチメディアを活用した具体的な事例を通して，情報表現の特性を扱うこと。,74QU505240000000
工業,3899,第31　建築構造,74QV500000000000
工業,3900,"１　目　標
　建築物の構造及び建築材料に関する知識と技術を習得させ，実際に活用する能力と態度を育てる。",74QV502000000000
工業,3901,２　内　容,74QV503000000000
工業,3902,(1) 建築構造の概要,74QV503100000000
工業,3903,(2) 建築材料,74QV503200000000
工業,3904,ア　建築材料の種類と特徴,74QV503210000000
工業,3905,イ　建築材料の規格と性能,74QV503220000000
工業,3906,(3) 木構造,74QV503300000000
工業,3907,ア　各部の名称,74QV503310000000
工業,3908,イ　各部の構成と機能,74QV503320000000
工業,3909,(4) 鉄筋コンクリート構造,74QV503400000000
工業,3910,ア　各部の名称,74QV503410000000
工業,3911,イ　各部の構成と機能,74QV503420000000
工業,3912,(5) 鋼構造,74QV503500000000
工業,3913,ア　各部の名称,74QV503510000000
工業,3914,イ　各部の構成と機能,74QV503520000000
工業,3915,３　内容の取扱い,74QV505000000000
工業,3916,(1) 内容の構成及びその取扱いに当たっては，次の事項に配慮するものとする。,74QV505100000000
工業,3917,ア　指導に当たっては，建築現場の見学や各種メディア教材の活用により，具体的に理解させること。,74QV505110000000
工業,3918,(2) 内容の範囲や程度については，次の事項に配慮するものとする。,74QV505200000000
工業,3919,ア　内容の(1)については，建築構造の種類と歴史的発達，主な建築構造の特徴，耐震技術及び関連する基本的な法規の目的と概要を扱うこと。,74QV505210000000
工業,3920,イ　内容の(2)については，建築材料の基礎的な内容を扱い，身近な住宅などの事例を通して，材料と構造の関連を扱うこと。また，建築材料の種類と特徴について建築構造と関連させて扱うこと。,74QV505220000000
工業,3921,ウ　内容の(3)から(5)までについては，それぞれの構造に関する各部の名称，構成及び機能の基礎的な内容を扱うこと。,74QV505230000000
工業,3922,第32　建築計画,74QW500000000000
工業,3923,"１　目　標
　建築計画に関する知識と技術を習得させ，建築物を安全で合理的に計画する能力と態度を育てる。",74QW502000000000
工業,3924,２　内　容,74QW503000000000
工業,3925,(1) 建築の歴史,74QW503100000000
工業,3926,ア　日本の建築,74QW503110000000
工業,3927,イ　西洋の建築,74QW503120000000
工業,3928,ウ　近代の建築,74QW503130000000
工業,3929,(2) 建築と環境,74QW503200000000
工業,3930,ア　気候,74QW503210000000
工業,3931,イ　光,74QW503220000000
工業,3932,ウ　音,74QW503230000000
工業,3933,エ　熱,74QW503240000000
工業,3934,オ　色彩,74QW503250000000
工業,3935,(3) 建築の設備,74QW503300000000
工業,3936,ア　給排水・衛生設備,74QW503310000000
工業,3937,イ　空気調和設備,74QW503320000000
工業,3938,ウ　電気・通信設備,74QW503330000000
工業,3939,エ　防災設備,74QW503340000000
工業,3940,(4) 建築物の計画,74QW503400000000
工業,3941,ア　独立住宅,74QW503410000000
工業,3942,イ　集合住宅,74QW503420000000
工業,3943,ウ　各種建築物,74QW503430000000
工業,3944,(5) 都市計画,74QW503500000000
工業,3945,ア　都市計画の概要,74QW503510000000
工業,3946,イ　都市計画と地域計画,74QW503520000000
工業,3947,３　内容の取扱い,74QW505000000000
工業,3948,(1) 内容の構成及びその取扱いに当たっては，次の事項に配慮するものとする。,74QW505100000000
工業,3949,ア　指導に当たっては，建築物の見学や各種メディア教材の活用により，具体的に理解させること。,74QW505110000000
工業,3950,イ　内容の(2)については，快適な住環境を計画する上で，自然条件が基本的な要因であることを理解させること。,74QW505120000000
工業,3951,(2) 内容の範囲や程度については，次の事項に配慮するものとする。,74QW505200000000
工業,3952,ア　内容の(1)については，建築の歴史的変遷，建築様式と建築物の形態の概要及び建築計画の意義を扱うこと。,74QW505210000000
工業,3953,イ　内容の(2)のアからオまでについては，それぞれの事項と建築物との関係及び自然条件が建築物に与える影響を扱うこと。,74QW505220000000
工業,3954,ウ　内容の(3)のアからウまでについては，主な設備の種類，構成と特徴などの基礎的な内容を扱うこと。また，省エネルギーに関する設備にも触れること。エについては，災害の予防や人命保護に関する設備を扱うこと。,74QW505230000000
工業,3955,エ　内容の(4)のア及びイにつては，身近な住宅を中心として，建築計画の基本的な手法を扱うこと。ウについては，不特定多数の利用者を対象とした公共建築物などの空間構成と災害に対する配慮の必要性を扱うこと。,74QW505240000000
工業,3956,オ　内容の(5)については，都市景観及び都市防災についても扱うこと。,74QW505250000000
工業,3957,第33　建築構造設計,74QX500000000000
工業,3958,"１　目　標
　建築構造設計に関する知識と技術を習得させ，構造物を安全で合理的に設計する能力と態度を育てる。",74QX502000000000
工業,3959,２　内　容,74QX503000000000
工業,3960,(1) 構造物に働く力,74QX503100000000
工業,3961,ア　構造物と荷重,74QX503110000000
工業,3962,イ　力の釣合い,74QX503120000000
工業,3963,ウ　支点と反力,74QX503130000000
工業,3964,エ　構造物の安定・不安定及び静定・不静定,74QX503140000000
工業,3965,(2) 静定構造物,74QX503200000000
工業,3966,ア　応力,74QX503210000000
工業,3967,イ　静定ばり,74QX503220000000
工業,3968,ウ　静定ラーメン,74QX503230000000
工業,3969,エ　静定トラス,74QX503240000000
工業,3970,(3) 部材に関する力学,74QX503300000000
工業,3971,ア　構造材料の力学的特性,74QX503310000000
工業,3972,イ　断面の性質,74QX503320000000
工業,3973,ウ　はりや部材の変形,74QX503330000000
工業,3974,(4) 不静定構造物,74QX503400000000
工業,3975,ア　不静定構造物の基礎,74QX503410000000
工業,3976,イ　不静定ばりと不静定ラーメン,74QX503420000000
工業,3977,(5) 各種構造物の設計,74QX503500000000
工業,3978,ア　鉄筋コンクリート構造,74QX503510000000
工業,3979,イ　鋼構造,74QX503520000000
工業,3980,(6) 建築物の耐震設計,74QX503600000000
工業,3981,３　内容の取扱い,74QX505000000000
工業,3982,(1) 内容の構成及びその取扱いに当たっては，次の事項に配慮するものとする。,74QX505100000000
工業,3983,ア　指導に当たっては，建築構造に関連した模型を用いた実験や各種メディア教材の活用により，力学的な現象を視覚的に理解させること。,74QX505110000000
工業,3984,(2) 内容の範囲や程度については，次の事項に配慮するものとする。,74QX505200000000
工業,3985,ア　内容の(1)については，構造物に働く荷重の原理や構造物の力学的な特性を扱うこと。,74QX505210000000
工業,3986,イ　内容の(2)については，力の釣合い条件から応力が求められることを扱うとともに，具体的な題材を通して基本的な計算方法を扱うこと。,74QX505220000000
工業,3987,ウ　内容の(3)のアについては，応力度とひずみ度の関係及び許容応力度と部材設計の関係を扱うこと。イについては，簡単な断面の形状の力学的な特性を扱うこと。ウについては，はりや部材の変形と安全性及び簡単な部材の設計に関する基礎的な内容を扱うこと。,74QX505230000000
工業,3988,エ　内容の(4)については，不静定構造物の基礎的な内容及び簡単な構造物の計算を扱うこと。,74QX505240000000
工業,3989,オ　内容の(5)については，主な構造物の断面設計及び構造設計について基礎的な内容を扱うこと。,74QX505250000000
工業,3990,カ　内容の(6)については，建築物の耐震設計について基礎的な内容を扱うこと。,74QX505260000000
工業,3991,第34　建築施工,74QY500000000000
工業,3992,"１　目　標
　建築施工に関する知識と技術を習得させ，実際に活用する能力と態度を育てる。",74QY502000000000
工業,3993,２　内　容,74QY503000000000
工業,3994,(1) 建築施工の概要,74QY503100000000
工業,3995,(2) 建築業務,74QY503200000000
工業,3996,ア　施工方式,74QY503210000000
工業,3997,イ　工事契約,74QY503220000000
工業,3998,ウ　施工計画と施工監理,74QY503230000000
工業,3999,(3) 各種工事,74QY503300000000
工業,4000,ア　仮設工事,74QY503310000000
工業,4001,イ　基礎工事と地業工事,74QY503320000000
工業,4002,ウ　く体工事,74QY503330000000
工業,4003,エ　仕上工事,74QY503340000000
工業,4004,オ　解体工事と環境保全,74QY503350000000
工業,4005,カ　建築物の保守,74QY503360000000
工業,4006,(4) 工事用機械・器具,74QY503400000000
工業,4007,(5) 建築積算,74QY503500000000
工業,4008,ア　積算の概要,74QY503510000000
工業,4009,イ　概算見積と明細見積,74QY503520000000
工業,4010,ウ　入札,74QY503530000000
工業,4011,３　内容の取扱い,74QY505000000000
工業,4012,(1) 内容の構成及びその取扱いに当たっては，次の事項に配慮するものとする。,74QY505100000000
工業,4013,ア　指導に当たっては，建築現場の見学や各種メディア教材の活用により，具体的に理解させること。,74QY505110000000
工業,4014,(2) 内容の範囲や程度については，次の事項に配慮するものとする。,74QY505200000000
工業,4015,ア　内容の(1)については，建築施工の意義やその過程，建築工事に関する技術者の資格，安全管理などの概要を扱うこと。,74QY505210000000
工業,4016,イ　内容の(2)については，施工業務に関する内容の概要を扱うこと。また，施工に関する法規及び性能保証について触れること。,74QY505220000000
工業,4017,ウ　内容の(3)のアからエまでについては，各種工事の施工法の基礎的な内容及び建築測量の概要を扱うこと。また，技術の進展に対応した工法や施工技術についても触れること。オについては，解体工事の概要，廃材の処理，リサイクル，環境保全及び関連法規を扱うこと。カについては，建築物の保守の概要を扱うこと。,74QY505230000000
工業,4018,エ　内容の(4)については，主な工事用機械・器具の種類，特徴及び用途を扱うこと。,74QY505240000000
工業,4019,オ　内容の(5)については，積算の意義と概要を扱うこと。また，具体的な事例を通して，簡単な建築積算を扱うこと。ウについては，電子入札にも触れること。,74QY505250000000
工業,4020,第35　建築法規,74QZ500000000000
工業,4021,"１　目　標
　建築関係法規に関する知識を習得させ，建築物の計画，設計，施工，管理などに活用する能力と態度を育てる。",74QZ502000000000
工業,4022,２　内　容,74QZ503000000000
工業,4023,(1) 建築に関する法規の概要,74QZ503100000000
工業,4024,ア　建築に関する法規の意義,74QZ503110000000
工業,4025,イ　建築に関する法規の構成,74QZ503120000000
工業,4026,(2) 建築基準法,74QZ503200000000
工業,4027,ア　構造と設備に関する規定,74QZ503210000000
工業,4028,イ　用途と敷地に関する規定,74QZ503220000000
工業,4029,(3) 建築業務等に関する法規,74QZ503300000000
工業,4030,ア　建築の業務に関する法規,74QZ503310000000
工業,4031,イ　都市計画に関する法規,74QZ503320000000
工業,4032,ウ　労働安全衛生に関する法規,74QZ503330000000
工業,4033,３　内容の取扱い,74QZ505000000000
工業,4034,(1) 内容の構成及びその取扱いに当たっては，次の事項に配慮するものとする。,74QZ505100000000
工業,4035,ア　指導に当たっては，具体的な事例を通して，建築物が多くの法規によって規制されていること及び法令遵守について理解させ，倫理観を養うこと。,74QZ505110000000
工業,4036,(2) 内容の範囲や程度については，次の事項に配慮するものとする。,74QZ505200000000
工業,4037,ア　内容の(1)のアについては，建築に関する法規の沿革に触れること。イについては，建築関係法規の体系と構成の概要を扱うこと。,74QZ505210000000
工業,4038,イ　内容の(2)のア及びイについては，具体的な事例を取り上げ，相互に関連付けて扱うこと。,74QZ505220000000
工業,4039,ウ　内容の(3)については，内容の(2)以外の建築に関する基本的な法規の目的と概要を扱うこと。,74QZ505230000000
工業,4040,第36　設備計画,74Qa500000000000
工業,4041,"１　目　標
　設備工業の計画に関する知識と技術を習得させ，実際に計画できる能力と態度を育てる。",74Qa502000000000
工業,4042,２　内　容,74Qa503000000000
工業,4043,(1) 設備の基礎,74Qa503100000000
工業,4044,ア　自然環境,74Qa503110000000
工業,4045,イ　室内環境,74Qa503120000000
工業,4046,ウ　流れの基礎,74Qa503130000000
工業,4047,(2) 設備に関係した建築構造,74Qa503200000000
工業,4048,ア　建築物の計画,74Qa503210000000
工業,4049,イ　建築構造の基礎,74Qa503220000000
工業,4050,ウ　構造物の力学,74Qa503230000000
工業,4051,(3) 建築物の設備計画,74Qa503300000000
工業,4052,ア　設備計画の概要,74Qa503310000000
工業,4053,イ　建築物内の設備の配管,74Qa503320000000
工業,4054,ウ　機器・配管の所要スペース,74Qa503330000000
工業,4055,(4) 設備の施工,74Qa503400000000
工業,4056,ア　施工管理,74Qa503410000000
工業,4057,イ　設備工事の積算,74Qa503420000000
工業,4058,(5) 建築設備に関する法規,74Qa503500000000
工業,4059,ア　設備に関する法規,74Qa503510000000
工業,4060,イ　建築に関する法規,74Qa503520000000
工業,4061,ウ　衛生・防災に関する法規,74Qa503530000000
工業,4062,３　内容の取扱い,74Qa505000000000
工業,4063,(1) 内容の構成及びその取扱いに当たっては，次の事項に配慮するものとする。,74Qa505100000000
工業,4064,ア　指導に当たっては，環境に配慮した計画が重要であることを理解させること。,74Qa505110000000
工業,4065,イ　内容の(5)のウについては，生徒の実態や学科の特色に応じて，扱わないことができること。,74Qa505120000000
工業,4066,(2) 内容の範囲や程度については，次の事項に配慮するものとする。,74Qa505200000000
工業,4067,ア　内容の(1)のア及びイについては，設備工業と自然環境及び室内環境とのかかわりを扱うこと。ウについては，水，空気及び熱の流れに関する基礎的な内容を扱うこと。,74Qa505210000000
工業,4068,イ　内容の(2)のア及びイについては，設備を計画する際に必要な建築構造に関する基礎的な内容を中心に扱うこと。ウについては，静定構造物の力の釣合い，曲げモーメントとせん断力図，応力度とひずみ度の関係，断面二次モーメントと断面係数の関係及び基本的な計算方法を扱うこと。,74Qa505220000000
工業,4069,ウ　内容の(5)については，建築設備に関する基本的な法規の目的と概要を扱うこと。,74Qa505230000000
工業,4070,第37　空気調和設備,74Qb500000000000
工業,4071,"１　目　標
　空気調和設備に関する知識と技術を習得させ，実際に活用する能力と態度を育てる。",74Qb502000000000
工業,4072,２　内　容,74Qb503000000000
工業,4073,(1) 空気調和の基礎,74Qb503100000000
工業,4074,ア　空気調和の方式,74Qb503110000000
工業,4075,イ　冷房・暖房負荷,74Qb503120000000
工業,4076,ウ　湿り空気の状態,74Qb503130000000
工業,4077,(2) 空気調和装置,74Qb503200000000
工業,4078,ア　空気調和装置の構成,74Qb503210000000
工業,4079,イ　中央式・個別式空気調和機,74Qb503220000000
工業,4080,ウ　空気調和装置の制御,74Qb503230000000
工業,4081,エ　空気調和装置の設計,74Qb503240000000
工業,4082,(3) 換気・排煙装置,74Qb503300000000
工業,4083,ア　換気・排煙設備の構成,74Qb503310000000
工業,4084,イ　換気・排煙設備の設計,74Qb503320000000
工業,4085,(4) 直接暖房装置,74Qb503400000000
工業,4086,ア　直接暖房装置の構成,74Qb503410000000
工業,4087,イ　直接暖房装置と配管の設計,74Qb503420000000
工業,4088,(5) 空気調和設備の施工,74Qb503500000000
工業,4089,ア　機器の据付けと配管工事,74Qb503510000000
工業,4090,イ　空気調和設備の試験・検査・保守,74Qb503520000000
工業,4091,３　内容の取扱い,74Qb505000000000
工業,4092,(1) 内容の構成及びその取扱いに当たっては，次の事項に配慮するものとする。,74Qb505100000000
工業,4093,ア　指導に当たっては，空気調和設備を設計する上で，省エネルギーに配慮することが重要であることを理解させること。,74Qb505110000000
工業,4094,イ　内容の(3)については，生徒の実態や学科の特色に応じて，扱わないことができること。,74Qb505120000000
工業,4095,(2) 内容の範囲や程度については，次の事項に配慮するものとする。,74Qb505200000000
工業,4096,ア　内容の(1)のアについては，代表的な空気調和方式の構成，特徴及び利用例を扱うこと。イについては，冷房及び暖房の簡単な負荷計算を扱うこと。ウについては，湿り空気の組成及び空気線図の仕組みを扱うこと。,74Qb505210000000
工業,4097,イ　内容の(2)のア及びイについては，空気調和装置を構成している主な機器の構造，性能及び用途を扱うこと。ウについては，空気調和装置の制御に関する基礎的な内容を扱うこと。エについては，空気調和装置の設計に関する基礎的な内容を扱うこと。,74Qb505220000000
工業,4098,ウ　内容の(3)のアについては，換気法の種類と排気量や排煙の方式について，換気・排煙設備に関する法規と関連付けて扱うこと。イについては，換気設備及び排煙設備の設計手順を扱うこと。,74Qb505230000000
工業,4099,エ　内容の(4)のアについては，直接暖房装置を構成する主な機器の構造，用途及び関連する配管を扱うこと。イについては，簡単な暖房装置の設計について基礎的な内容を扱うこと。,74Qb505240000000
工業,4100,オ　内容の(5)のアについては，機器の据付け，配管工事及び保温・保冷工事の基礎的な内容を扱うこと。イについては，空気調和設備に関する法規に基づく試験，検査及び保守について基礎的な内容を扱うこと。,74Qb505250000000
工業,4101,第38　衛生・防災設備,74Qc500000000000
工業,4102,"１　目　標
　衛生・防災設備に関する知識と技術を習得させ，実際に活用する能力と態度を育てる。",74Qc502000000000
工業,4103,２　内　容,74Qc503000000000
工業,4104,(1) 給水・給湯設備,74Qc503100000000
工業,4105,ア　水資源と上水道,74Qc503110000000
工業,4106,イ　給水・給湯機器と構成,74Qc503120000000
工業,4107,ウ　給水・給湯設備と配管機器の設計,74Qc503130000000
工業,4108,(2) 排水通気設備,74Qc503200000000
工業,4109,ア　排水と下水道,74Qc503210000000
工業,4110,イ　排水通気設備と配管機器の設計,74Qc503220000000
工業,4111,ウ　住宅の給排水設備,74Qc503230000000
工業,4112,(3) 排水処理設備,74Qc503300000000
工業,4113,ア　排水浄化の原理と方法,74Qc503310000000
工業,4114,イ　し尿浄化設備と排水再利用,74Qc503320000000
工業,4115,(4) 防災設備,74Qc503400000000
工業,4116,ア　防火対象物と消防用設備,74Qc503410000000
工業,4117,イ　消火設備と配管機器の設計,74Qc503420000000
工業,4118,(5) ガス設備と通信設備,74Qc503500000000
工業,4119,(6) 衛生・防災設備の施工,74Qc503600000000
工業,4120,ア　機器の据付けと配管工事,74Qc503610000000
工業,4121,イ　衛生・防災設備の試験・検査・保守,74Qc503620000000
工業,4122,３　内容の取扱い,74Qc505000000000
工業,4123,(1) 内容の構成及びその取扱いに当たっては，次の事項に配慮するものとする。,74Qc505100000000
工業,4124,ア　内容の(3)及び(5)については，生徒の実態や学科の特色に応じて，選択して扱うことができること。,74Qc505110000000
工業,4125,イ　内容の(3)については，環境保全の観点から排水処理の必要性を理解させること。,74Qc505120000000
工業,4126,ウ　内容の(4)については，防災設備の必要性を具体的に理解させること。,74Qc505130000000
工業,4127,(2) 内容の範囲や程度については，次の事項に配慮するものとする。,74Qc505200000000
工業,4128,ア　内容の(1)のアについては，水質基準と水道施設の概要を扱うこと。また，雨水の活用についても触れること。イについては，給水・給湯の機器構成及び給水方式を扱うこと。ウについては，給水・給湯量の計算，配管機器の簡単な設計及び給水・給湯管径の基本的な計算方法を扱うこと。,74Qc505210000000
工業,4129,イ　内容の(2)のアについては，排水の種類と下水道施設の概要を扱うこと。イについては，排水・通気系統の機器と構成，衛生器具の排水量及び排水・通気管径の基本的な計算方法を扱うこと。ウについては，具体的な住宅の事例を通して，給排水設備を扱うこと。,74Qc505220000000
工業,4130,ウ　内容の(3)については，し尿浄化設備の構成と排水の再利用を扱うこと。,74Qc505230000000
工業,4131,エ　内容の(4)については，主な消火設備の機器の構成と配管を中心に扱うこと。,74Qc505240000000
工業,4132,オ　内容の(5)については，ガス設備及び通信設備の概要を扱うこと。,74Qc505250000000
工業,4133,カ　内容の(6)のアについては，施工法を中心に扱うこと。イについては，衛生・防災設備に関する法規に基づく基本的な機器の試験，検査及び保守を扱うこと。,74Qc505260000000
工業,4134,第39　測　量,74Qd500000000000
工業,4135,"１　目　標
　測量に関する知識と技術を習得させ，実際に活用する能力と態度を育てる。",74Qd502000000000
工業,4136,２　内　容,74Qd503000000000
工業,4137,(1) 測量の基礎,74Qd503100000000
工業,4138,ア　測量の概要,74Qd503110000000
工業,4139,イ　距離の測量,74Qd503120000000
工業,4140,ウ　角の測量,74Qd503130000000
工業,4141,(2) 平面の測量,74Qd503200000000
工業,4142,ア　骨組測量,74Qd503210000000
工業,4143,イ　細部測量,74Qd503220000000
工業,4144,ウ　面積の計算,74Qd503230000000
工業,4145,(3) 高低の測量,74Qd503300000000
工業,4146,ア　レベルによる高低の測量,74Qd503310000000
工業,4147,イ　縦横断測量,74Qd503320000000
工業,4148,ウ　体積や土量の計算,74Qd503330000000
工業,4149,(4) 地形図,74Qd503400000000
工業,4150,ア　地形測量の目的と順序,74Qd503410000000
工業,4151,イ　等高線と測定法,74Qd503420000000
工業,4152,ウ　地形図の作成と利用,74Qd503430000000
工業,4153,(5) 写真測量,74Qd503500000000
工業,4154,ア　写真測量の基礎,74Qd503510000000
工業,4155,イ　空中写真の性質と利用,74Qd503520000000
工業,4156,(6) 測量技術の応用,74Qd503600000000
工業,4157,３　内容の取扱い,74Qd505000000000
工業,4158,(1) 内容の構成及びその取扱いに当たっては，次の事項に配慮するものとする。,74Qd505100000000
工業,4159,ア　指導に当たっては，地形測量，路線測量などの測量実習を通して，具体的に理解させること。,74Qd505110000000
工業,4160,イ　内容の(5)及び(6)については，生徒の実態や学科の特色に応じて，選択して扱うことができること。,74Qd505120000000
工業,4161,(2) 内容の範囲や程度については，次の事項に配慮するものとする,74Qd505200000000
工業,4162,ア　内容の(2)のア及びイについては，セオドライトによる骨組測量や平板による細部測量など，測量の基礎的な内容を扱うこと。,74Qd505210000000
工業,4163,イ　内容の(4)については，土木工事を計画し施工するための地形図の作成手順とその利用方法を扱うこと。,74Qd505220000000
工業,4164,ウ　内容の(5)については，写真測量技術の利用方法について概要を扱うこと。,74Qd505230000000
工業,4165,エ　内容の(6)については，地殻変動や気候変動などの自然災害における測量技術の応用を扱うこと。また，人工衛星の利用など技術の進展に対応した測量技術も扱うこと。,74Qd505240000000
工業,4166,第40　土木基礎力学,74Qe500000000000
工業,4167,"１　目　標
　土木構造物及び土と水の基礎力学に関する知識と技術を習得させ，実際に活用する能力と態度を育てる。",74Qe502000000000
工業,4168,２　内　容,74Qe503000000000
工業,4169,(1) 土木構造力学の基礎,74Qe503100000000
工業,4170,ア　土木構造物と力,74Qe503110000000
工業,4171,イ　静定構造物の計算,74Qe503120000000
工業,4172,ウ　材料の強さと部材の設計,74Qe503130000000
工業,4173,(2) 土質力学の基礎,74Qe503200000000
工業,4174,ア　土の基本的性質と調査及び試験,74Qe503210000000
工業,4175,イ　土中の水の流れ,74Qe503220000000
工業,4176,ウ　地中応力と土の圧密,74Qe503230000000
工業,4177,エ　土の強さ,74Qe503240000000
工業,4178,オ　土圧,74Qe503250000000
工業,4179,(3) 水理学の基礎,74Qe503300000000
工業,4180,ア　静水の性質,74Qe503310000000
工業,4181,イ　水の流れの性質と測定,74Qe503320000000
工業,4182,ウ　水路の計算,74Qe503330000000
工業,4183,エ　流れと波の力,74Qe503340000000
工業,4184,３　内容の取扱い,74Qe505000000000
工業,4185,(1) 内容の構成及びその取扱いに当たっては，次の事項に配慮するものとする。,74Qe505100000000
工業,4186,ア　指導に当たっては，模型を用いた実験や各種メディア教材の活用により，力学的な現象を視覚的に理解させること。,74Qe505110000000
工業,4187,イ　内容の(2)及び(3)については，生徒の実態や学科の特色に応じて，選択して扱うことができること。,74Qe505120000000
工業,4188,(2) 内容の範囲や程度については，次の事項に配慮するものとする。,74Qe505200000000
工業,4189,ア　内容の(1)のアについては，土木構造物の種類，土木構造物に作用する力及び鋼とコンクリートの材料の基本的な性質を扱うこと。イについては，単純ばり，片持ばり，短柱及び長柱について，軸方向力，せん断力及び曲げモーメントの基本的な計算方法を扱うこと。また，静定トラス，ゲルバーばり，間接荷重ばりなどの基本的な計算方法に触れること。ウについては，材料の強さ，部材断面の性質，はりの応力とたわみ及び断面形状の基本的な計算方法を扱うこと。,74Qe505210000000
工業,4190,イ　内容の(2)については，土木構造物の安定や土木構造物を支える地盤に関連して，土の基本的な性質や土質力学の基礎的な内容を扱うこと。,74Qe505220000000
工業,4191,ウ　内容の(3)のアについては，静水圧を中心に扱うこと。イについては，ベルヌーイの定理を中心に扱うこと。ウについては，管水路と開水路の基礎的な内容を扱うこと。エについては，水の流れにより物体の受ける力及び波の作用の基礎的な内容を扱うこと。,74Qe505230000000
工業,4192,第41　土木構造設計,74Qf500000000000
工業,4193,"１　目　標
　土木構造物の設計に関する知識と技術を習得させ，構造物を安全で合理的に設計する能力と態度を育てる。",74Qf502000000000
工業,4194,２　内　容,74Qf503000000000
工業,4195,(1) 鋼構造の設計,74Qf503100000000
工業,4196,ア　鋼構造の設計の基礎,74Qf503110000000
工業,4197,イ　Ｈビームの設計,74Qf503120000000
工業,4198,ウ　プレートガーダーの設計,74Qf503130000000
工業,4199,(2) 鉄筋コンクリート構造物の設計,74Qf503200000000
工業,4200,ア　鉄筋コンクリート構造物の設計の基礎,74Qf503210000000
工業,4201,イ　はり構造の設計,74Qf503220000000
工業,4202,ウ　柱構造の設計,74Qf503230000000
工業,4203,エ　プレストレストコンクリート構造物の設計,74Qf503240000000
工業,4204,(3) 基礎・土留め構造物の設計,74Qf503300000000
工業,4205,ア　杭《くい》基礎の設計,74Qf503310000000
工業,4206,イ　直接基礎の設計,74Qf503320000000
工業,4207,ウ　土留め構造物の設計,74Qf503330000000
工業,4208,３　内容の取扱い,74Qf505000000000
工業,4209,(1) 内容の構成及びその取扱いに当たっては，次の事項に配慮するものとする。,74Qf505100000000
工業,4210,ア　指導に当たっては，示方書などを用いて，土木構造物の部材の具体的な設計をさせること。,74Qf505110000000
工業,4211,イ　指導に当たっては，工事現場の見学，土木構造物の模型を用いた実験及び各種メディア教材の活用により，具体的に理解させること。,74Qf505120000000
工業,4212,ウ　内容の(3)については，生徒の実態や学科の特色に応じて，選択して扱うことができること。,74Qf505130000000
工業,4213,(2) 内容の範囲や程度については，次の事項に配慮するものとする。,74Qf505200000000
工業,4214,ア　内容の(1)のアについては，設計の目的，順序，設計方法などの基礎的な内容を扱うこと。イについては，Ｈ形鋼を用いたけたの応力計算や断面の設計方法を扱うこと。ウについては，プレートガーダーを用いたけたの応力計算や断面の設計方法を扱うこと。また，イ及びウについては，曲げモーメントによるたわみや断面の基本的な計算式についても扱うこと。,74Qf505210000000
工業,4215,イ　内容の(2)については，単鉄筋長方形ばりの設計計算を中心に扱い，複鉄筋長方形ばり，スラブなどの設計計算に関する計算式についても触れること。,74Qf505220000000
工業,4216,ウ　内容の(3)については，具体的な事例を通して計算式の意味と使用方法を扱うこと。,74Qf505230000000
工業,4217,第42　土木施工,74Qg500000000000
工業,4218,"１　目　標
　土木施工と管理に関する知識と技術を習得させ，実際に活用する能力と態度を育てる。",74Qg502000000000
工業,4219,２　内　容,74Qg503000000000
工業,4220,(1) 土木材料,74Qg503100000000
工業,4221,ア　土木材料の基礎,74Qg503110000000
工業,4222,イ　土木材料の性質と利用,74Qg503120000000
工業,4223,ウ　土木材料としての土の利用,74Qg503130000000
工業,4224,(2) 施工技術,74Qg503200000000
工業,4225,ア　土工,74Qg503210000000
工業,4226,イ　コンクリート工,74Qg503220000000
工業,4227,ウ　基礎工,74Qg503230000000
工業,4228,エ　舗装工,74Qg503240000000
工業,4229,オ　トンネル工,74Qg503250000000
工業,4230,(3) 土木工事管理,74Qg503300000000
工業,4231,ア　工事管理の計画,74Qg503310000000
工業,4232,イ　工程管理と品質管理,74Qg503320000000
工業,4233,ウ　入札,74Qg503330000000
工業,4234,エ　建設マネジメント,74Qg503340000000
工業,4235,(4) 工事用機械と電気設備,74Qg503400000000
工業,4236,ア　工事用機械,74Qg503410000000
工業,4237,イ　工事用電気設備,74Qg503420000000
工業,4238,(5) 土木施工に関する法規,74Qg503500000000
工業,4239,３　内容の取扱い,74Qg505000000000
工業,4240,(1) 内容の構成及びその取扱いに当たっては，次の事項に配慮するものとする。,74Qg505100000000
工業,4241,ア　指導に当たっては，工事現場の見学や各種メディア教材の活用により，具体的に理解させること。,74Qg505110000000
工業,4242,(2) 内容の範囲や程度については，次の事項に配慮するものとする。,74Qg505200000000
工業,4243,ア　内容の(1)のア及びイについては，土木工事に用いられる基本的な材料を扱うこと。ウについては，土木材料としての土の利用や土の改良などを扱うこと。,74Qg505210000000
工業,4244,イ　内容の(2)については，土木工事の基本的な技術を扱うこと。ウについては，土木構造物の基礎，杭《くい》基礎などの基礎工及び基礎掘削における土留め工法を扱うこと。オについては，トンネル工の基礎的な内容及び下水道管などの地下埋設物工事における圧入工法を扱うこと。,74Qg505220000000
工業,4245,ウ　内容の(3)のアについては，施工計画，工事の管理と組織，原価管理，安全管理などを扱うこと。ウについては，電子入札にも触れること。エについては，具体的な事例を通して，建設マネジメントを扱うこと。,74Qg505230000000
工業,4246,エ　内容の(4)のアについては，各種工事に必要な基本的な土工用機械を扱うこと。,74Qg505240000000
工業,4247,オ　内容の(5)については，土木施工に関する基本的な法規の目的と概要を扱うこと。,74Qg505250000000
工業,4248,第43　社会基盤工学,74Qh500000000000
工業,4249,"１　目　標
　社会基盤整備に関する知識を習得させ，自然環境との調和を図り実際に活用する能力と態度を育てる。",74Qh502000000000
工業,4250,２　内　容,74Qh503000000000
工業,4251,(1) 社会基盤整備,74Qh503100000000
工業,4252,ア　土木の歴史,74Qh503110000000
工業,4253,イ　社会資本と社会基盤の整備,74Qh503120000000
工業,4254,ウ　災害と国土の整備,74Qh503130000000
工業,4255,エ　エネルギーの整備,74Qh503140000000
工業,4256,オ　環境の保全,74Qh503150000000
工業,4257,(2) 交通と運輸,74Qh503200000000
工業,4258,ア　道路,74Qh503210000000
工業,4259,イ　鉄道,74Qh503220000000
工業,4260,ウ　港湾,74Qh503230000000
工業,4261,エ　空港,74Qh503240000000
工業,4262,(3) 水資源,74Qh503300000000
工業,4263,ア　利水,74Qh503310000000
工業,4264,イ　治水,74Qh503320000000
工業,4265,(4) 社会基盤システム,74Qh503400000000
工業,4266,ア　都市計画,74Qh503410000000
工業,4267,イ　環境と景観,74Qh503420000000
工業,4268,ウ　防災,74Qh503430000000
工業,4269,３　内容の取扱い,74Qh505000000000
工業,4270,(1) 内容の構成及びその取扱いに当たっては，次の事項に配慮するものとする。,74Qh505100000000
工業,4271,ア　内容の(2)から(4)までについては，生徒の実態や学科の特色に応じて，選択して扱うことができること。,74Qh505110000000
工業,4272,(2) 内容の範囲や程度については，次の事項に配慮するものとする。,74Qh505200000000
工業,4273,ア　内容の(1)のアについては，土木事業に関する技術史について，土木構造物と人間の生活とのかかわり及び土木事業が産業や経済の発展に果たした役割の概要を扱うこと。イについては，経済や産業の基盤整備と土木工事とのかかわりの概要を扱うこと。ウについては，防災のための国土の整備を扱うこと。エについては，電力やガスなどのエネルギーに関する基盤整備の概要を扱うこと。オについては，環境を保全するための土木技術の役割を扱うこと。,74Qh505210000000
工業,4274,イ　内容の(2)のアについては，道路の構造，施工及び維持管理の基礎的な内容を扱うこと。イについては，鉄道建設及び線路の規格と構造の基礎的な内容を扱うこと。ウについては，港湾の計画と管理及び港湾施設の基礎的な内容を扱うこと。エについては，空港の計画や施設の基礎的な内容を扱うこと。,74Qh505220000000
工業,4275,ウ　内容の(3)のアについては，水資源の開発及び上下水道の基礎的な内容を扱うこと。イについては，河川の改修，海岸の防護，治山・砂防及び土木構造物の機能と簡単な計画を扱うこと。,74Qh505230000000
工業,4276,エ　内容の(4)のアについては，都市計画の基礎的な内容並びに国土計画及び地域計画の概要を扱うこと。イについては，内容の(2)及び(3)に関連する環境保全及び社会基盤施設と景観とのかかわりを扱うこと。ウについては，地震災害，風水害，火山災害などと防災対策の基礎的な内容を扱うこと。,74Qh505240000000
工業,4277,第44　工業化学,74Qi500000000000
工業,4278,"１　目　標
　工業化学に関する知識と技術を習得させ，実際に活用する能力と態度を育てる。",74Qi502000000000
工業,4279,２　内　容,74Qi503000000000
工業,4280,(1) 物質と化学,74Qi503100000000
工業,4281,ア　地球の資源,74Qi503110000000
工業,4282,イ　物質と元素,74Qi503120000000
工業,4283,ウ　物質の変化と量,74Qi503130000000
工業,4284,(2) 気体と水の化学,74Qi503200000000
工業,4285,ア　気体の性質,74Qi503210000000
工業,4286,イ　空気の利用,74Qi503220000000
工業,4287,ウ　水と溶液,74Qi503230000000
工業,4288,(3) 元素の性質と化学結合,74Qi503300000000
工業,4289,ア　元素と周期性,74Qi503310000000
工業,4290,イ　化学結合,74Qi503320000000
工業,4291,ウ　元素の性質 ,74Qi503330000000
工業,4292,(4) 物質の変化とエネルギー,74Qi503400000000
工業,4293,ア　酸と塩基,74Qi503410000000
工業,4294,イ　酸化と還元,74Qi503420000000
工業,4295,ウ　化学反応と熱,74Qi503430000000
工業,4296,エ　反応速度と化学平衡,74Qi503440000000
工業,4297,オ　原子核エネルギー,74Qi503450000000
工業,4298,(5) 石油と化学,74Qi503500000000
工業,4299,ア　有機化合物の基礎,74Qi503510000000
工業,4300,イ　石油の精製,74Qi503520000000
工業,4301,ウ　石油と化学工業,74Qi503530000000
工業,4302,(6) 材料と化学,74Qi503600000000
工業,4303,ア　工業材料,74Qi503610000000
工業,4304,イ　新素材,74Qi503620000000
工業,4305,(7) 生活と化学工業製品,74Qi503700000000
工業,4306,ア　食品と化学,74Qi503710000000
工業,4307,イ　油脂とせっけん,74Qi503720000000
工業,4308,ウ　バイオテクノロジーの化学,74Qi503730000000
工業,4309,エ　有害物質と危険物,74Qi503740000000
工業,4310,３　内容の取扱い,74Qi505000000000
工業,4311,(1) 内容の構成及びその取扱いに当たっては，次の事項に配慮するものとする。,74Qi505100000000
工業,4312,ア　指導に当たっては，化学工業が資源やエネルギーを有効に利用して様々な材料を製造していることを理解させること。また，化学技術の発展や歴史についても理解させること。,74Qi505110000000
工業,4313,イ　指導に当たっては，化学技術が環境保全に関して重要な役割を果たしていることについて理解させること。,74Qi505120000000
工業,4314,(2) 内容の範囲や程度については，次の事項に配慮するものとする。,74Qi505200000000
工業,4315,ア　内容の(1)のアについては，化学工業で利用される資源を中心に扱うこと。イについては，物質を構成している基本的な元素や化合物の概要を扱うこと。ウについては，化学変化と化学反応式及び化学変化と物質の量との関係について基礎的な内容を扱うこと。,74Qi505210000000
工業,4316,イ　内容の(2)のアについては，気体の法則を中心に扱うこと。イについては，空気の組成と化学工業での利用を扱うこと。ウについては，溶解度や濃度を中心に扱うこと。,74Qi505220000000
工業,4317,ウ　内容の(3)のアについては，原子の構造と周期性を扱うこと。イについては，化学結合と物質の構造を扱うこと。ウについては，族ごとの基礎的な内容を扱うこと。,74Qi505230000000
工業,4318,エ　内容の(4)のアについては，酸及び塩基の基礎的な内容を扱うこと。イについては，酸化と還元及び電気分解と電池を扱うこと。ウについては，熱化学方程式を中心に扱うこと。エについては，反応速度と化学平衡の基礎的な内容を扱うこと。オについては，放射性物質の性質と利用を扱うこと。,74Qi505240000000
工業,4319,オ　内容の(5)のアについては，有機化合物の基礎的な内容を扱うこと。イについては，石油製品の製造に関する基礎的な内容を扱うこと。ウについては，化学工業の原料としての石油の役割を扱うこと。また，天然ガスや石炭を原料とする化学工業についても触れること。,74Qi505250000000
工業,4320,カ　内容の(6)のアについては，セラミック材料，金属材料及び高分子材料の性質及び用途を扱うこと。イについては，機能性材料の性質と用途を扱うこと。,74Qi505260000000
工業,4321,キ　内容の(7)のア及びイについては，身近な生活用品を具体的な事例として取り上げ，生活と化学工業製品の関係を扱うこと。ウについては，酵素や微生物を利用した化学工業の概要を扱うこと。エについては，有害物質と危険物の取扱い方法及び取扱者の管理責任の概要を扱うこと。,74Qi505270000000
工業,4322,第45　化学工学,74Qj500000000000
工業,4323,"１　目　標
　化学製品の製造に関する知識と技術を習得させ，実際に活用する能力と態度を育てる。",74Qj502000000000
工業,4324,２　内　容,74Qj503000000000
工業,4325,(1) 化学工場と化学プラント,74Qj503100000000
工業,4326,ア　化学工場の特徴,74Qj503110000000
工業,4327,イ　反応装置,74Qj503120000000
工業,4328,ウ　周辺の装置と設備,74Qj503130000000
工業,4329,エ　化学プラント,74Qj503140000000
工業,4330,(2) 物質とエネルギーの収支,74Qj503200000000
工業,4331,ア　物質収支,74Qj503210000000
工業,4332,イ　エネルギー収支,74Qj503220000000
工業,4333,ウ　単位換算,74Qj503230000000
工業,4334,(3) 単位操作,74Qj503300000000
工業,4335,ア　流体の輸送,74Qj503310000000
工業,4336,イ　熱の利用と管理,74Qj503320000000
工業,4337,ウ　物質変換の単位操作,74Qj503330000000
工業,4338,(4) 計測と制御,74Qj503400000000
工業,4339,ア　プロセス変量の計測,74Qj503410000000
工業,4340,イ　制御技術,74Qj503420000000
工業,4341,(5) 化学プラントの安全,74Qj503500000000
工業,4342,ア　化学工業と災害,74Qj503510000000
工業,4343,イ　災害の予防と安全管理,74Qj503520000000
工業,4344,(6) 化学工場の管理と法規,74Qj503600000000
工業,4345,ア　生産の計画と工程管理,74Qj503610000000
工業,4346,イ　品質管理,74Qj503620000000
工業,4347,ウ　化学工場に関する法規,74Qj503630000000
工業,4348,３　内容の取扱い,74Qj505000000000
工業,4349,(1) 内容の構成及びその取扱いに当たっては，次の事項に配慮するものとする。,74Qj505100000000
工業,4350,ア　指導に当たっては，エネルギーや資源の有効利用について理解させること。,74Qj505110000000
工業,4351,イ　指導に当たっては，災害の防止，安全管理の重要性及び法令遵守について理解させること。,74Qj505120000000
工業,4352,ウ　内容の(3)のウについては，地域産業の実態や学科の特色に応じて，単位操作の題材を選定して扱うこと。,74Qj505130000000
工業,4353,(2) 内容の範囲や程度については，次の事項に配慮するものとする。,74Qj505200000000
工業,4354,ア　内容の(1)のイ及びウについては，化学工場の概要を扱うこと。,74Qj505210000000
工業,4355,イ　内容の(2)については，資源及びエネルギーの有効活用の具体的な事例を扱うこと。イについては，熱収支の基礎的な内容を扱うこと。,74Qj505220000000
工業,4356,ウ　内容の(3)のアについては，基本的な流体の力学計算，物質収支，エネルギー収支を扱うこと。イについては，伝熱及び熱交換を扱うこと。,74Qj505230000000
工業,4357,エ　内容の(4)のアについては，主な検出器の種類と原理及び用途を扱うこと。また，センサ，電子技術及びコンピュータの活用方法について扱うこと。,74Qj505240000000
工業,4358,オ　内容の(5)については，化学災害の防止やプラントの安全管理などの基礎的な内容を扱うこと。,74Qj505250000000
工業,4359,カ　内容の(6)のア及びイについては，化学工場における基本的な工程管理及び品質管理を扱うこと。ウについては，化学物質及び化学工場に関する基本的な法規の目的と概要を扱うこと。,74Qj505260000000
工業,4360,第46　地球環境化学,74Qk500000000000
工業,4361,"１　目　標
　環境保全に関する知識と技術を習得させ，実際に活用する能力と態度を育てる。",74Qk502000000000
工業,4362,２　内　容,74Qk503000000000
工業,4363,(1) 地球環境と人間,74Qk503100000000
工業,4364,ア　生活と環境,74Qk503110000000
工業,4365,イ　自然環境の保全,74Qk503120000000
工業,4366,(2) 資源とエネルギー,74Qk503200000000
工業,4367,ア　地球と資源,74Qk503210000000
工業,4368,イ　資源の有効利用,74Qk503220000000
工業,4369,ウ　資源の使用と地球環境,74Qk503230000000
工業,4370,(3) 自然環境の調査,74Qk503300000000
工業,4371,ア　環境汚染の種類と原因,74Qk503310000000
工業,4372,イ　環境の分析と調査,74Qk503320000000
工業,4373,ウ　環境評価,74Qk503330000000
工業,4374,(4) 環境の保全と化学技術,74Qk503400000000
工業,4375,ア　環境保全と製造プロセスの改善,74Qk503410000000
工業,4376,イ　環境汚染の処理技術,74Qk503420000000
工業,4377,ウ　廃棄物のリサイクル,74Qk503430000000
工業,4378,(5) 環境保全に関する法規,74Qk503500000000
工業,4379,３　内容の取扱い,74Qk505000000000
工業,4380,(1) 内容の構成及びその取扱いに当たっては，次の事項に配慮するものとする。,74Qk505100000000
工業,4381,ア 指導に当たっては，地球の環境保全のために，化学技術が重要な役割を果たしていることについて理解させるとともに，自然科学的見地から扱うこと。,74Qk505110000000
工業,4382,イ　内容の(3)のアからウまで及び(4)のアからウまでについては，地域産業の実態や学科の特色に応じて適切な題材を選定すること。,74Qk505120000000
工業,4383,(2) 内容の範囲や程度については，次の事項に配慮するものとする。,74Qk505200000000
工業,4384,ア　内容の(1)のイについては，自然環境の保全と人間生活や生態系とのかかわりを扱うこと。,74Qk505210000000
工業,4385,イ　内容の(2)については，資源の有限性，資源やエネルギーの有効利用の必要性，化石燃料の使用による地球環境への影響などを扱うこと。,74Qk505220000000
工業,4386,ウ　内容の(3)のアについては，大気汚染と水質汚濁の具体的な事例を通して，汚染の種類と原因を扱うこと。イについては，関係法規に基づいた測定法による基本的な環境分析技術及び調査方法を扱うこと。ウについては，環境に関する基本的な評価方法を扱うこと。,74Qk505230000000
工業,4387,エ　内容の(4)のアについては，環境保全のための製造プロセスの改善に関する基礎的な内容を扱うこと。イについては，環境汚染物質の基本的な処理技術を扱うこと。ウについては，廃棄物の再資源化の基本的な処理技術を扱うこと。,74Qk505240000000
工業,4388,オ　内容の(5)については，環境保全に関する基本的な法規の目的と概要を扱うこと。,74Qk505250000000
工業,4389,第47　材料製造技術,74Ql500000000000
工業,4390,"１　目　標
　材料製造技術に関する知識と技術を習得させ，実際に活用する能力と態度を育てる。",74Ql502000000000
工業,4391,２　内　容,74Ql503000000000
工業,4392,(1) 材料製造の基礎,74Ql503100000000
工業,4393,ア　材料製造法の発達,74Ql503110000000
工業,4394,イ　物質の性質と化学反応,74Ql503120000000
工業,4395,ウ　高分子化合物の合成,74Ql503130000000
工業,4396,(2) 鉱石と原料の予備処理,74Ql503200000000
工業,4397,ア　高温炉の種類,74Ql503210000000
工業,4398,イ　原料の予備処理,74Ql503220000000
工業,4399,(3) 鉄鋼製錬,74Ql503300000000
工業,4400,ア　鉄鋼の製造と製錬反応,74Ql503310000000
工業,4401,イ　鋼の造塊と連続鋳造,74Ql503320000000
工業,4402,(4) 非鉄金属製錬,74Ql503400000000
工業,4403,ア　溶融製錬法,74Ql503410000000
工業,4404,イ　湿式製錬法,74Ql503420000000
工業,4405,ウ　電解製錬法,74Ql503430000000
工業,4406,エ　特殊材料の製錬法,74Ql503440000000
工業,4407,(5) セラミック材料の製造,74Ql503500000000
工業,4408,ア　セラミック材料の概要,74Ql503510000000
工業,4409,イ　セラミック材料の製造法,74Ql503520000000
工業,4410,ウ　複合材料の製造,74Ql503530000000
工業,4411,(6) 高分子材料の製造,74Ql503600000000
工業,4412,ア　高分子材料の概要,74Ql503610000000
工業,4413,イ　高分子材料の製造法,74Ql503620000000
工業,4414,３　内容の取扱い,74Ql505000000000
工業,4415,(1) 内容の構成及びその取扱いに当たっては，次の事項に配慮するものとする。,74Ql505100000000
工業,4416,ア　指導に当たっては，工場の見学や実験・実習などの活用により，具体的に理解させること。,74Ql505110000000
工業,4417,イ　内容の(5)については，地域産業の実態や学科の特色に応じて，セラミック材料として，ファインセラミックス，ガラス，セメントから適切な題材を選定して扱うこと。,74Ql505120000000
工業,4418,(2) 内容の範囲や程度については，次の事項に配慮するものとする。,74Ql505200000000
工業,4419,ア　内容の(1)のアについては，工業材料の製造方法と工業が相互に関連して発達してきたことを扱うこと。イについては，物質の種類と性質及び材料製造の原理と化学反応の基礎的な内容を扱うこと。,74Ql505210000000
工業,4420,イ　内容の(3)のアについては，主な炉による精錬の原理と方法を扱うこと。イについては，連続鋳造法の原理と鉄鋼製造工程の概要を扱うこと。,74Ql505220000000
工業,4421,ウ　内容の(4)のアからウまでについては，代表的な材料を取り上げ，精錬法の原理と方法を扱うこと。エについては，半導体などの特殊な材料の精錬法を扱うこと。,74Ql505230000000
工業,4422,第48　工業材料,74Qm500000000000
工業,4423,"１　目　標
　工業材料に関する知識と技術を習得させ，実際に活用する能力と態度を育てる。",74Qm502000000000
工業,4424,２　内　容,74Qm503000000000
工業,4425,(1) 工業材料の開発の歴史,74Qm503100000000
工業,4426,(2) 工業材料の性質,74Qm503200000000
工業,4427,ア　化学結合と結晶構造,74Qm503210000000
工業,4428,イ　機械的性質,74Qm503220000000
工業,4429,ウ　物理的・化学的性質,74Qm503230000000
工業,4430,エ　状態図と結晶組織,74Qm503240000000
工業,4431,(3) 材料の試験と検査,74Qm503300000000
工業,4432,ア　機械的性質の試験,74Qm503310000000
工業,4433,イ　組織観察,74Qm503320000000
工業,4434,(4) 構造用材料,74Qm503400000000
工業,4435,ア　鋼と鋳鉄,74Qm503410000000
工業,4436,イ　軽金属材料,74Qm503420000000
工業,4437,ウ　構造用セラミックス,74Qm503430000000
工業,4438,エ　エンジニアリングプラスチック,74Qm503440000000
工業,4439,オ　構造用複合材料,74Qm503450000000
工業,4440,(5) 機能性材料,74Qm503500000000
工業,4441,ア　電磁気材料,74Qm503510000000
工業,4442,イ　音響・光学材料,74Qm503520000000
工業,4443,ウ　エネルギー変換材料,74Qm503530000000
工業,4444,エ　センサ材料,74Qm503540000000
工業,4445,(6) 環境と材料,74Qm503600000000
工業,4446,ア　工業材料と安全,74Qm503610000000
工業,4447,イ　リサイクル技術,74Qm503620000000
工業,4448,３　内容の取扱い,74Qm505000000000
工業,4449,(1) 内容の構成及びその取扱いに当たっては，次の事項に配慮するものとする。,74Qm505100000000
工業,4450,ア　内容の(1)については，工業材料の発達が生活文化及び工業の発展に大きな影響を与えてきたことについて理解させること。,74Qm505110000000
工業,4451,(2) 内容の範囲や程度については，次の事項に配慮するものとする。,74Qm505200000000
工業,4452,ア　内容の(2)については，物質の結合方法及び材料の組織が，材料の性質と相互に関連していることを扱うこと。,74Qm505210000000
工業,4453,イ　内容の(3)については，材料の試験及び検査の原理と方法を扱うこと。,74Qm505220000000
工業,4454,ウ　内容の(4)のアについては，鋼，鋳鉄及び基本的な鉄合金の性質を扱うこと。イからオまでについては，代表的な材料の種類，性質及び利用例を扱うこと。,74Qm505230000000
工業,4455,エ　内容の(5)のアからエまでについては，各材料の性質及び利用例を扱うこと。,74Qm505240000000
工業,4456,オ　内容の(6)のアについては，環境に対して安全な工業材料の製造及び活用方法を扱うこと。イについては，工業材料のリサイクル技術に関する基礎的な内容を扱うこと。,74Qm505250000000
工業,4457,第49　材料加工,74Qn500000000000
工業,4458,"１　目　標
　材料加工に関する知識と技術を習得させ，実際に活用する能力と態度を育てる。",74Qn502000000000
工業,4459,２　内　容,74Qn503000000000
工業,4460,(1) 材料加工技術の発達,74Qn503100000000
工業,4461,(2) 材料の加工方法,74Qn503200000000
工業,4462,ア　鋳造,74Qn503210000000
工業,4463,イ　成形,74Qn503220000000
工業,4464,ウ　焼結,74Qn503230000000
工業,4465,エ　機械加工,74Qn503240000000
工業,4466,オ　接合,74Qn503250000000
工業,4467,カ　特殊な加工方法,74Qn503260000000
工業,4468,(3) 生産の自動化とプロセス制御,74Qn503300000000
工業,4469,ア　計測方法,74Qn503310000000
工業,4470,イ　制御方法,74Qn503320000000
工業,4471,ウ　生産工程の自動化システム,74Qn503330000000
工業,4472,(4) 工業材料の製造管理,74Qn503400000000
工業,4473,ア　生産方式と工程管理,74Qn503410000000
工業,4474,イ　設備と資材の管理,74Qn503420000000
工業,4475,ウ　作業の標準化,74Qn503430000000
工業,4476,エ　環境管理,74Qn503440000000
工業,4477,(5) 工業材料の品質管理と検査,74Qn503500000000
工業,4478,ア　品質管理の目的,74Qn503510000000
工業,4479,イ　品質のばらつきと統計,74Qn503520000000
工業,4480,ウ　品質保証と検査,74Qn503530000000
工業,4481,３　内容の取扱い,74Qn505000000000
工業,4482,(1) 内容の構成及びその取扱いに当たっては，次の事項に配慮するものとする。,74Qn505100000000
工業,4483,ア　指導に当たっては，地域産業の実態や学科の特色に応じて，適切な題材を選定して扱うこと。,74Qn505110000000
工業,4484,(2) 内容の範囲や程度については，次の事項に配慮するものとする。,74Qn505200000000
工業,4485,ア　内容の(1)については，工業材料の加工技術と生産方法が相互に関連して発達してきたことを扱うこと。,74Qn505210000000
工業,4486,イ　内容の(2)については，金属，セラミックス及び高分子材料に関する基本的な加工方法を扱うこと。,74Qn505220000000
工業,4487,ウ　内容の(3)のア及びイについては，材料の計測及び生産における制御の原理と方法を扱うこと。ウについては，生産工程の自動化システムの基本的な構成を扱うこと。,74Qn505230000000
工業,4488,エ　内容の(4)のアについては，工業材料の製造における基本的な生産方式と工程管理を扱うこと。ウについては，作業の標準化及び原価管理の基礎的な内容を扱うこと。エについては，生産工場における大気及び水質の汚染対策の基礎的な内容を扱うこと。,74Qn505240000000
工業,4489,オ　内容の(5)については，具体的な事例を通して，工業材料の品質管理及び検査の基礎的な内容を扱うこと。,74Qn505250000000
工業,4490,第50　セラミック化学,74Qo500000000000
工業,4491,"１　目　標
　セラミック化学に関する知識と技術を習得させ，実際に活用する能力と態度を育てる。",74Qo502000000000
工業,4492,２　内　容,74Qo503000000000
工業,4493,(1) 原子と原子構造,74Qo503100000000
工業,4494,ア　原子の構造,74Qo503110000000
工業,4495,イ　電子配置とイオン,74Qo503120000000
工業,4496,(2) 化学結合と物性,74Qo503200000000
工業,4497,ア　化学結合の種類,74Qo503210000000
工業,4498,イ　イオン半径と配位数,74Qo503220000000
工業,4499,ウ　結晶構造と物性,74Qo503230000000
工業,4500,エ　ガラス構造と物性,74Qo503240000000
工業,4501,(3) 平衡状態図,74Qo503300000000
工業,4502,ア　相と成分,74Qo503310000000
工業,4503,イ　平衡状態図,74Qo503320000000
工業,4504,(4) 高温反応,74Qo503400000000
工業,4505,ア　高温における物質移動と反応,74Qo503410000000
工業,4506,イ　溶融と結晶化,74Qo503420000000
工業,4507,(5) 結晶質材料,74Qo503500000000
工業,4508,ア　シリカとアルミナ,74Qo503510000000
工業,4509,イ　ケイ酸アルミニウムと粘土鉱物,74Qo503520000000
工業,4510,ウ　酸化物材料,74Qo503530000000
工業,4511,エ　非酸化物材料,74Qo503540000000
工業,4512,(6) 非晶質材料,74Qo503600000000
工業,4513,ア　酸化物ガラス,74Qo503610000000
工業,4514,イ　結晶化ガラス ,74Qo503620000000
工業,4515,３　内容の取扱い,74Qo505000000000
工業,4516,(1) 内容の構成及びその取扱いに当たっては，次の事項に配慮するものとする。,74Qo505100000000
工業,4517,ア　内容の(5)及び(6)については，地域産業の実態や学科の特色に応じて，適切なセラミック材料を選定して扱うこと。,74Qo505110000000
工業,4518,(2) 内容の範囲や程度については，次の事項に配慮するものとする。,74Qo505200000000
工業,4519,ア　内容の(1)のイについては，周期表の第３周期までの元素を扱うこと。,74Qo505210000000
工業,4520,イ　内容の(2)については，化学結合及び物性の基礎的な内容を扱うこと。,74Qo505220000000
工業,4521,ウ　内容の(3)については，２成分系を扱うこと。,74Qo505230000000
工業,4522,エ　内容の(4)については，焼結の機構を中心に扱うこと。,74Qo505240000000
工業,4523,第51　セラミック技術,74Qp500000000000
工業,4524,"１　目　標
　セラミックスの製造技術に関する知識と技術を習得させ，実際に活用する能力と態度を育てる。",74Qp502000000000
工業,4525,２　内　容,74Qp503000000000
工業,4526,(1) 原料処理,74Qp503100000000
工業,4527,ア　原料,74Qp503110000000
工業,4528,イ　処理工程,74Qp503120000000
工業,4529,ウ　調合計算と原料処理,74Qp503130000000
工業,4530,(2) セラミックスの成形と乾燥,74Qp503200000000
工業,4531,ア　各種の成形法,74Qp503210000000
工業,4532,イ　乾燥,74Qp503220000000
工業,4533,(3) 加熱処理と溶融,74Qp503300000000
工業,4534,ア　燃料と燃焼,74Qp503310000000
工業,4535,イ　加熱炉,74Qp503320000000
工業,4536,ウ　溶融,74Qp503330000000
工業,4537,(4) セラミックスの加工,74Qp503400000000
工業,4538,ア　研磨剤と工具,74Qp503410000000
工業,4539,イ　セラミック加工,74Qp503420000000
工業,4540,(5) 品質の管理と評価,74Qp503500000000
工業,4541,ア　品質管理,74Qp503510000000
工業,4542,イ　品質の評価,74Qp503520000000
工業,4543,(6) セラミック技術と安全,74Qp503600000000
工業,4544,ア　環境保全と安全,74Qp503610000000
工業,4545,イ　廃棄物の処理とリサイクル技術,74Qp503620000000
工業,4546,３　内容の取扱い,74Qp505000000000
工業,4547,(1) 内容の構成及びその取扱いに当たっては，次の事項に配慮するものとする。,74Qp505100000000
工業,4548,ア　指導に当たっては，工場の見学や実験・実習などの活用により，具体的に理解させること。,74Qp505110000000
工業,4549,イ　内容の(1)のウについては，地域産業の実態や学科の特色に応じて，適切な題材を選定して扱うこと。,74Qp505120000000
工業,4550,(2) 内容の範囲や程度については，次の事項に配慮するものとする。,74Qp505200000000
工業,4551,ア　内容の(1)のウについては，調合計算及び原料処理の基礎的な内容を扱うこと。,74Qp505210000000
工業,4552,イ　内容の(2)については，セラミックスの成形，乾燥の方法及びそれらの装置の構造の基礎的な内容を扱うこと。,74Qp505220000000
工業,4553,ウ　内容の(3)のアについては，燃料の特性と簡単な燃焼計算を扱うこと。イについては，加熱炉の構造及び炉材の特性を扱うこと。,74Qp505230000000
工業,4554,エ　内容の(4)のイについては，機械的加工，化学的加工及び電気的加工を扱うこと。,74Qp505240000000
工業,4555,オ　内容の(5)については，具体的な事例を通して，品質管理及び評価方法の基礎的な内容を扱うこと。,74Qp505250000000
工業,4556,カ　内容の(6)については，セラミックスの製造における環境保全及び資源のリサイクル技術の基礎的な内容を扱うこと。,74Qp505260000000
工業,4557,第52　セラミック工業,74Qq500000000000
工業,4558,"１　目　標
　セラミック工業に関する知識と技術を習得させ，実際に活用する能力と態度を育てる。",74Qq502000000000
工業,4559,２　内　容,74Qq503000000000
工業,4560,(1) セラミック工業の概要,74Qq503100000000
工業,4561,(2) 機能性セラミックス,74Qq503200000000
工業,4562,ア　材料と科学技術,74Qq503210000000
工業,4563,イ　機械的機能,74Qq503220000000
工業,4564,ウ　電気的機能,74Qq503230000000
工業,4565,エ　光学的機能,74Qq503240000000
工業,4566,(3) 陶磁器,74Qq503300000000
工業,4567,ア　陶磁器の歴史,74Qq503310000000
工業,4568,イ　原料と製造工程,74Qq503320000000
工業,4569,ウ　陶器と磁器,74Qq503330000000
工業,4570,(4) ガラスとほうろう,74Qq503400000000
工業,4571,ア　ガラス工業の歴史,74Qq503410000000
工業,4572,イ　原料と製造工程,74Qq503420000000
工業,4573,ウ　ガラス,74Qq503430000000
工業,4574,エ　ほうろう,74Qq503440000000
工業,4575,(5) 耐火物,74Qq503500000000
工業,4576,ア　産業と耐火物,74Qq503510000000
工業,4577,イ　原料と製造工程,74Qq503520000000
工業,4578,ウ　各種の耐火物,74Qq503530000000
工業,4579,(6) セメント,74Qq503600000000
工業,4580,ア　原料と製造工程,74Qq503610000000
工業,4581,イ　セメントの性質と用途,74Qq503620000000
工業,4582,３　内容の取扱い,74Qq505000000000
工業,4583,(1) 内容の構成及びその取扱いに当たっては，次の事項に配慮するものとする。,74Qq505100000000
工業,4584,ア　内容の(1)については，セラミック工業の発達と産業社会の発展が相互に関連していることを理解させること。,74Qq505110000000
工業,4585,イ　内容の(2)から(6)までについては，地域産業の実態や学科の特色に応じて，選択して扱うことができること。,74Qq505120000000
工業,4586,(2) 内容の範囲や程度については，次の事項に配慮するものとする。,74Qq505200000000
工業,4587,ア　内容の(2)のアについては，機能性セラミックスの開発を支えた技術の概要を扱うこと。イからエまでについては，セラミックスの多様な機能及び利用例を扱うこと。また，機能性の原理に関する基礎的な内容を扱うこと。　　　,74Qq505210000000
工業,4588,イ　内容の(3)については，地場産業の発達の歴史と製造方法を関連付けて扱うこと。,74Qq505220000000
工業,4589,ウ　内容の(4)のイについては，代表的なガラスの製造工程を扱うこと。,74Qq505230000000
工業,4590,エ　内容の(5)については，耐火物を利用する製造業についても触れること。,74Qq505240000000
工業,4591,オ　内容の(6)のイについては，セメントに関する基礎的な内容を扱うこと。,74Qq505250000000
工業,4592,第53　繊維製品,74Qr500000000000
工業,4593,"１　目　標
　繊維及び繊維製品に関する知識と技術を習得させ，実際に活用する能力と態度を育てる。",74Qr502000000000
工業,4594,２　内　容,74Qr503000000000
工業,4595,(1) 繊維製品の基礎,74Qr503100000000
工業,4596,ア　繊維製品の役割,74Qr503110000000
工業,4597,イ　繊維の種類と性質,74Qr503120000000
工業,4598,ウ　新繊維,74Qr503130000000
工業,4599,(2) 糸,74Qr503200000000
工業,4600,ア　糸の種類・構造・製造,74Qr503210000000
工業,4601,イ　糸の性質と用途,74Qr503220000000
工業,4602,(3) 布類,74Qr503300000000
工業,4603,ア　織物の組織・構造・製造,74Qr503310000000
工業,4604,イ　ニットの組織・構造・製造,74Qr503320000000
工業,4605,ウ　組物とレース類,74Qr503330000000
工業,4606,エ　布の性質と用途,74Qr503340000000
工業,4607,(4) 繊維の二次製品,74Qr503400000000
工業,4608,ア　二次製品の種類,74Qr503410000000
工業,4609,イ　アパレル製造,74Qr503420000000
工業,4610,ウ　二次製品の加工,74Qr503430000000
工業,4611,エ　品質試験・品質管理,74Qr503440000000
工業,4612,オ　日本の伝統織物,74Qr503450000000
工業,4613,(5) 繊維製品の企画,74Qr503500000000
工業,4614,ア　繊維製品の消費動向と市場調査,74Qr503510000000
工業,4615,イ　製品の企画と開発,74Qr503520000000
工業,4616,ウ　繊維製品の流通,74Qr503530000000
工業,4617,３　内容の取扱い,74Qr505000000000
工業,4618,(1) 内容の構成及びその取扱いに当たっては，次の事項に配慮するものとする。,74Qr505100000000
工業,4619,ア　内容の(5)については，地域産業の実態や学科の特色に応じて，扱わないことができること。,74Qr505110000000
工業,4620,(2) 内容の範囲や程度については，次の事項に配慮するものとする。,74Qr505200000000
工業,4621,ア　内容の(1)のイについては，代表的な天然繊維及び化学繊維を扱うこと。ウについては，繊維の生活用新素材及び産業用新素材について，特徴と用途を扱うこと。,74Qr505210000000
工業,4622,イ　内容の(2)のイについては，基本的な糸の性質と用途及び糸の性質を調べるための試験方法の原理を扱うこと。,74Qr505220000000
工業,4623,ウ　内容の(3)のウについては，不織布にも触れること。エについては，布の性質を調べるための簡単な試験方法を扱うこと。,74Qr505230000000
工業,4624,エ　内容の(4)のアについては，衣料及び産業用資材としての二次製品の種類及び用途を扱うこと。エについては，品質試験及び品質管理の基礎的な内容を扱うこと。オについては，代表的な日本の伝統織物を扱うこと。,74Qr505240000000
工業,4625,第54　繊維・染色技術,74Qs500000000000
工業,4626,"１　目　標
　繊維製品の製造技術及び染色技術に関する知識と技術を習得させ，実際に活用する能力と態度を育てる。",74Qs502000000000
工業,4627,２　内　容,74Qs503000000000
工業,4628,(1) 繊維製造・染色技術の基礎,74Qs503100000000
工業,4629,ア　繊維・染色の歴史,74Qs503110000000
工業,4630,イ　繊維産業,74Qs503120000000
工業,4631,ウ　繊維・染色と生活環境,74Qs503130000000
工業,4632,(2) 繊維と染色の基礎化学,74Qs503200000000
工業,4633,ア　繊維の化学,74Qs503210000000
工業,4634,イ　染色の化学,74Qs503220000000
工業,4635,ウ　繊維と染色の薬剤,74Qs503230000000
工業,4636,(3) 素材,74Qs503300000000
工業,4637,ア　繊維の製造と性質,74Qs503310000000
工業,4638,イ　色素材料,74Qs503320000000
工業,4639,ウ　繊維製造の自動化,74Qs503330000000
工業,4640,(4) 染色加工,74Qs503400000000
工業,4641,ア　精練・漂白,74Qs503410000000
工業,4642,イ　浸染,74Qs503420000000
工業,4643,ウ　なせん,74Qs503430000000
工業,4644,エ　工芸染色,74Qs503440000000
工業,4645,(5) 仕上げ加工,74Qs503500000000
工業,4646,ア　一般仕上げ加工,74Qs503510000000
工業,4647,イ　処理加工,74Qs503520000000
工業,4648,ウ　特殊処理加工,74Qs503530000000
工業,4649,エ　染色と仕上げ加工の自動化,74Qs503540000000
工業,4650,オ　染色用水と廃水処理,74Qs503550000000
工業,4651,(6) 表面加工・処理,74Qs503600000000
工業,4652,ア　印刷,74Qs503610000000
工業,4653,イ　表面処理,74Qs503620000000
工業,4654,ウ　非繊維素材への着色,74Qs503630000000
工業,4655,(7) 品質管理,74Qs503700000000
工業,4656,３　内容の取扱い,74Qs505000000000
工業,4657,(1) 内容の構成及びその取扱いに当たっては，次の事項に配慮するものとする。,74Qs505100000000
工業,4658,ア　指導に当たっては，繊維製造技術及び染色技術の役割と発達について総合的に理解させること。,74Qs505110000000
工業,4659,(2) 内容の範囲や程度については，次の事項に配慮するものとする。,74Qs505200000000
工業,4660,ア　内容の(1)のアについては，繊維製造及び染色技術の歴史を扱うこと。,74Qs505210000000
工業,4661,イ　内容の(2)については，繊維と染色に関する化学の基礎的な内容を扱うこと。,74Qs505220000000
工業,4662,ウ　内容の(3)のアについては，繊維製造の方法，繊維の性質及び製造機械を扱うこと。イについては，色素材料の基本的な性質と代表的な用途及び管理を扱うこと。ウについては，繊維製造における自動化の原理及び基本的な機械設備の構成を扱うこと。,74Qs505230000000
工業,4663,エ　内容の(4)のアについては，繊維材料の代表的な精練工程及び漂白工程を扱うこと。イについては，基本染法及び主な繊維の染色方法の基礎的な内容を扱うこと。ウについては，なせんの基礎的な内容を扱うこと。エについては，代表的な日本の伝統的染法を扱うこと。,74Qs505240000000
工業,4664,オ　内容の(5)のイについては，機能性をもたせるための基本的な処理加工を扱うこと。エについては，染色，色彩管理及び仕上げ加工の自動化の基本的な原理及び方法を扱うこと。,74Qs505250000000
工業,4665,カ　内容の(6)のアについては，印刷の工程及び製版の基礎的な内容を扱うこと。イについては，金属及びプラスチックの表面処理を扱うこと。ウについては，非繊維素材への着色の基礎的な内容を扱うこと。,74Qs505260000000
工業,4666,キ　内容の(7)については，繊維製品及び染色加工製品の品質管理の基礎的な内容を扱うこと。,74Qs505270000000
工業,4667,第55　染織デザイン,74Qt500000000000
工業,4668,"１　目　標
　繊維製品の染と織のデザインに関する知識と技術を習得させ，実際に活用する能力と態度を育てる。",74Qt502000000000
工業,4669,２　内　容,74Qt503000000000
工業,4670,(1) テキスタイルと造形,74Qt503100000000
工業,4671,ア　テキスタイルと人とのかかわり,74Qt503110000000
工業,4672,イ　テキスタイルとデザイン,74Qt503120000000
工業,4673,ウ　基礎造形,74Qt503130000000
工業,4674,エ　色彩の基礎と色彩計画,74Qt503140000000
工業,4675,(2) デザインの基礎技法,74Qt503200000000
工業,4676,ア　テキスタイルデザイン,74Qt503210000000
工業,4677,イ　基礎描法,74Qt503220000000
工業,4678,ウ　パターンデザイン,74Qt503230000000
工業,4679,(3) デザインの具体化,74Qt503300000000
工業,4680,ア　織物デザイン,74Qt503310000000
工業,4681,イ　ニットデザイン,74Qt503320000000
工業,4682,ウ　染色デザイン,74Qt503330000000
工業,4683,エ　コンピュータデザイン,74Qt503340000000
工業,4684,(4) 装飾様式と室内装飾,74Qt503400000000
工業,4685,ア　装飾様式と文様,74Qt503410000000
工業,4686,イ　服飾様式,74Qt503420000000
工業,4687,ウ　室内装飾,74Qt503430000000
工業,4688,３　内容の取扱い,74Qt505000000000
工業,4689,(1) 内容の構成及びその取扱いに当たっては，次の事項に配慮するものとする。,74Qt505100000000
工業,4690,ア　指導に当たっては，美術館，博物館等の見学や各種メディア教材の活用により，具体的に理解させること。また，地域産業の実態や学科の特色に応じて，適切な題材を選定し，実習及び制作を通して具体的に理解させること。,74Qt505110000000
工業,4691,イ　内容の(3)のアからエまでについては，地域産業の実態や学科の特色に応じて，選択して扱うことができること。,74Qt505120000000
工業,4692,(2) 内容の範囲や程度については，次の事項に配慮するものとする。,74Qt505200000000
工業,4693,ア　内容の(1)のイについては，簡単な作品制作を通して，具体的なテキスタイルとデザインの関係を扱うこと。ウについては，造形の原理について扱い，簡単な作品を制作させること。エについては，色彩の基礎及び色彩計画の基礎的な内容を扱うこと。,74Qt505210000000
工業,4694,イ　内容の(2)のイについては，テキスタイルデザインの基本的な描法を扱うこと。,74Qt505220000000
工業,4695,ウ　内容の(3)のアからウまでについては，具体的な事例を通して，デザインの具体化の方法を扱うこと。エについては，コンピュータを活用した簡単なテキスタイルデザインの作品を制作させること。,74Qt505230000000
工業,4696,エ　内容の(4)のアについては，日本の伝統的な服飾様式と文様を扱うこと。イについては，服飾デザイン画を制作させること。ウについては，室内装飾としてのテキスタイルを扱うこと。,74Qt505240000000
工業,4697,第56　インテリア計画,74Qu500000000000
工業,4698,"１　目　標
　インテリア計画に関する知識と技術を習得させ，実際に活用する能力と態度を育てる。",74Qu502000000000
工業,4699,２　内　容,74Qu503000000000
工業,4700,(1) インテリア計画の概要,74Qu503100000000
工業,4701,(2) インテリアの環境条件,74Qu503200000000
工業,4702,ア　屋外環境,74Qu503210000000
工業,4703,イ　屋内環境,74Qu503220000000
工業,4704,ウ　色彩と形態,74Qu503230000000
工業,4705,(3) インテリアと人間工学,74Qu503300000000
工業,4706,ア　人体と人体寸法,74Qu503310000000
工業,4707,イ　姿勢と動作,74Qu503320000000
工業,4708,ウ　インテリアと住空間,74Qu503330000000
工業,4709,(4) 寸法計画と規模計画,74Qu503400000000
工業,4710,ア　空間の目的と規模,74Qu503410000000
工業,4711,イ　モデュラーコーディネーション,74Qu503420000000
工業,4712,ウ　寸法設計,74Qu503430000000
工業,4713,(5) インテリアエレメントの計画,74Qu503500000000
工業,4714,ア　インテリアエレメントの分類,74Qu503510000000
工業,4715,イ　インテリアエレメントの計画上の取扱い,74Qu503520000000
工業,4716,(6) 各種空間の計画,74Qu503600000000
工業,4717,ア　住宅,74Qu503610000000
工業,4718,イ　事務所,74Qu503620000000
工業,4719,ウ　各種施設,74Qu503630000000
工業,4720,３　内容の取扱い,74Qu505000000000
工業,4721,(1) 内容の構成及びその取扱いに当たっては，次の事項に配慮するものとする。,74Qu505100000000
工業,4722,ア　内容の(2)については，アからウまでを関連付けた適切な題材を選定し，インテリア空間の計画をさせること。,74Qu505110000000
工業,4723,(2) 内容の範囲や程度については，次の事項に配慮するものとする。,74Qu505200000000
工業,4724,ア　内容の(1)については，インテリア計画の意義と概要を扱うこと。,74Qu505210000000
工業,4725,イ　内容の(2)のアについては，気温や日照等の屋外の気象変化とインテリアの関係の基礎的な内容を扱うこと。イについては，照明や音響等の屋内の環境とインテリアの関係の基礎的な内容を扱うこと。ウについては，インテリアの色彩と形態及びそれらが人間の感覚に与える影響の基礎的な内容を扱うこと。,74Qu505220000000
工業,4726,ウ　内容の(4)のアについては，空間規模，施設規模及び規模決定の方法を扱うこと。イについては，モデュラーコーディネーションの基礎的な内容を扱うこと。ウについては，グリッドプランニングを扱うこと。,74Qu505230000000
工業,4727,エ　内容の(5)のアについては，インテリアエレメントの種類及び分類を扱うこと。イについては，家具，カーテン，カーペット，照明器具などを扱うこと。,74Qu505240000000
工業,4728,オ　内容の(6)のア及びイについては，空間の計画及び簡単な設計例を扱うこと。ウについては，商業施設，教育・文化施設などの計画を扱うこと。,74Qu505250000000
工業,4729,第57　インテリア装備,74Qv500000000000
工業,4730,"１　目　標
　インテリア装備に関する知識と技術を習得させ，実際に活用する能力と態度を育てる。",74Qv502000000000
工業,4731,２　内　容,74Qv503000000000
工業,4732,(1) 建築構造と力学,74Qv503100000000
工業,4733,ア　建築構造の概要,74Qv503110000000
工業,4734,イ　構造物に働く力,74Qv503120000000
工業,4735,ウ　部材の断面,74Qv503130000000
工業,4736,(2) 設備,74Qv503200000000
工業,4737,ア　給排水・衛生設備,74Qv503210000000
工業,4738,イ　空気調和設備,74Qv503220000000
工業,4739,ウ　電気・ガス・通信設備,74Qv503230000000
工業,4740,(3) インテリアの構造と施工,74Qv503300000000
工業,4741,ア　床・壁・天井の下地と仕上げ,74Qv503310000000
工業,4742,イ　開口部,74Qv503320000000
工業,4743,ウ　階段,74Qv503330000000
工業,4744,エ　造作,74Qv503340000000
工業,4745,(4) インテリア材料の種類と性質,74Qv503400000000
工業,4746,ア　構造材料,74Qv503410000000
工業,4747,イ　機能材料,74Qv503420000000
工業,4748,ウ　仕上材料,74Qv503430000000
工業,4749,(5) インテリアの工業化,74Qv503500000000
工業,4750,(6) インテリアの維持保全,74Qv503600000000
工業,4751,(7) インテリア装備に関する法規,74Qv503700000000
工業,4752,３　内容の取扱い,74Qv505000000000
工業,4753,(1) 内容の構成及びその取扱いに当たっては，次の事項に配慮するものとする。,74Qv505100000000
工業,4754,ア　指導に当たっては，インテリア装備の見学や各種メディア教材の活用により，具体的に理解させること。,74Qv505110000000
工業,4755,(2) 内容の範囲や程度については，次の事項に配慮するものとする。,74Qv505200000000
工業,4756,ア　内容の(1)のアについては，インテリア装備を計画し，施工するための建築構造の基礎的な内容を扱うこと。イについては，構造物に加わる力の基本的な力学計算を扱うこと。,74Qv505210000000
工業,4757,イ　内容の(2)については，インテリア装備を計画し，施工するための設備の基礎的な内容を扱うこと。,74Qv505220000000
工業,4758,ウ　内容の(4)については，インテリア材料の種類と性質及び材料の審美的特性と心理的効果の基礎的な内容を扱うこと。,74Qv505230000000
工業,4759,エ　内容の(5)については，インテリアのユニット化及びシステム化の基礎的な内容を扱うこと。,74Qv505240000000
工業,4760,オ　内容の(6)については，インテリアの維持保全の方法及びリフォームの方法について基礎的な内容を扱うこと。,74Qv505250000000
工業,4761,カ　内容の(7)については，インテリア装備の施工と管理及び安全性などに関する基本的な法規の目的と概要を扱うこと。,74Qv505260000000
工業,4762,第58　インテリアエレメント生産,74Qw500000000000
工業,4763,"１　目　標
　インテリアエレメントの生産に関する知識と技術を習得させ，実際に活用する能力と態度を育てる。",74Qw502000000000
工業,4764,２　内　容,74Qw503000000000
工業,4765,(1) 材料と加工,74Qw503100000000
工業,4766,ア　木材と木質材料,74Qw503110000000
工業,4767,イ　無機材料,74Qw503120000000
工業,4768,ウ　有機材料,74Qw503130000000
工業,4769,(2) 各種のエレメント,74Qw503200000000
工業,4770,ア　家具,74Qw503210000000
工業,4771,イ　建具,74Qw503220000000
工業,4772,ウ　照明器具,74Qw503230000000
工業,4773,エ　窓回り部品,74Qw503240000000
工業,4774,オ　テキスタイル製品,74Qw503250000000
工業,4775,カ　壁装材料,74Qw503260000000
工業,4776,キ　工芸品,74Qw503270000000
工業,4777,(3) 生産技術,74Qw503300000000
工業,4778,ア　家具,74Qw503310000000
工業,4779,イ　建具,74Qw503320000000
工業,4780,(4) 生産管理,74Qw503400000000
工業,4781,ア　生産管理の基礎,74Qw503410000000
工業,4782,イ　生産の工程,74Qw503420000000
工業,4783,３　内容の取扱い,74Qw505000000000
工業,4784,(1) 内容の構成及びその取扱いに当たっては，次の事項に配慮するものとする。,74Qw505100000000
工業,4785,ア　内容の(1)のアからウまで及び(2)のアからキまでについては，地域産業の実態や学科の特色に応じて，選択して扱うことができること。,74Qw505110000000
工業,4786,イ　内容の(4)のイについては，地域産業の実態や学科の特色に応じて，家具，建具及び住宅部品から適切な事例を選定して具体的に理解させること。,74Qw505120000000
工業,4787,(2) 内容の範囲や程度については，次の事項に配慮するものとする。,74Qw505200000000
工業,4788,ア　内容の(1)については，材料の特性及び加工の原理と方法を扱うこと。イについては，金属材料，セラミック材料及び石材を中心に扱うこと。ウについては，プラスチック材料を中心に扱うこと。,74Qw505210000000
工業,4789,イ　内容の(3)については，実際の生産工程に沿って機械設備と生産技術を総合的に扱うこと。また，関連する法規についても触れること。,74Qw505220000000
工業,4790,ウ　内容の(4)のイについては，生産工程及び基本的な管理方法を扱うこと。,74Qw505230000000
工業,4791,第59　デザイン技術,74Qx500000000000
工業,4792,"１　目　標
　デザイン技術に関する知識と技術を習得させ，実際に創造し応用する能力と態度を育てる。",74Qx502000000000
工業,4793,２　内　容,74Qx503000000000
工業,4794,(1) デザインの基礎,74Qx503100000000
工業,4795,ア　デザインの概要と創造活動,74Qx503110000000
工業,4796,イ　デザイン用具と用法,74Qx503120000000
工業,4797,ウ　形態観察と表示,74Qx503130000000
工業,4798,エ　色彩,74Qx503140000000
工業,4799,オ　人間要素,74Qx503150000000
工業,4800,(2) ビジュアルデザイン,74Qx503200000000
工業,4801,ア　ビジュアルデザインの概要,74Qx503210000000
工業,4802,イ　グラフィックデザイン,74Qx503220000000
工業,4803,ウ　パッケージデザイン,74Qx503230000000
工業,4804,エ　写真と印刷技術,74Qx503240000000
工業,4805,オ　ビジュアルデザインの活用,74Qx503250000000
工業,4806,(3) プロダクトデザイン,74Qx503300000000
工業,4807,ア　プロダクトデザインの概要,74Qx503310000000
工業,4808,イ　生活器具のデザイン,74Qx503320000000
工業,4809,ウ　産業機器のデザイン,74Qx503330000000
工業,4810,エ　繊維・服飾デザイン,74Qx503340000000
工業,4811,オ　工芸品のデザイン,74Qx503350000000
工業,4812,(4) 環境構成デザイン,74Qx503400000000
工業,4813,ア　住空間と業務空間,74Qx503410000000
工業,4814,イ　家具,74Qx503420000000
工業,4815,ウ　ディスプレイ及び店舗,74Qx503430000000
工業,4816,エ　都市空間,74Qx503440000000
工業,4817,(5) デザイン企画,74Qx503500000000
工業,4818,ア　デザインの企画と計画,74Qx503510000000
工業,4819,イ　マーケティング,74Qx503520000000
工業,4820,ウ　デザインの組織と進行,74Qx503530000000
工業,4821,３　内容の取扱い,74Qx505000000000
工業,4822,(1) 内容の構成及びその取扱いに当たっては，次の事項に配慮するものとする。,74Qx505100000000
工業,4823,ア　指導に当たっては，美術館，博物館等の見学や各種メディア教材の活用により，具体的に理解させること。また，地域産業の実態や学科の特色に応じて，適切な題材を選定し，実習を通して具体的に理解させること。,74Qx505110000000
工業,4824,イ　内容の(2)のアからオまで及び(3)のアからオまでについては，地域産業の実態や学科の特色に応じて，選択して扱うことができること。,74Qx505120000000
工業,4825,(2) 内容の範囲や程度については，次の事項に配慮するものとする。,74Qx505200000000
工業,4826,ア　内容の(1)のアについては，デザインの意味と要素，創造の意味と手法などを扱うこと。ウについては，物の見え方，とらえ方，表示及び表現の種類とその技法を扱うこと。エについては，色彩の基礎的な内容を扱うこと。オについては，造形の心理，人間工学，デザインと人間要素などの基礎的な内容を扱うこと。,74Qx505210000000
工業,4827,イ　内容の(2)については，視覚伝達デザインの分野にかかわる基礎的な内容を扱うこと。オについては，デザインに関する機器の活用を扱うこと。,74Qx505220000000
工業,4828,ウ　内容の(3)については，プロダクトデザインの意義，要素，用途などの基礎的な内容を扱うこと。,74Qx505230000000
工業,4829,エ　内容の(4)のアからウまでについては，室内，家具及び店舗のデザインについて基礎的な内容を扱うこと。エについては，都市景観について基礎的な内容を扱うこと。,74Qx505240000000
工業,4830,オ　内容の(5)のア及びイについては，企業における製品デザインの企画，宣伝の企画，市場調査など具体的な事例を通して扱うこと。,74Qx505250000000
工業,4831,第60　デザイン材料,74Qy500000000000
工業,4832,"１　目　標
　デザイン材料及び加工に関する知識と技術を習得させ，使用目的に応じて適切な材料を選択する能力と態度を育てる。",74Qy502000000000
工業,4833,２　内　容,74Qy503000000000
工業,4834,(1) 無機材料の特性と加工技術,74Qy503100000000
工業,4835,ア　金属材料,74Qy503110000000
工業,4836,イ　セラミック材料,74Qy503120000000
工業,4837,ウ　ガラス,74Qy503130000000
工業,4838,(2) 有機材料の特性と加工技術,74Qy503200000000
工業,4839,ア　木・竹材料,74Qy503210000000
工業,4840,イ　プラスチック,74Qy503220000000
工業,4841,ウ　繊維と皮革類,74Qy503230000000
工業,4842,エ　紙類,74Qy503240000000
工業,4843,オ　塗料と色材,74Qy503250000000
工業,4844,カ　接着剤,74Qy503260000000
工業,4845,(3) デザインと材料,74Qy503300000000
工業,4846,ア　材料の工学的特性,74Qy503310000000
工業,4847,イ　材料の感覚的特性,74Qy503320000000
工業,4848,ウ　デザインと加工・施工技術,74Qy503330000000
工業,4849,エ　使用条件と材料の選択,74Qy503340000000
工業,4850,オ　製品実例の研究,74Qy503350000000
工業,4851,３　内容の取扱い,74Qy505000000000
工業,4852,(1) 内容の構成及びその取扱いに当たっては，次の事項に配慮するものとする。,74Qy505100000000
工業,4853,ア　指導に当たっては，産業現場の見学や各種メディア教材の活用により，具体的に理解させること。,74Qy505110000000
工業,4854,イ　内容の(3)については，地域産業の実態や学科の特色に応じて，適切な題材を選定し，具体的に理解させること。,74Qy505120000000
工業,4855,(2) 内容の範囲や程度については，次の事項に配慮するものとする。,74Qy505200000000
工業,4856,ア　内容の(2)については，各材料の種類，基本的な特性及び用途を扱うこと。,74Qy505210000000
工業,4857,第61　デザイン史,74Qz500000000000
工業,4858,"１　目　標
　造形とデザインの歴史を理解させ，実際に創造し鑑賞する能力と態度を育てる。",74Qz502000000000
工業,4859,２　内　容,74Qz503000000000
工業,4860,(1) 日本のデザイン,74Qz503100000000
工業,4861,ア　古代の生活と造形,74Qz503110000000
工業,4862,イ　中世の生活と造形,74Qz503120000000
工業,4863,ウ　近世の生活と造形,74Qz503130000000
工業,4864,エ　近代の生活とデザイン,74Qz503140000000
工業,4865,(2) 西洋のデザイン,74Qz503200000000
工業,4866,ア　古代の生活と造形,74Qz503210000000
工業,4867,イ　中世の生活と造形,74Qz503220000000
工業,4868,ウ　近世の生活と造形,74Qz503230000000
工業,4869,エ　近代のデザインの成立と展開,74Qz503240000000
工業,4870,(3) 現代のデザイン,74Qz503300000000
工業,4871,３　内容の取扱い,74Qz505000000000
工業,4872,(1) 内容の構成及びその取扱いに当たっては，次の事項に配慮するものとする。,74Qz505100000000
工業,4873,ア　指導に当たっては，美術館，博物館等の見学や各種メディア教材の活用により，具体的に理解させること。,74Qz505110000000
工業,4874,(2) 内容の範囲や程度については，次の事項に配慮するものとする。,74Qz505200000000
工業,4875,ア　内容の(1)については，東洋のデザインについても扱うこと。,74Qz505210000000
工業,4876,イ　内容の(3)については，日本のデザイン活動の国際的な広がり及び日本のデザインに影響を与えた諸外国のデザインなどを扱うとともに，現代デザインの国際的な動向にも触れること。,74Qz505220000000
工業,4877,第３款　各科目にわたる指導計画の作成と内容の取扱い,74Q0300000000000
工業,4878,１　指導計画の作成に当たっては，次の事項に配慮するものとする。,74Q0300100000000
工業,4879,(1) 工業に関する各学科においては，「工業技術基礎」及び「課題研究」を原則としてすべての生徒に履修させること。,74Q0300110000000
工業,4880,(2) 工業に関する各学科においては，原則として工業に関する科目に配当する総授業時数の10分の５以上を実験・実習に配当すること。,74Q0300120000000
工業,4881,(3) 「実習」及び「製図」については，それぞれ科目名に各学科の名称を冠し，例えば「機械実習」，「機械製図」などとして取り扱うことができること。,74Q0300130000000
工業,4882,(4) 地域や産業界との連携・交流を通じた実践的な学習活動や就業体験を積極的に取り入れるとともに，社会人講師を積極的に活用するなどの工夫に努めること。,74Q0300140000000
工業,4883,２　各科目の指導に当たっては，コンピュータや情報通信ネットワークなどの活用を図り，学習の効果を高めるよう配慮するものとする。,74Q0300200000000
工業,4884,３　実験・実習を行うに当たっては，関連する法規等に従い，施設・設備や薬品等の安全管理に配慮し，学習環境を整えるとともに，事故防止の指導を徹底し，安全と衛生に十分留意するものとする。また，化学工業，材料技術，セラミックス，繊維などに関する「実習」においては，排気，廃液などの処理について十分留意するものとする。,74Q0300300000000
商業,4885,第３節　商　　　業,74R0000000000000
商業,4886,"第１款　目　標
　商業の各分野に関する基礎的・基本的な知識と技術を習得させ，ビジネスの意義や役割について理解させるとともに，ビジネスの諸活動を主体的，合理的に，かつ倫理観をもって行い，経済社会の発展を図る創造的な能力と実践的な態度を育てる。",74R0100000000000
商業,4887,第２款　各　科　目,74R0500000000000
商業,4888,第１　ビジネス基礎,74R1500000000000
商業,4889,"１　目　標
　ビジネスに関する基礎的な知識と技術を習得させ，経済社会の一員としての望ましい心構えを身に付けさせるとともに，ビジネスの諸活動に適切に対応する能力と態度を育てる。",74R1502000000000
商業,4890,２　内　容,74R1503000000000
商業,4891,(1) 商業の学習ガイダンス,74R1503100000000
商業,4892,ア　商業を学ぶ目的と学び方,74R1503110000000
商業,4893,イ　商業の学習分野と職業,74R1503120000000
商業,4894,(2) ビジネスとコミュニケーション,74R1503200000000
商業,4895,ア　ビジネスに対する心構え,74R1503210000000
商業,4896,イ　コミュニケーションの基礎,74R1503220000000
商業,4897,ウ　情報の入手と活用,74R1503230000000
商業,4898,(3) ビジネスと売買取引,74R1503300000000
商業,4899,ア　売買取引とビジネス計算の基礎,74R1503310000000
商業,4900,イ　代金決済,74R1503320000000
商業,4901,(4) 経済と流通の基礎,74R1503400000000
商業,4902,ア　経済の基礎,74R1503410000000
商業,4903,イ　ビジネスの役割と発展,74R1503420000000
商業,4904,ウ　経済活動と流通,74R1503430000000
商業,4905,エ　ビジネスの担い手,74R1503440000000
商業,4906,(5) 企業活動の基礎,74R1503500000000
商業,4907,ア　企業の形態と経営組織,74R1503510000000
商業,4908,イ　資金調達,74R1503520000000
商業,4909,ウ　企業活動と税,74R1503530000000
商業,4910,エ　雇用,74R1503540000000
商業,4911,３　内容の取扱い,74R1505000000000
商業,4912,(1) 内容の構成及びその取扱いに当たっては，次の事項に配慮するものとする。,74R1505100000000
商業,4913,ア　指導に当たっては，商業教育全般の導入として基礎的な内容を取り扱うこと。また，各種メディア教材などを活用し，経済社会の動向に着目させること。,74R1505110000000
商業,4914,(2) 内容の範囲や程度については，次の事項に配慮するものとする。,74R1505200000000
商業,4915,ア　内容の(1)のアについては，商業を学ぶ目的，マーケティング，ビジネス経済，会計及びビジネス情報の４分野とその学び方並びに継続学習の中で専門的能力を身に付けることの重要性についてガイダンスを行い，生徒の学習の動機付けを図ること。イについては，商業の学習と関連する職業の概要を扱い，卒業後の進路について考えさせること。,74R1505210000000
商業,4916,イ　内容の(2)のアについては，ビジネスにおける基本的なマナー，良好な人間関係を構築することの意義や必要性及びビジネスに対する望ましい心構えや考え方を扱うこと。イについては，ビジネスの場面に応じた言葉の使い方などコミュニケーションの基礎的な方法を扱うこと。ウについては，ビジネスの諸活動に必要な情報を入手し活用する方法を扱うこと。,74R1505220000000
商業,4917,ウ　内容の(3)のアについては，流通活動における売買取引及び仕入原価，売価，利息，外国貨幣の換算などビジネス計算の基礎的な内容を扱うこと。イについては，代金決済の手段と仕組みを扱うこと。,74R1505230000000
商業,4918,エ　内容の(4)のアについては，土地，資本，労働力といった生産要素の希少性，経済主体，経済活動の循環など経済活動の基礎的な内容を扱うこと。ウについては，経済活動における流通の意義や役割について，生産から消費に至る役割分担の変化や小売業の業種，業態の変化とかかわらせて扱うこと。エについては，生産から消費の過程にかかわるビジネスの担い手の役割や仕事の概要，職業人として求められる倫理を扱うこと。,74R1505240000000
商業,4919,オ　内容の(5)のイについては，資金調達の方法とその特徴を扱うこと。エについては，雇用の形態及び雇用に伴う企業の責任を扱うこと。,74R1505250000000
商業,4920,第２　課題研究,74R2500000000000
商業,4921,"１　目　標
　商業に関する課題を設定し，その課題の解決を図る学習を通して，専門的な知識と技術の深化，総合化を図るとともに，問題解決の能力や自発的，創造的な学習態度を育てる。",74R2502000000000
商業,4922,２　内　容,74R2503000000000
商業,4923,(1) 調査，研究，実験,74R2503100000000
商業,4924,(2) 作品制作,74R2503200000000
商業,4925,(3) 産業現場等における実習,74R2503300000000
商業,4926,(4) 職業資格の取得,74R2503400000000
商業,4927,３　内容の取扱い,74R2505000000000
商業,4928,(1) 内容の構成及びその取扱いに当たっては，次の事項に配慮するものとする。,74R2505100000000
商業,4929,ア　生徒の興味・関心，進路希望等に応じて，内容の(1)から(4)までの中から個人又はグループで適切な課題を設定させること。なお，課題は内容の(1)から(4)までの２項目以上にまたがる課題を設定することができること。,74R2505110000000
商業,4930,イ　課題研究の成果について発表する機会を設けるようにすること。,74R2505120000000
商業,4931,第３　総合実践,74R3500000000000
商業,4932,"１　目　標
　商業の各分野に関する知識と技術を実践的活動を通して総合的に習得させ，ビジネスの諸活動を主体的，合理的に行う能力と態度を育てる。",74R3502000000000
商業,4933,２　内　容,74R3503000000000
商業,4934,(1) マーケティングに関する実践,74R3503100000000
商業,4935,(2) ビジネス経済に関する実践,74R3503200000000
商業,4936,(3) 会計に関する実践,74R3503300000000
商業,4937,(4) ビジネス情報に関する実践,74R3503400000000
商業,4938,(5) 分野横断的・総合的な実践,74R3503500000000
商業,4939,３　内容の取扱い,74R3505000000000
商業,4940,(1) 内容の構成及びその取扱いに当たっては，次の事項に配慮するものとする。,74R3505100000000
商業,4941,ア　指導に当たっては，各分野の特色に応じた実践を通して，各分野の学習内容を総合的に応用できるようにすること。,74R3505110000000
商業,4942,イ　内容の(1)から(5)までについては，学科の特色に応じて選択して扱うことができること。また，内容の(5)については，内容の(1)から(4)までの２項目以上にまたがる総合的な内容を扱うこと。,74R3505120000000
商業,4943,第４　ビジネス実務,74R4500000000000
商業,4944,"１　目　標
　ビジネス実務に関する知識と技術を習得させ，ビジネスにおけるコミュニケーションの意義や業務の合理化の重要性について理解させるとともに，ビジネスの諸活動を円滑に行う能力と態度を育てる。",74R4502000000000
商業,4945,２　内　容,74R4503000000000
商業,4946,(1) オフィス実務,74R4503100000000
商業,4947,ア　企業の組織と仕事,74R4503110000000
商業,4948,イ　ビジネスマナーとコミュニケーション,74R4503120000000
商業,4949,ウ　オフィス実務と情報化,74R4503130000000
商業,4950,エ　税の申告と納付,74R4503140000000
商業,4951,(2) ビジネスと珠算,74R4503200000000
商業,4952,ア　計算の基礎,74R4503210000000
商業,4953,イ　珠算,74R4503220000000
商業,4954,ウ　暗算,74R4503230000000
商業,4955,(3) ビジネス英語,74R4503300000000
商業,4956,ア　国際化とコミュニケーション,74R4503310000000
商業,4957,イ　ビジネスの会話,74R4503320000000
商業,4958,ウ　ビジネスの文書,74R4503330000000
商業,4959,３　内容の取扱い,74R4505000000000
商業,4960,(1) 内容の構成及びその取扱いに当たっては，次の事項に配慮するものとする。,74R4505100000000
商業,4961,ア　指導に当たっては，オフィス実務，珠算・暗算及びビジネス英語に関する知識や技術をビジネスの諸活動に活用できるようにすること。,74R4505110000000
商業,4962,イ　内容の(1)から(3)までの中から，生徒の実態や学科の特色に応じて，２項目以上を選択して扱うこと。,74R4505120000000
商業,4963,(2) 内容の範囲や程度については，次の事項に配慮するものとする。,74R4505200000000
商業,4964,ア　内容の(1)のアについては，企業の組織と意思決定の流れ，職業人としての心構えと良好な人間関係の構築の必要性，仕事の進め方や改善方法などを扱うこと。イについては，訪問，受付案内などの際のマナー及びディスカッションや交渉などのコミュニケーションの技法を扱うとともに，ディベートなどを通してコミュニケーション能力の育成を図ること。ウについては，オフィス環境の整備の重要性，資料管理の方法，会議の準備と効果的・効率的な運営，給与計算の方法及びグループウェアや会計ソフトウェアなどの活用を扱うこと。エについては，法人税額の計算の概要及び法人税の申告・納付と消費税の徴収・納付の手続の概要を扱うこと。,74R4505210000000
商業,4965,イ　内容の(2)のアについては，珠算の歴史，数の表現，記数法，概数及び概算を扱うこと。イについては，四則計算を扱い，計算力の向上を図ること。ウについては，珠算式の暗算を扱い，簡単な計算ができるようにすること。,74R4505220000000
商業,4966,ウ　内容の(3)のアについては，ビジネスにおける国際化の進展及び英語によるコミュニケーションの意義や役割を扱うこと。イについては，ビジネスの諸活動における外国人との応対，商談及び会議でよく用いられる基本的な英会話を扱うこと。ウについては，海外との取引に用いられる文書の基本的構成要素の概要及び読解と作成を扱うこと。,74R4505230000000
商業,4967,第５　マーケティング,74R5500000000000
商業,4968,"１　目　標
　マーケティングに関する知識と技術を習得させ，マーケティングの意義や役割について理解させるとともに，マーケティング活動を計画的，合理的に行う能力と態度を育てる。",74R5502000000000
商業,4969,２　内　容,74R5503000000000
商業,4970,(1) 現代市場とマーケティング,74R5503100000000
商業,4971,ア　現代市場の特徴とマーケティングの発展,74R5503110000000
商業,4972,イ　マーケティングの手順,74R5503120000000
商業,4973,(2) 市場調査,74R5503200000000
商業,4974,ア　市場調査の手順と方法,74R5503210000000
商業,4975,イ　情報の収集と分析,74R5503220000000
商業,4976,(3) 消費者の購買行動,74R5503300000000
商業,4977,ア　消費者の行動,74R5503310000000
商業,4978,イ　消費者の意思決定の過程,74R5503320000000
商業,4979,(4) 商品計画,74R5503400000000
商業,4980,ア　販売計画と販売予測,74R5503410000000
商業,4981,イ　仕入計画と在庫管理,74R5503420000000
商業,4982,(5) 価格の決定,74R5503500000000
商業,4983,ア　価格決定の要因,74R5503510000000
商業,4984,イ　価格戦略,74R5503520000000
商業,4985,(6) 販売経路と販売促進,74R5503600000000
商業,4986,ア　販売経路,74R5503610000000
商業,4987,イ　販売促進,74R5503620000000
商業,4988,３　内容の取扱い,74R5505000000000
商業,4989,(1) 内容の構成及びその取扱いに当たっては，次の事項に配慮するものとする。,74R5505100000000
商業,4990,ア　指導に当たっては，マーケティングに関する具体的な事例を取り上げ，顧客満足の実現を目指すマーケティングの在り方について考えさせ，マーケティング活動に主体的，創造的に取り組むことができるようにすること。,74R5505110000000
商業,4991,(2) 内容の範囲や程度については，次の事項に配慮するものとする。,74R5505200000000
商業,4992,ア　内容の(1)のアについては，市場環境の変化に対応してマーケティングの考え方や内容が変化してきたこと及び消費者保護や法令遵守など現代市場における企業の社会的責任を扱うこと。,74R5505210000000
商業,4993,イ　内容の(2)のイについては，市場調査を行う課題を設定し，情報の収集・分析，報告書の作成及びプレゼンテーションを行う実習をさせること。,74R5505220000000
商業,4994,ウ　内容の(3)のアについては，消費財市場における消費者行動の特徴及び消費者行動に影響を与える要因を扱うこと。,74R5505230000000
商業,4995,エ　内容の(4)のアについては，販売計画の必要性，販売計画の立案及び売上高の予測方法を扱うこと。,74R5505240000000
商業,4996,オ　内容の(5)のイについては，生産者，卸売業者及び小売業者の価格戦略の概要を扱うこと。,74R5505250000000
商業,4997,カ　内容の(6)のアについては，販売経路の設定と強化を扱うこと。イについては，販売促進の重要性及び販売促進の方法の概要を扱うこと。,74R5505260000000
商業,4998,第６　商品開発,74R6500000000000
商業,4999,"１　目　標
　商品開発に関する知識と技術を習得させ，顧客満足を実現することの重要性について理解させるとともに，商品を企画・開発し，流通活動を行う能力と態度を育てる。",74R6502000000000
商業,5000,２　内　容,74R6503000000000
商業,5001,(1) 商品と商品開発,74R6503100000000
商業,5002,ア　商品の多様化,74R6503110000000
商業,5003,イ　商品開発の意義と手順,74R6503120000000
商業,5004,(2) 商品の企画,74R6503200000000
商業,5005,ア　環境分析,74R6503210000000
商業,5006,イ　商品開発の方針とテーマの決定,74R6503220000000
商業,5007,ウ　市場調査,74R6503230000000
商業,5008,エ　商品コンセプトの立案,74R6503240000000
商業,5009,(3) 商品の開発,74R6503300000000
商業,5010,ア　商品仕様の詳細設計,74R6503310000000
商業,5011,イ　試作品の作成と評価,74R6503320000000
商業,5012,ウ　消費者テスト,74R6503330000000
商業,5013,エ　事業計画の立案,74R6503340000000
商業,5014,(4) 商品開発とデザイン,74R6503400000000
商業,5015,ア　デザインの基礎,74R6503410000000
商業,5016,イ　グラフィックデザイン,74R6503420000000
商業,5017,ウ　パッケージデザイン,74R6503430000000
商業,5018,(5) 商品開発と知的財産権,74R6503500000000
商業,5019,ア　知的財産権の概要,74R6503510000000
商業,5020,イ　知的財産権の取得,74R6503520000000
商業,5021,(6) 商品流通と流通を支える活動,74R6503600000000
商業,5022,ア　流通の仕組みと市場,74R6503610000000
商業,5023,イ　小売業と卸売業,74R6503620000000
商業,5024,ウ　流通手段の多様化,74R6503630000000
商業,5025,エ　流通を支える活動,74R6503640000000
商業,5026,３　内容の取扱い,74R6505000000000
商業,5027,(1) 内容の構成及びその取扱いに当たっては，次の事項に配慮するものとする。,74R6505100000000
商業,5028,ア　指導に当たっては，具体的な事例を通して，消費者の視点に立った商品開発に主体的，創造的に取り組むことができるようにすること。,74R6505110000000
商業,5029,イ　内容の(4)及び(5)については，内容の(1)から(3)までと関連付けて指導すること。,74R6505120000000
商業,5030,(2) 内容の範囲や程度については，次の事項に配慮するものとする。,74R6505200000000
商業,5031,ア　内容の(1)のイについては，商品開発の手順，商品開発や流通における法令遵守などの社会的責任，販売後の商品の評価とそれに基づく改良の重要性を扱うこと。,74R6505210000000
商業,5032,イ　内容の(2)のアについては，商品を取り巻く環境の分析を商品開発担当者の視点で扱うこと。ウについては，商品開発のための市場調査の方法を扱うこと。エについては，商品コンセプトの考案，企画書の作成及びプレゼンテーションを行う実習をさせること。,74R6505220000000
商業,5033,ウ　内容の(3)のエについては，価格，流通経路，販売促進などに関する事業計画の立案，企画書の作成及びプレゼンテーションを行う実習をさせること。,74R6505230000000
商業,5034,エ　内容の(4)のアについては，商業デザインがマーケティングの中で果たしている役割及び配色や構成などデザインの基礎を扱うこと。イについては，グラフィックデザインの技法及びコンピュータを活用したデザインの技法を扱うこと。ウについては，パッケージの機能及びパッケージデザインの技法を扱うこと。,74R6505240000000
商業,5035,オ　内容の(5)のアについては，商標権，意匠権及び著作権の意義と概要を扱うこと。イについては，知的財産権を取得する方法を扱うこと。,74R6505250000000
商業,5036,カ　内容の(6)のアについては，商品が生産者から消費者にわたる仕組み及び商品流通における市場の役割や課題を扱うこと。イについては，小売業と卸売業の主要な形態や特性及び今後の方向を扱うこと。エについては，流通を支える物流活動，金融・保険活動及び情報通信システムの概要を扱うこと。,74R6505260000000
商業,5037,第７　広告と販売促進,74R7500000000000
商業,5038,"１　目　標
　広告や販売促進などに関する知識と技術を習得させ，企業と消費者間のコミュニケーション活動の意義や役割について理解させるとともに，販売に関連する活動を主体的，創造的に行う能力と態度を育てる。",74R7502000000000
商業,5039,２　内　容,74R7503000000000
商業,5040,(1) 販売促進,74R7503100000000
商業,5041,ア　販売促進の目的,74R7503110000000
商業,5042,イ　販売促進の方法,74R7503120000000
商業,5043,(2) 広告と広報活動,74R7503200000000
商業,5044,ア　広告の目的,74R7503210000000
商業,5045,イ　広告計画の立案と実施,74R7503220000000
商業,5046,ウ　広告効果の測定,74R7503230000000
商業,5047,エ　広報活動の意義と手法,74R7503240000000
商業,5048,(3) 店舗の立地と設計,74R7503300000000
商業,5049,ア　店舗立地の重要性と立地条件,74R7503310000000
商業,5050,イ　店舗設計,74R7503320000000
商業,5051,ウ　商品陳列,74R7503330000000
商業,5052,(4) 販売活動,74R7503400000000
商業,5053,ア　人的販売と販売組織,74R7503410000000
商業,5054,イ　接客の方法,74R7503420000000
商業,5055,(5) 販売促進の発展と顧客満足の実現,74R7503500000000
商業,5056,ア　時代に応じた販売促進,74R7503510000000
商業,5057,イ　販売後の消費者対応,74R7503520000000
商業,5058,３　内容の取扱い,74R7505000000000
商業,5059,(1) 内容の構成及びその取扱いに当たっては，次の事項に配慮するものとする。,74R7505100000000
商業,5060,ア　指導に当たっては，具体的な事例を取り上げ，適切な販売促進などの在り方について考えさせること。,74R7505110000000
商業,5061,(2) 内容の範囲や程度については，次の事項に配慮するものとする。,74R7505200000000
商業,5062,ア　内容の(1)のイについては，消費者及び企業に対する販売促進の方法を扱うこと。,74R7505210000000
商業,5063,イ　内容の(2)のイについては，広告予算の考え方も扱うこと。,74R7505220000000
商業,5064,ウ　内容の(3)のウについては，商品陳列の方法，ディスプレイの機能及びディスプレイデザインの技法を扱うこと。,74R7505230000000
商業,5065,エ　内容の(4)のアについては，販売の形態，販売員の役割，販売員に必要な資質及び効果的な販売の手順を扱うこと。,74R7505240000000
商業,5066,オ　内容の(5)のアについては，消費者への直接販売など時代に応じた販売促進について，具体的な事例を扱うこと。イについては，品質保証や苦情への対応など販売後の責任やサービスを扱うこと。,74R7505250000000
商業,5067,第８　ビジネス経済,74R8500000000000
商業,5068,"１　目　標
　ビジネスに必要な経済に関する基礎的な知識を習得させ，経済の仕組みや概念について理解させるとともに，経済事象を主体的に考える能力と態度を育てる。",74R8502000000000
商業,5069,２　内　容,74R8503000000000
商業,5070,(1) ビジネスと経済,74R8503100000000
商業,5071,ア　市場とビジネスの成立,74R8503110000000
商業,5072,イ　市場経済と計画経済,74R8503120000000
商業,5073,(2) 需要と供給,74R8503200000000
商業,5074,ア　需要の概念と需要の変化,74R8503210000000
商業,5075,イ　供給の概念と供給の変化,74R8503220000000
商業,5076,(3) 価格決定と市場の役割,74R8503300000000
商業,5077,ア　価格決定の仕組み,74R8503310000000
商業,5078,イ　市場の役割と課題,74R8503320000000
商業,5079,(4) 経済成長と景気循環,74R8503400000000
商業,5080,ア　国内総生産と物価,74R8503410000000
商業,5081,イ　経済成長とその要因,74R8503420000000
商業,5082,ウ　景気循環とその指標,74R8503430000000
商業,5083,エ　国際化と景気変動,74R8503440000000
商業,5084,(5) 経済政策,74R8503500000000
商業,5085,ア　財政政策,74R8503510000000
商業,5086,イ　金融政策,74R8503520000000
商業,5087,３　内容の取扱い,74R8505000000000
商業,5088,(1) 内容の構成及びその取扱いに当たっては，次の事項に配慮するものとする。,74R8505100000000
商業,5089,ア　指導に当たっては，各種メディア教材などを活用し，経済社会の動向に着目させるとともに，具体的な経済事象について経済理論と関連付けて考えさせること。,74R8505110000000
商業,5090,(2) 内容の範囲や程度については，次の事項に配慮するものとする。,74R8505200000000
商業,5091,ア　内容の(1)のアについては，自給自足から市場やビジネスが成立するまでの過程を扱うこと。イについては，市場経済と計画経済の違いを扱うこと。,74R8505210000000
商業,5092,イ　内容の(2)のアについては，価格やその他の要因による需要の変化，限界効用の逓減及び需要の弾力性を扱うこと。イについては，価格やその他の要因による供給の変化，供給の弾力性，固定費と変動費の概念及び限界分析を扱うこと。,74R8505220000000
商業,5093,ウ　内容の(3)のアについては，市場経済における価格決定の仕組みを扱うこと。,74R8505230000000
商業,5094,エ　内容の(4)のアについては，国内総生産の概念，物価水準の変動による国内総生産への影響及びインフレーションとデフレーションが経済に与える影響を扱うこと。イについては，我が国の経済成長とその要因を扱うこと。ウについては，景気循環の局面と景気循環を表す指標を扱うこと。エについては，経済の国際化が進展する中での景気変動の特徴を扱うこと。,74R8505240000000
商業,5095,オ　内容の(5)のアについては，財政政策の概要及び国家財政と地方財政が果たす役割と課題を扱うこと。イについては，金融政策の概要，金融の仕組み及び中央銀行の役割を扱うこと。,74R8505250000000
商業,5096,第９　ビジネス経済応用,74R9500000000000
商業,5097,"１　目　標
　ビジネスに必要な経済に関する知識を習得させ，経済社会の動向について理解させるとともに，サービス経済社会に適切に対応する能力と態度を育てる。",74R9502000000000
商業,5098,２　内　容,74R9503000000000
商業,5099,(1) サービス経済化とサービス産業,74R9503100000000
商業,5100,ア　産業構造の変化,74R9503110000000
商業,5101,イ　サービス産業の現状,74R9503120000000
商業,5102,(2) 経済の国際化,74R9503200000000
商業,5103,ア　国際化の進展と国際収支,74R9503210000000
商業,5104,イ　貿易の利益と課題,74R9503220000000
商業,5105,ウ　国際資本移動,74R9503230000000
商業,5106,エ　外国為替,74R9503240000000
商業,5107,(3) 金融市場と資本市場,74R9503300000000
商業,5108,ア　金融市場と資本市場の役割,74R9503310000000
商業,5109,イ　金融取引の発達,74R9503320000000
商業,5110,ウ　貯蓄と投資の動向,74R9503330000000
商業,5111,エ　金融市場と資本市場の課題,74R9503340000000
商業,5112,(4) 企業経営,74R9503400000000
商業,5113,ア　企業経営の特徴,74R9503410000000
商業,5114,イ　企業経営と外部環境,74R9503420000000
商業,5115,ウ　企業の海外進出と経営,74R9503430000000
商業,5116,エ　企業の社会的責任,74R9503440000000
商業,5117,(5) ビジネスの創造と地域産業の振興,74R9503500000000
商業,5118,ア　起業の手続,74R9503510000000
商業,5119,イ　新たなビジネスの展開,74R9503520000000
商業,5120,ウ　地域ビジネス事情,74R9503530000000
商業,5121,３　内容の取扱い,74R9505000000000
商業,5122,(1) 内容の構成及びその取扱いに当たっては，次の事項に配慮するものとする。,74R9505100000000
商業,5123,ア　指導に当たっては，我が国の経済を通して世界経済の動向を理解させるとともに，地域産業の振興への寄与について考えさせること。,74R9505110000000
商業,5124,イ　各種メディア教材などを活用し，我が国の経済の動向に着目させるとともに，適切な企業活動の在り方について考えさせること。,74R9505120000000
商業,5125,(2) 内容の範囲や程度については，次の事項に配慮するものとする。,74R9505200000000
商業,5126,ア　内容の(1)のアについては，我が国における産業構造の変化とサービス経済化が進展した要因を扱うこと。,74R9505210000000
商業,5127,イ　内容の(2)のアについては，国際化の進展を国際収支の変化と関連付けて扱うこと。ウについては，民間及び公的な資本移動の現状を扱うこと。エについては，外国為替の仕組み及び外国為替相場の現状と対応策を扱うこと。,74R9505220000000
商業,5128,ウ　内容の(3)のエについては，経済の国際化と関連付けて扱うこと。,74R9505230000000
商業,5129,エ　内容の(4)のアについては，組織や経営管理にかかわる我が国の企業経営の特徴を扱うこと。イについては，企業経営と市場や消費者などの外部環境とのかかわりを扱うこと。ウについては，経済の国際化の中での企業経営の現状を扱うこと。エについては，環境問題への対応，社会貢献，法令遵守などを扱うこと。,74R9505240000000
商業,5130,オ　内容の(5)のアについては，起業の意義及び起業の手続の概要を扱うこと。イについては，新しいビジネスの展開の具体的な事例を研究させるとともに，新しいビジネスを考案させること。ウについては，身近な地域のビジネスを研究させ，地域産業の振興方策を考案させること。,74R9505250000000
商業,5131,第10　経済活動と法,74RA500000000000
商業,5132,"１　目　標
　ビジネスに必要な法規に関する基礎的な知識を習得させ，経済社会における法の意義や役割について理解させるとともに，経済事象を法律的に考え，適切に判断して行動する能力と態度を育てる。",74RA502000000000
商業,5133,２　内　容,74RA503000000000
商業,5134,(1) 経済社会と法,74RA503100000000
商業,5135,ア　法の意義と役割,74RA503110000000
商業,5136,イ　経済環境の変化と法,74RA503120000000
商業,5137,(2) 権利・義務と財産権,74RA503200000000
商業,5138,ア　権利と義務,74RA503210000000
商業,5139,イ　物権と債権,74RA503220000000
商業,5140,ウ　知的財産権,74RA503230000000
商業,5141,(3) 取引に関する法,74RA503300000000
商業,5142,ア　契約と意思表示,74RA503310000000
商業,5143,イ　売買契約と貸借契約,74RA503320000000
商業,5144,ウ　債権の管理と回収,74RA503330000000
商業,5145,エ　手形と小切手の利用,74RA503340000000
商業,5146,オ　金融取引,74RA503350000000
商業,5147,(4) 会社に関する法,74RA503400000000
商業,5148,ア　会社の種類,74RA503410000000
商業,5149,イ　株式会社の特徴,74RA503420000000
商業,5150,ウ　株式会社の機関とその責任,74RA503430000000
商業,5151,エ　資金調達,74RA503440000000
商業,5152,オ　企業再編,74RA503450000000
商業,5153,(5) 企業の責任と法,74RA503500000000
商業,5154,ア　法令遵守,74RA503510000000
商業,5155,イ　紛争の予防と解決,74RA503520000000
商業,5156,ウ　消費者保護,74RA503530000000
商業,5157,エ　雇用,74RA503540000000
商業,5158,３　内容の取扱い,74RA505000000000
商業,5159,(1) 内容の構成及びその取扱いに当たっては，次の事項に配慮するものとする。,74RA505100000000
商業,5160,ア　指導に当たっては，企業の経済活動について具体的な事例を取り上げ，課題を発見させるとともに，法的に思考し判断して行動できるようにすること。,74RA505110000000
商業,5161,(2) 内容の範囲や程度については，次の事項に配慮するものとする。,74RA505200000000
商業,5162,ア　内容の(1)のアについては，経済社会における法の意義や役割を扱うこと。イについては，国際化や情報化などの経済環境の変化と法規とのかかわりを扱うこと。,74RA505210000000
商業,5163,イ　内容の(2)のアについては，権利行使の限界及び法人の権利と義務を扱うこと。イについては，物権と債権の保護を扱うこと。ウについては，知的財産権の保護と活用を扱うこと。,74RA505220000000
商業,5164,ウ　内容の(3)のアについては，契約の種類及び意思表示の効果を扱うこと。ウについては，債務不履行への対応及び債権の担保を扱うこと。オについては，金融商品の取引に関する法規の概要を扱うこと。,74RA505230000000
商業,5165,エ　内容の(4)のイについては，株式会社の意義，株主の責任，資本と経営の分離を扱うこと。ウについては，企業の内部統制の仕組みや不正行為を防止する機能も扱うこと。エについては，株式や社債の発行など資金調達の方法を扱うこと。オについては，企業の合併や買収などを扱うこと。,74RA505240000000
商業,5166,オ　内容の(5)のアについては，法令を遵守して企業活動を行うことの重要性を扱うこと。イについては，国内における紛争の予防と解決に関する法制度の概要及び国際的な紛争が国による法制度の違いが一因となっていることを扱うこと。ウ及びエについては，関係法規の概要を扱うこと。,74RA505250000000
商業,5167,第11　簿記,74RB500000000000
商業,5168,"１　目　標
　簿記に関する知識と技術を習得させ，その基本的な仕組みについて理解させるとともに，適正な会計処理を行う能力と態度を育てる。",74RB502000000000
商業,5169,２　内　容,74RB503000000000
商業,5170,(1) 簿記の基礎,74RB503100000000
商業,5171,ア　簿記の概要,74RB503110000000
商業,5172,イ　資産・負債・純資産と貸借対照表,74RB503120000000
商業,5173,ウ　収益・費用と損益計算書,74RB503130000000
商業,5174,エ　簿記一巡の手続,74RB503140000000
商業,5175,(2) 取引の処理,74RB503200000000
商業,5176,ア　現金・預金,74RB503210000000
商業,5177,イ　商品売買,74RB503220000000
商業,5178,ウ　債権・債務,74RB503230000000
商業,5179,エ　固定資産,74RB503240000000
商業,5180,オ　個人企業の純資産と税,74RB503250000000
商業,5181,カ　販売費及び一般管理費,74RB503260000000
商業,5182,(3) 決算,74RB503300000000
商業,5183,ア　決算整理,74RB503310000000
商業,5184,イ　財務諸表の作成,74RB503320000000
商業,5185,(4) 本支店会計,74RB503400000000
商業,5186,ア　本店・支店間の取引,74RB503410000000
商業,5187,イ　財務諸表の合併,74RB503420000000
商業,5188,(5) 会計帳簿と帳簿組織,74RB503500000000
商業,5189,ア　会計帳簿,74RB503510000000
商業,5190,イ　伝票,74RB503520000000
商業,5191,ウ　仕訳帳の分割,74RB503530000000
商業,5192,３　内容の取扱い,74RB505000000000
商業,5193,(1) 内容の構成及びその取扱いに当たっては，次の事項に配慮するものとする。,74RB505100000000
商業,5194,ア　指導に当たっては，企業会計に関する法規や基準の変更に留意し，企業における取引を合理的，能率的に記帳する知識と技術を習得させるとともに，簿記の基本的な仕組みについて理解させること。,74RB505110000000
商業,5195,(2) 内容の範囲や程度については，次の事項に配慮するものとする。,74RB505200000000
商業,5196,ア　内容の(1)のアについては，簿記の意味，目的，歴史及び必要性，企業における会計情報の流れ，会計にかかわる職業並びに会計担当者の役割や責任を扱うこと。イについては，貸借対照表の役割及び構成要素の意味を扱うこと。ウについては，損益計算書の役割及び構成要素の意味を扱うこと。,74RB505210000000
商業,5197,イ　内容の(2)については，企業における日常の取引の記帳法及び各種会計帳簿の役割を扱うこと。なお，ウについては，手形に関する債権・債務，未収金・未払金及び株式などの有価証券を扱うこと。,74RB505220000000
商業,5198,ウ　内容の(3)については，決算の意味や目的及び基本的な決算整理を含む決算手続を扱うこと。なお，イについては，勘定式の財務諸表を扱うこと。,74RB505230000000
商業,5199,エ　内容の(4)のアについては，支店会計が独立している場合の取引の記帳法を扱うこと。,74RB505240000000
商業,5200,オ　内容の(5)のアについては，会計帳簿の種類と帳簿全体の仕組みを扱うこと。,74RB505250000000
商業,5201,第12　財務会計Ⅰ,74RC500000000000
商業,5202,"１　目　標
　財務諸表の作成に関する知識と技術を習得させ，財務会計の意義や制度について理解させるとともに，会計情報を提供し，活用する能力と態度を育てる。",74RC502000000000
商業,5203,２　内　容,74RC503000000000
商業,5204,(1) 財務会計の基礎,74RC503100000000
商業,5205,ア　企業会計の意義と役割,74RC503110000000
商業,5206,イ　財務会計の機能,74RC503120000000
商業,5207,ウ　会計法規と会計基準,74RC503130000000
商業,5208,(2) 貸借対照表,74RC503200000000
商業,5209,ア　資産,74RC503210000000
商業,5210,イ　負債,74RC503220000000
商業,5211,ウ　純資産,74RC503230000000
商業,5212,エ　貸借対照表の作成,74RC503240000000
商業,5213,(3) 損益計算書,74RC503300000000
商業,5214,ア　損益計算の意味と損益の区分,74RC503310000000
商業,5215,イ　収益・費用の認識と測定,74RC503320000000
商業,5216,ウ　損益計算書の作成,74RC503330000000
商業,5217,(4) 連結財務諸表,74RC503400000000
商業,5218,ア　連結財務諸表の目的と連結の範囲,74RC503410000000
商業,5219,イ　連結財務諸表作成の基礎,74RC503420000000
商業,5220,(5) 財務諸表活用の基礎,74RC503500000000
商業,5221,ア　財務諸表分析の意義,74RC503510000000
商業,5222,イ　財務諸表の見方,74RC503520000000
商業,5223,３　内容の取扱い,74RC505000000000
商業,5224,(1) 内容の構成及びその取扱いに当たっては，次の事項に配慮するものとする。,74RC505100000000
商業,5225,ア　指導に当たっては，企業会計に関する法規や基準の変更に留意し，企業の経営成績や財政状態を把握し，ビジネスの諸活動に活用する知識と技術を習得させること。,74RC505110000000
商業,5226,(2) 内容の範囲や程度については，次の事項に配慮するものとする。,74RC505200000000
商業,5227,ア　内容の(1)のアについては，株式会社制度の特徴と関連付けて扱うこと。イについては，財務会計と管理会計の違い及び財務会計の主な機能を扱うこと。ウについては，会計法規の概要，会計基準の必要性と動向及び企業会計制度の特徴を扱うこと。,74RC505210000000
商業,5228,イ　内容の(2)のアについては，資産の意味と分類，評価基準及び資産の処理方法を扱うこと。イについては，負債の意味，分類及び負債の処理方法を扱うこと。ウについては，純資産の意味，表示及び純資産の処理方法を扱うこと。エについては，基本的な資料により報告式の貸借対照表を作成する方法を扱うこと。,74RC505220000000
商業,5229,ウ　内容の(3)のアについては，経常損益計算と特別損益計算の概念及び各種利益の意味を扱うこと。ウについては，各損益項目の処理方法及び基本的な資料により報告式の損益計算書を作成する方法を扱うこと。,74RC505230000000
商業,5230,エ　内容の(4)のイについては，基本的な資料により連結財務諸表を作成する方法を扱うこと。,74RC505240000000
商業,5231,オ　内容の(5)のイについては，財務比率などの財務指標を利用した期間比較や同業他社比較を扱うこと。,74RC505250000000
商業,5232,第13　財務会計Ⅱ,74RD500000000000
商業,5233,"１　目　標
　財務会計に関する知識と技術を習得させ，会計責任を果たすことの重要性について理解させるとともに，会計情報を提供し，活用する能力と態度を育てる。",74RD502000000000
商業,5234,２　内　容,74RD503000000000
商業,5235,(1) 財務会計の基本概念と会計基準,74RD503100000000
商業,5236,ア　財務諸表の作成・表示の考え方,74RD503110000000
商業,5237,イ　資産負債アプローチと収益費用アプローチ,74RD503120000000
商業,5238,ウ　会計基準の国際的統合,74RD503130000000
商業,5239,(2) 貸借対照表に関する会計,74RD503200000000
商業,5240,ア　資産会計,74RD503210000000
商業,5241,イ　負債・純資産会計,74RD503220000000
商業,5242,ウ　外貨換算会計,74RD503230000000
商業,5243,エ　リース会計,74RD503240000000
商業,5244,オ　税効果会計,74RD503250000000
商業,5245,(3) キャッシュ・フロー計算書,74RD503300000000
商業,5246,ア　資金繰りとキャッシュ・フロー計算書,74RD503310000000
商業,5247,イ　キャッシュ・フロー計算書の作成,74RD503320000000
商業,5248,(4) 企業集団の会計,74RD503400000000
商業,5249,ア　企業結合会計の意義と合併会計,74RD503410000000
商業,5250,イ　連結財務諸表の作成,74RD503420000000
商業,5251,(5) 財務諸表の活用,74RD503500000000
商業,5252,ア　企業価値と財務諸表分析,74RD503510000000
商業,5253,イ　連結財務諸表分析,74RD503520000000
商業,5254,ウ　財務諸表分析と株価,74RD503530000000
商業,5255,(6) 監査と職業会計人,74RD503600000000
商業,5256,ア　会計責任と監査,74RD503610000000
商業,5257,イ　職業会計人の職務,74RD503620000000
商業,5258,３　内容の取扱い,74RD505000000000
商業,5259,(1) 内容の構成及びその取扱いに当たっては，次の事項に配慮するものとする。,74RD505100000000
商業,5260,ア　指導に当たっては，企業会計に関する法規や基準の変更に留意し，企業会計に関する法規や基準に従った会計処理と監査の重要性を理解させること。,74RD505110000000
商業,5261,(2) 内容の範囲や程度については，次の事項に配慮するものとする。,74RD505200000000
商業,5262,ア　内容の(1)のアについては，財務報告の目的，財務諸表の構成要素及び財務諸表の構成要素の認識と測定を扱うこと。イについては，純利益と包括利益の意義も扱うこと。ウについては，財務会計に関する国際的な基準の特徴及び会計基準の国際的統合の動向を扱うこと。,74RD505210000000
商業,5263,イ　内容の(2)のアについては，資産の評価基準と評価方法及び減損会計を扱うこと。イについては，償却原価法を用いた利息法による普通社債の会計処理，新株予約権の会計処理及び株主資本等変動計算書の作成を扱うこと。ウについては，外貨建取引及び外貨建有価証券の決算時の会計処理を扱うこと。エについては，リース取引の分類及び会計処理を扱うこと。,74RD505220000000
商業,5264,ウ　内容の(3)のアについては，資金繰りの重要性及びキャッシュ・フロー計算書の意義を扱うこと。イについては，基本的な資料によりキャッシュ・フロー計算書を作成する方法を扱うこと。,74RD505230000000
商業,5265,エ　内容の(4)のイについては，子会社株式の追加取得を含む連結財務諸表の作成方法及び持分法の会計処理を扱うこと。,74RD505240000000
商業,5266,オ　内容の(5)のイについては，連結財務諸表による財務諸表分析の方法，四半期財務情報の意義及び連結キャッシュ・フロー計算書の概要と分析の方法を扱うこと。ウについては，株主関連指標を利用した財務諸表分析を扱うこと。,74RD505250000000
商業,5267,カ　内容の(6)のアについては，会計責任を果たすことの重要性，監査の意義及び基本的な監査手続を扱うこと。,74RD505260000000
商業,5268,第14　原価計算,74RE500000000000
商業,5269,"１　目　標
　製造業における原価計算及び会計処理に関する知識と技術を習得させ，原価の概念について理解させるとともに，原価計算から得られる情報を活用する能力と態度を育てる。",74RE502000000000
商業,5270,２　内　容,74RE503000000000
商業,5271,(1) 原価と原価計算,74RE503100000000
商業,5272,ア　原価の概念と原価計算,74RE503110000000
商業,5273,イ　製造業における簿記の特色と仕組み,74RE503120000000
商業,5274,(2) 原価の費目別計算,74RE503200000000
商業,5275,ア　材料費の計算と記帳,74RE503210000000
商業,5276,イ　労務費の計算と記帳,74RE503220000000
商業,5277,ウ　経費の計算と記帳,74RE503230000000
商業,5278,(3) 原価の部門別計算と製品別計算,74RE503300000000
商業,5279,ア　個別原価計算と製造間接費の計算,74RE503310000000
商業,5280,イ　部門別個別原価計算,74RE503320000000
商業,5281,ウ　総合原価計算,74RE503330000000
商業,5282,(4) 製品の完成・販売と決算,74RE503400000000
商業,5283,ア　製品の完成と販売,74RE503410000000
商業,5284,イ　工場会計の独立,74RE503420000000
商業,5285,ウ　製造業の決算,74RE503430000000
商業,5286,(5) 標準原価計算,74RE503500000000
商業,5287,ア　標準原価計算の目的と手続,74RE503510000000
商業,5288,イ　原価差異の原因別分析,74RE503520000000
商業,5289,ウ　損益計算書の作成,74RE503530000000
商業,5290,(6) 直接原価計算の基礎,74RE503600000000
商業,5291,ア　直接原価計算の目的と損益計算書の作成,74RE503610000000
商業,5292,イ　短期利益計画,74RE503620000000
商業,5293,３　内容の取扱い,74RE505000000000
商業,5294,(1) 内容の構成及びその取扱いに当たっては，次の事項に配慮するものとする。,74RE505100000000
商業,5295,ア　指導に当たっては，企業会計に関する法規や基準の変更に留意し，原価計算の基本的な考え方と計算方法を理解させ，適切に原価を管理できるようにするとともに，工業簿記の基本的な記帳方法を習得させること。,74RE505110000000
商業,5296,(2) 内容の範囲や程度については，次の事項に配慮するものとする。,74RE505200000000
商業,5297,ア　内容の(1)のアについては，原価の意味と分類及び原価計算の目的と種類を扱うこと。,74RE505210000000
商業,5298,イ　内容の(2)については，材料費，労務費，経費の分類，計算，記帳法及び予定価格を用いた合理的な計算を扱うこと。,74RE505220000000
商業,5299,ウ　内容の(3)のアについては，原価計算表の作成，原価計算表と製造勘定との関係，製造間接費の配賦及び製造間接費差異の原因別分析を扱うこと。イについては，部門別個別原価計算の基本的な手続の流れを扱うこと。ウについては，総合原価計算の特色及び月末仕掛品原価の計算と記帳法を扱うこと。,74RE505230000000
商業,5300,エ　内容の(4)のイについては，工場会計が本社会計から独立している場合の本社と工場間の取引の記帳法を扱うこと。ウについては，製造業における決算の特徴と製造原価報告書の作成を扱うこと。,74RE505240000000
商業,5301,オ　内容の(5)のアについては，パーシャルプランによる記帳法を扱うこと。,74RE505250000000
商業,5302,カ　内容の(6)のアについては，直接原価計算の方法及び直接原価計算による損益計算書の作成を扱うこと。イについては，売上高，原価，利益の関係を扱うこと。,74RE505260000000
商業,5303,第15　管理会計,74RF500000000000
商業,5304,"１　目　標
　管理会計に関する知識と技術を習得させ，経営戦略の重要性について理解させるとともに，経営管理に必要な情報を活用する能力と態度を育てる。",74RF502000000000
商業,5305,２　内　容,74RF503000000000
商業,5306,(1) 管理会計の基礎,74RF503100000000
商業,5307,ア　管理会計の目的,74RF503110000000
商業,5308,イ　管理会計と原価計算,74RF503120000000
商業,5309,(2) 直接原価計算,74RF503200000000
商業,5310,ア　直接原価計算と全部原価計算,74RF503210000000
商業,5311,イ　直接標準原価計算,74RF503220000000
商業,5312,(3) 短期利益計画,74RF503300000000
商業,5313,ア　原価予測の方法,74RF503310000000
商業,5314,イ　損益分岐分析と感度分析,74RF503320000000
商業,5315,ウ　利益の最大化,74RF503330000000
商業,5316,(4) 予算編成と予算統制,74RF503400000000
商業,5317,ア　企業予算の編成,74RF503410000000
商業,5318,イ　予算統制,74RF503420000000
商業,5319,(5) 経営意思決定と戦略的原価計算,74RF503500000000
商業,5320,ア　経営意思決定の概要,74RF503510000000
商業,5321,イ　特殊原価調査,74RF503520000000
商業,5322,ウ　戦略的原価計算,74RF503530000000
商業,5323,３　内容の取扱い,74RF505000000000
商業,5324,(1) 内容の構成及びその取扱いに当たっては，次の事項に配慮するものとする。,74RF505100000000
商業,5325,ア　指導に当たっては，企業を取り巻く社会的・経済的環境が変化する中での経営戦略の重要性について，具体的な事例を取り上げて考えさせること。,74RF505110000000
商業,5326,(2) 内容の範囲や程度については，次の事項に配慮するものとする。,74RF505200000000
商業,5327,ア　内容の(1)のイについては，管理会計と原価計算の関係を扱うこと。,74RF505210000000
商業,5328,イ　内容の(2)のアについては，直接原価計算と全部原価計算の違い，月初・月末に仕掛品や製品がある場合の直接原価計算による損益計算書の作成及び固定費調整の意義と計算方法を扱うこと。イについては，標準原価計算による直接原価計算と実際原価計算による直接原価計算の違い及び標準原価計算による直接原価計算を採用した場合の損益計算書の作成を扱うこと。,74RF505220000000
商業,5329,ウ　内容の(3)のウについては，利益を最大化する最適な販売数量の組合せを求める方法を扱うこと。,74RF505230000000
商業,5330,エ　内容の(4)のイについては，予算実績差異分析の意義と方法を扱うこと。,74RF505240000000
商業,5331,オ　内容の(5)のイについては，差額原価収益分析の方法及び機会原価の意味を扱うこと。ウについては，活動基準原価計算，品質原価計算及びライフサイクル・コスティングの目的と方法を扱うこと。,74RF505250000000
商業,5332,第16　情報処理,74RG500000000000
商業,5333,"１　目　標
　ビジネスに関する情報を収集・処理・分析し，表現する知識と技術を習得させ，情報の意義や役割について理解させるとともに，ビジネスの諸活動において情報を主体的に活用する能力と態度を育てる。",74RG502000000000
商業,5334,２　内　容,74RG503000000000
商業,5335,(1) 情報の活用と情報モラル,74RG503100000000
商業,5336,ア　ビジネスと情報,74RG503110000000
商業,5337,イ　ハードウェアとソフトウェア,74RG503120000000
商業,5338,ウ　情報モラル,74RG503130000000
商業,5339,(2) 情報通信ネットワークとセキュリティ管理,74RG503200000000
商業,5340,ア　情報通信ネットワークの概要,74RG503210000000
商業,5341,イ　ビジネス情報の検索と収集,74RG503220000000
商業,5342,ウ　ビジネス情報の受信と発信,74RG503230000000
商業,5343,エ　セキュリティ管理の基礎,74RG503240000000
商業,5344,(3) ビジネス情報の処理と分析,74RG503300000000
商業,5345,ア　表の作成,74RG503310000000
商業,5346,イ　グラフの作成,74RG503320000000
商業,5347,ウ　情報の整列・検索・抽出,74RG503330000000
商業,5348,エ　ビジネスと統計,74RG503340000000
商業,5349,(4) ビジネス文書の作成,74RG503400000000
商業,5350,ア　文章の表現,74RG503410000000
商業,5351,イ　図形と画像の活用,74RG503420000000
商業,5352,ウ　文書の作成,74RG503430000000
商業,5353,(5) プレゼンテーション,74RG503500000000
商業,5354,ア　プレゼンテーションの技法,74RG503510000000
商業,5355,イ　ビジネスとプレゼンテーション,74RG503520000000
商業,5356,３　内容の取扱い,74RG505000000000
商業,5357,(1) 内容の構成及びその取扱いに当たっては，次の事項に配慮するものとする。,74RG505100000000
商業,5358,ア　指導に当たっては，具体的な事例を通して，個人のプライバシーや著作権など知的財産の保護，収集した情報の管理，発信する情報に対する責任などの情報モラルについて理解させること。また，ビジネスの諸活動において，情報を扱う者の役割や責任について考えさせること。,74RG505110000000
商業,5359,イ　ビジネスの諸活動に応じた具体的なデータを用いた実習をさせること。,74RG505120000000
商業,5360,(2) 内容の範囲や程度については，次の事項に配慮するものとする。,74RG505200000000
商業,5361,ア　内容の(1)のアについては，ビジネスの諸活動における情報の意義や役割及び情報通信技術の進歩がビジネスの諸活動に与える影響などを扱うこと。イについては，パーソナルコンピュータを中心に扱うこと。,74RG505210000000
商業,5362,イ　内容の(2)のイについては，ウェブページを活用して，ビジネスに関する情報を検索・収集する方法を扱うこと。ウについては，電子メールを活用して，ビジネスに関する情報を受信・発信する方法を扱うこと。エについては，セキュリティ管理の必要性，コンピュータウイルスへの感染などを予防するソフトウェアの活用，利用者の認証などを扱うこと。,74RG505220000000
商業,5363,ウ　内容の(3)については，表計算ソフトウェアの各種関数や機能を活用して，ビジネスに関する情報を処理・分析する方法，分析した結果を表現する方法及び統計処理の基礎的な方法を扱うこと。,74RG505230000000
商業,5364,エ　内容の(4)のアについては，ビジネス文書を作成するために必要な適切な文章の表現方法を扱うこと。ウについては，コンピュータを活用して，社外文書や報告書などビジネス文書を作成する方法を扱うこと。,74RG505240000000
商業,5365,オ　内容の(5)のアについては，プレゼンテーションを行う際の話し方や進め方を扱うこと。イについては，ソフトウェアを活用して目的に応じた効果的なプレゼンテーションを行う方法を扱うとともに，内容の(1)から(4)までで学習した内容と関連させて，ビジネスに関する情報の収集・処理・分析，報告書や提案書の作成及びプレゼンテーションを行う実習をさせること。,74RG505250000000
商業,5366,第17　ビジネス情報,74RH500000000000
商業,5367,"１　目　標
　情報通信ネットワークの導入やソフトウェアの活用に関する知識と技術を習得させ，情報を効率的に処理することの重要性について理解させるとともに，ビジネスの諸活動においてコンピュータを適切に運用する能力と態度を育てる。",74RH502000000000
商業,5368,２　内　容,74RH503000000000
商業,5369,(1) オフィス業務と情報通信ネットワーク,74RH503100000000
商業,5370,ア　業務の情報化,74RH503110000000
商業,5371,イ　情報通信ネットワークの導入と運用,74RH503120000000
商業,5372,ウ　データの保護,74RH503130000000
商業,5373,(2) 表計算ソフトウェアの活用,74RH503200000000
商業,5374,ア　ビジネス計算とデータの集計・分析,74RH503210000000
商業,5375,イ　オペレーションズリサーチの基礎,74RH503220000000
商業,5376,ウ　手続の自動化,74RH503230000000
商業,5377,(3) データベースソフトウェアの活用,74RH503300000000
商業,5378,ア　ビジネスとデータベース,74RH503310000000
商業,5379,イ　データベースの設計と作成,74RH503320000000
商業,5380,ウ　データの入力とデータベースの操作,74RH503330000000
商業,5381,エ　報告書の作成,74RH503340000000
商業,5382,オ　手続の自動化,74RH503350000000
商業,5383,(4) ソフトウェアを活用したシステム開発,74RH503400000000
商業,5384,ア　アルゴリズム,74RH503410000000
商業,5385,イ　表計算ソフトウェアの活用,74RH503420000000
商業,5386,ウ　データベースソフトウェアの活用,74RH503430000000
商業,5387,３　内容の取扱い,74RH505000000000
商業,5388,(1) 内容の構成及びその取扱いに当たっては，次の事項に配慮するものとする。,74RH505100000000
商業,5389,ア　指導に当たっては，ビジネスの諸活動に応じた課題を設定した実習をさせること。,74RH505110000000
商業,5390,イ　内容の(4)のイ及びウについては，生徒の実態や学科の特色に応じて，いずれか１項目を選択して扱うことができること。,74RH505120000000
商業,5391,(2) 内容の範囲や程度については，次の事項に配慮するものとする。,74RH505200000000
商業,5392,ア　内容の(1)のアについては，業務の情報化の意義や必要性及びエンドユーザの役割などを扱うこと。ウについては，アクセス権の設定，暗号化，ファイアウォールの利用などを扱うこと。,74RH505210000000
商業,5393,イ　内容の(2)のアについては，金融や証券投資などのビジネスに関する計算，グループ別集計とクロス集計及びシミュレーションを行う方法を扱うこと。イについては，在庫管理や線形計画法などオペレーションズリサーチの基礎的な内容を扱うこと。ウについては，操作の自動化及び一連の手続を起動するメニューの作成を扱うこと。,74RH505220000000
商業,5394,ウ　内容の(3)のアについては，ビジネスに関する情報をデータベース化することの意義や必要性及びデータベースの機能や役割を扱うこと。オについては，操作の自動化及び一連の手続を起動するメニューの作成を扱うこと。,74RH505230000000
商業,5395,エ　内容の(4)のアについては，制御構造の種類，条件判定，繰り返し処理，配列の利用など基礎的なアルゴリズムを扱うこと。イ及びウについては，ビジネスに関する情報を処理する簡易なビジネス情報システムの開発を行う実習をさせること。,74RH505240000000
商業,5396,第18　電子商取引,74RI500000000000
商業,5397,"１　目　標
　情報通信ネットワークを活用した商取引や広告・広報に関する知識と技術を習得させ，情報通信ネットワークを活用することの意義や課題について理解させるとともに，情報通信技術を電子商取引に応用する能力と態度を育てる。",74RI502000000000
商業,5398,２　内　容,74RI503000000000
商業,5399,(1) 情報通信技術の進歩とビジネス,74RI503100000000
商業,5400,ア　ビジネスの変化,74RI503110000000
商業,5401,イ　情報通信ネットワークの活用と課題,74RI503120000000
商業,5402,(2) コンテンツの制作,74RI503200000000
商業,5403,ア　ファイルの形式,74RI503210000000
商業,5404,イ　図形と画像,74RI503220000000
商業,5405,ウ　音声,74RI503230000000
商業,5406,エ　情報の統合,74RI503240000000
商業,5407,(3) ウェブデザインと広告・広報,74RI503300000000
商業,5408,ア　ウェブページ制作の手順,74RI503310000000
商業,5409,イ　デザインの基礎,74RI503320000000
商業,5410,ウ　ウェブページ制作の基礎,74RI503330000000
商業,5411,エ　ウェブページ制作の応用,74RI503340000000
商業,5412,(4) ウェブページの公開,74RI503400000000
商業,5413,ア　ネットワーク機器の種類と機能,74RI503410000000
商業,5414,イ　ハードウェアとソフトウェアの導入,74RI503420000000
商業,5415,(5) 電子商取引とビジネス,74RI503500000000
商業,5416,ア　電子商取引の仕組み,74RI503510000000
商業,5417,イ　企業間取引と企業・消費者間取引,74RI503520000000
商業,5418,ウ　電子決済の仕組みと方法,74RI503530000000
商業,5419,エ　電子商取引システムの作成,74RI503540000000
商業,5420,３　内容の取扱い,74RI505000000000
商業,5421,(1) 内容の構成及びその取扱いに当たっては，次の事項に配慮するものとする。,74RI505100000000
商業,5422,ア　指導に当たっては，情報通信ネットワークを活用した商取引や広告・広報に伴う課題について，具体的な事例を取り上げ，関係法規や情報モラルと関連付けて考えさせるとともに，利用者の立場に立ったウェブページを制作できるようにすること。,74RI505110000000
商業,5423,(2) 内容の範囲や程度については，次の事項に配慮するものとする。,74RI505200000000
商業,5424,ア　内容の(1)のアについては，情報通信技術の進歩に伴うビジネスの形態や広告・広報活動の変化を扱うこと。イについては，通信回線やインターネット接続サービスを提供する企業の役割及び電子商取引に伴う個人情報や知的財産の保護を扱うこと。,74RI505210000000
商業,5425,イ　内容の(2)のエについては，図形，画像及び音声を統合する方法を扱うこと。,74RI505220000000
商業,5426,ウ　内容の(3)のイについては，ウェブページの制作に必要な配色や構成などデザインの基礎を扱うこと。ウについては，広告や広報に関するウェブページを制作する方法を扱うこと。エについては，双方向で情報を送受信するウェブページを制作する方法及びデータベースと連携したウェブページを制作する方法を扱うこと。,74RI505230000000
商業,5427,エ　内容の(4)のイについては，商取引や広告・広報を行うために必要なハードウェアとソフトウェアを導入し，情報通信ネットワークを構築する方法及びウェブページを公開する方法を扱うこと。,74RI505240000000
商業,5428,オ　内容の(5)のアについては，情報通信ネットワークを活用して商品売買や金融取引を行う仕組み，電子商取引によるビジネスを始めるための手順及び電子商取引に関する法規を扱うこと。エについては，商品広告，商品販売，代金決済などのウェブページを制作し，模擬的な電子商取引のシステムを構築させること。,74RI505250000000
商業,5429,第19　プログラミング,74RJ500000000000
商業,5430,"１　目　標
　プログラミングに関する知識と技術を習得させ，プログラムの役割や重要性について理解させるとともに，ビジネスの諸活動においてコンピュータを合理的に活用する能力と態度を育てる。",74RJ502000000000
商業,5431,２　内　容,74RJ503000000000
商業,5432,(1) コンピュータとプログラム,74RJ503100000000
商業,5433,ア　ビジネスとデータ処理,74RJ503110000000
商業,5434,イ　プログラム言語の種類と特徴,74RJ503120000000
商業,5435,(2) プログラミングの基礎,74RJ503200000000
商業,5436,ア　プログラミングの手順,74RJ503210000000
商業,5437,イ　アルゴリズムの表現技法,74RJ503220000000
商業,5438,ウ　データ構造と制御構造,74RJ503230000000
商業,5439,エ　変数と定数,74RJ503240000000
商業,5440,オ　データの入出力と演算,74RJ503250000000
商業,5441,カ　条件判定と繰り返し処理,74RJ503260000000
商業,5442,(3) プログラミングの応用,74RJ503300000000
商業,5443,ア　配列の利用,74RJ503310000000
商業,5444,イ　関数の利用,74RJ503320000000
商業,5445,ウ　ファイル処理,74RJ503330000000
商業,5446,エ　ユーザインタフェース,74RJ503340000000
商業,5447,オ　文字や画像などの処理,74RJ503350000000
商業,5448,(4) ソフトウェア,74RJ503400000000
商業,5449,ア　システムソフトウェア,74RJ503410000000
商業,5450,イ　応用ソフトウェア,74RJ503420000000
商業,5451,(5) ハードウェア,74RJ503500000000
商業,5452,ア　データの表現,74RJ503510000000
商業,5453,イ　中央処理装置,74RJ503520000000
商業,5454,ウ　主記憶装置,74RJ503530000000
商業,5455,エ　周辺装置,74RJ503540000000
商業,5456,３　内容の取扱い,74RJ505000000000
商業,5457,(1) 内容の構成及びその取扱いに当たっては，次の事項に配慮するものとする。,74RJ505100000000
商業,5458,ア　指導に当たっては，アルゴリズムやプログラミングに関する知識と技術を実習を通して習得させること。,74RJ505110000000
商業,5459,イ　内容の(3)については，指導するプログラム言語，生徒の実態及び学科の特色に応じて，アからオまでの中から選択して扱うことができること。また，指導するプログラム言語に応じて，各項目に関連する内容を扱うことができること。,74RJ505120000000
商業,5460,(2) 内容の範囲や程度については，次の事項に配慮するものとする。,74RJ505200000000
商業,5461,ア　内容の(1)のアについては，様々なデータ処理の形態とその具体的な事例を扱うこと。,74RJ505210000000
商業,5462,イ　内容の(2)のウについては，基本データ構造と問題向きデータ構造の種類や特徴，制御構造の種類及び構造化定理を扱うこと。,74RJ505220000000
商業,5463,ウ　内容の(3)のオについては，文字列処理，画像・音声・図形の活用，図形とグラフの描画及び例外処理を扱うこと。,74RJ505230000000
商業,5464,エ　内容の(4)のアについては，基本ソフトウェア及びミドルウェアの役割や機能を扱うこと。,74RJ505240000000
商業,5465,オ　内容の(5)のアについては，コンピュータ内部におけるデータの表現方法を扱うこと。イについては，制御装置と演算装置の仕組みを扱うこと。,74RJ505250000000
商業,5466,第20　ビジネス情報管理,74RK500000000000
商業,5467,"１　目　標
　情報通信ネットワークやビジネス情報システムに関する知識と技術を習得させ，ビジネスの諸活動において情報を管理し，共有することの意義や必要性について理解させるとともに，業務の合理化を積極的に推進する能力と態度を育てる。",74RK502000000000
商業,5468,２　内　容,74RK503000000000
商業,5469,(1) ビジネスと情報システム,74RK503100000000
商業,5470,ア　ビジネスと情報の共有,74RK503110000000
商業,5471,イ　情報システムと業務の合理化,74RK503120000000
商業,5472,ウ　セキュリティ管理の必要性と方法,74RK503130000000
商業,5473,(2) 情報通信ネットワークの構築と運用管理,74RK503200000000
商業,5474,ア　情報通信ネットワークの仕組みと通信方法,74RK503210000000
商業,5475,イ　ネットワーク機器の種類と機能,74RK503220000000
商業,5476,ウ　情報通信ネットワークの設計,74RK503230000000
商業,5477,エ　ハードウェアとソフトウェアの導入,74RK503240000000
商業,5478,オ　運用管理,74RK503250000000
商業,5479,カ　ビジネス用周辺機器の活用,74RK503260000000
商業,5480,キ　情報通信ネットワーク構築・運用管理の実習,74RK503270000000
商業,5481,(3) ビジネス情報システムの開発,74RK503300000000
商業,5482,ア　販売情報の分析と活用,74RK503310000000
商業,5483,イ　財務情報の分析と活用,74RK503320000000
商業,5484,ウ　システム開発の手法,74RK503330000000
商業,5485,エ　システム開発の手順,74RK503340000000
商業,5486,オ　ビジネス情報システム開発の実習,74RK503350000000
商業,5487,３　内容の取扱い,74RK505000000000
商業,5488,(1) 内容の構成及びその取扱いに当たっては，次の事項に配慮するものとする。,74RK505100000000
商業,5489,ア　指導に当たっては，実践的・体験的学習を通して，情報通信ネットワークの構築・運用管理及びビジネス情報システムの開発に関する知識と技術を習得させること。,74RK505110000000
商業,5490,イ　内容の(2)と(3)については，生徒の実態や学科の特色に応じて，いずれかの項目を選択して扱うことができること。,74RK505120000000
商業,5491,(2) 内容の範囲や程度については，次の事項に配慮するものとする。,74RK505200000000
商業,5492,ア　内容の(1)のアについては，ビジネスの諸活動において情報を共有することの意義や必要性を扱うこと。イについては，情報システムを構築し，業務を合理化・効率化している具体的な事例を扱うこと。ウについては，不正アクセス，コンピュータウイルス，災害などから情報や情報通信ネットワークなどを保護する方法を扱うこと。,74RK505210000000
商業,5493,イ　内容の(2)のキについては，ビジネスに関する情報を処理するための情報通信ネットワークの構築と運用管理を行う実習をさせること。,74RK505220000000
商業,5494,ウ　内容の(3)のアについては，売上成長率や損益分岐点などの販売情報を分析し，活用する方法を扱うこと。イについては，企業の収益性や安全性などの財務情報を分析し，活用する方法を扱うこと。オについては，販売情報システムや財務情報システムの開発を行う実習をさせること。,74RK505230000000
商業,5495,第３款　各科目にわたる指導計画の作成と内容の取扱い,74R0300000000000
商業,5496,１　指導計画の作成に当たっては，次の事項に配慮するものとする。,74R0300100000000
商業,5497,(1) 商業に関する各学科においては，「ビジネス基礎」及び「課題研究」を原則としてすべての生徒に履修させること。,74R0300110000000
商業,5498,(2) 「財務会計Ⅱ」については，原則として，「財務会計Ⅰ」を履修した後に履修させるものとする。,74R0300120000000
商業,5499,(3) 地域や産業界との連携・交流を通じた実践的な学習活動や就業体験を積極的に取り入れるとともに，社会人講師を積極的に活用するなどの工夫に努めること。,74R0300130000000
商業,5500,２　各科目の指導に当たっては，実践的・体験的学習を重視するとともに，コンピュータや情報通信ネットワークなどの活用を図り，学習の効果を高めるよう配慮するものとする。,74R0300200000000
商業,5501,３　実験・実習を行うに当たっては，施設・設備の安全管理に配慮し，学習環境を整えるとともに，事故防止の指導を徹底し，安全と衛生に十分留意するものとする。,74R0300300000000
水産,5502,第４節　水　　　産,74T0000000000000
水産,5503,"第１款　目　標
　水産や海洋の各分野における基礎的・基本的な知識と技術を習得させ，水産業及び海洋関連産業の意義や役割を理解させるとともに，水産や海洋に関する諸課題を主体的，合理的に，かつ倫理観をもって解決し，持続的かつ安定的な水産業及び海洋関連産業と社会の発展を図る創造的な能力と実践的な態度を育てる。",74T0100000000000
水産,5504,第２款　各　科　目,74T0500000000000
水産,5505,第１　水産海洋基礎,74T1500000000000
水産,5506,"１　目　標
　水産や海洋に関する基礎的な知識と技術を習得させるとともに，水産業や海洋関連産業が国民生活に果たしている役割を理解させる。",74T1502000000000
水産,5507,２　内　容,74T1503000000000
水産,5508,(1) 海のあらまし,74T1503100000000
水産,5509,ア　日本の海,74T1503110000000
水産,5510,イ　世界の海,74T1503120000000
水産,5511,ウ　海と食生活・文化・社会,74T1503130000000
水産,5512,エ　海と生物,74T1503140000000
水産,5513,オ　海と環境,74T1503150000000
水産,5514,(2) 水産業と海洋関連産業のあらまし,74T1503200000000
水産,5515,ア　船と暮らし,74T1503210000000
水産,5516,イ　とる漁業・つくり育てる漁業と資源管理,74T1503220000000
水産,5517,ウ　水産物の流通と加工,74T1503230000000
水産,5518,エ　海洋関連産業,74T1503240000000
水産,5519,(3) 基礎実習,74T1503300000000
水産,5520,ア　水産・海洋生物の採集,74T1503310000000
水産,5521,イ　水産・海洋生物の飼育,74T1503320000000
水産,5522,ウ　食品加工,74T1503330000000
水産,5523,エ　海洋実習,74T1503340000000
水産,5524,３　内容の取扱い,74T1505000000000
水産,5525,(1) 内容の構成及びその取扱いに当たっては，次の事項に配慮するものとする。,74T1505100000000
水産,5526,ア　指導に当たっては，海，水産物及び船の全体を概観させるとともに，生徒の興味・関心や目的意識を高め，学習への意欲を喚起するようにすること。,74T1505110000000
水産,5527,イ　内容の(1)については，我が国の魚食文化などを取り上げる中で，海，水産物及び船と生活とのかかわりについて理解させること。,74T1505120000000
水産,5528,ウ　内容の(2)については，具体的な事例を通して，水産業や海洋関連産業の重要性を理解させるとともに，これらの産業に従事する者としての使命や責任なども取り上げ，卒業後の進路と関連付けて考えさせること。,74T1505130000000
水産,5529,エ　内容の(3)については，安全確保に十分留意し，地域の実態や時期等に応じて計画的に適切な実習内容を設定すること。,74T1505140000000
水産,5530,(2) 内容の範囲や程度については，次の事項に配慮するものとする。,74T1505200000000
水産,5531,ア　内容の(1)については，河川，湖沼等陸水も含め，海と人間とのかかわり，我が国の食生活における水産物の意義や役割，水産資源及び海洋環境の保全と管理，海洋関連法規などについて，基礎的な内容を扱うこと。エについては，魚介類の飼育や観察などの基礎的な内容を扱うこと。オについては，海や地域の陸水の環境調査などを通して，海や河川の水質保全などの基礎的な内容を扱うこと。,74T1505210000000
水産,5532,"イ　内容の(2)のアについては，船の種類と役割などについて,基礎的な内容を扱うこと。イについては，資源管理型漁業及びつくり育てる漁業の重要性について扱うこと。ウについては，我が国や世界の水産物需給の現状などについて扱うこと。エについては，海洋性レクリエーションなどの海洋関連産業の現状などについて，基礎的な内容を扱うこと。",74T1505220000000
水産,5533,ウ　内容の(3)のエについては，操船及び水泳を中心に扱い，地域や学科の特色に応じて，結索，漕《そう》艇，体験乗船，海洋観測，各種泳法，ダイビングなどについても扱うこと。,74T1505230000000
水産,5534,第２　課題研究,74T2500000000000
水産,5535,"１　目　標
　水産や海洋に関する課題を設定し，その課題の解決を図る学習を通して，専門的な知識と技術の深化，総合化を図るとともに，問題解決の能力や自発的，創造的な学習態度を育てる。",74T2502000000000
水産,5536,２　内　容,74T2503000000000
水産,5537,(1) 調査，研究，実験,74T2503100000000
水産,5538,(2) 作品製作,74T2503200000000
水産,5539,(3) 産業現場等における実習,74T2503300000000
水産,5540,(4) 職業資格の取得,74T2503400000000
水産,5541,３　内容の取扱い,74T2505000000000
水産,5542,(1) 内容の構成及びその取扱いに当たっては，次の事項に配慮するものとする。,74T2505100000000
水産,5543,ア　生徒の興味・関心，進路希望等に応じて，内容の(1)から(4)までの中から，個人又はグループで適切な課題を設定させること。なお，課題は内容の(1)から(4)までの２項目以上にまたがる課題を設定することができること。,74T2505110000000
水産,5544,イ　課題研究の成果について発表する機会を設けるようにすること。,74T2505120000000
水産,5545,第３　総合実習,74T3500000000000
水産,5546,"１　目　標
　水産や海洋の各分野に関する総合的な知識と技術を習得させ，安全を重んじ技術の改善を図るとともに，実務に活用する能力と態度を育てる。",74T3502000000000
水産,5547,２　内　容,74T3503000000000
水産,5548,(1) 海洋漁業実習,74T3503100000000
水産,5549,(2) 海洋工学実習,74T3503200000000
水産,5550,(3) 情報通信実習,74T3503300000000
水産,5551,(4) 資源増殖実習,74T3503400000000
水産,5552,(5) 水産食品実習,74T3503500000000
水産,5553,(6) その他の水産・海洋実習,74T3503600000000
水産,5554,３　内容の取扱い,74T3505000000000
水産,5555,(1) 内容の構成及びその取扱いに当たっては，次の事項に配慮するものとする。,74T3505100000000
水産,5556,ア　内容の(1)から(6)までの中から，地域の実態や学科の特色，生徒の進路希望等に応じて，一つ又は二つの項目を選択して取り扱うこと。,74T3505110000000
水産,5557,イ　指導に当たっては，安全管理や事故防止，衛生管理等の指導の徹底を図ること。,74T3505120000000
水産,5558,ウ　指導に当たっては，安全な船舶の運航や食品の供給など水産業や海洋関連産業に従事する者としての使命や責任，環境保全やエネルギーの有効活用などについて，総合的に理解させること。,74T3505130000000
水産,5559,(2) 内容の範囲や程度については，次の事項に配慮するものとする。,74T3505200000000
水産,5560,ア　内容の(1)については，漁業乗船実習及び漁業生産実習を行うこととするが，いずれかを選択して扱うことができること。また，漁業乗船実習の一環として，外地寄港地活動や海事実務英語などを扱うこと。,74T3505210000000
水産,5561,イ　内容の(2)については，機関乗船実習，機械工作実習及び海洋機器実習を行うこととするが，いずれかを選択して扱うことができること。また，機関乗船実習の一環として，外地寄港地活動や海事実務英語などを扱うこと。なお，機関乗船実習については，必要に応じ，陸上の実習施設等を利用して行うことができること。また，海洋機器実習については，機関工学的内容又は海洋開発的内容を選択して扱うことができること。,74T3505220000000
水産,5562,ウ　内容の(5)については，地域の実態や生徒の進路希望等に応じて，適切な食品を選択すること。その際，必要に応じ，農畜産物を取り上げることもできること。,74T3505230000000
水産,5563,エ　内容の(1)，(2)，(4)及び(6)において，ダイビングやマリンスポーツなどの実習を行う場合には，事前の健康診断や器具の点検等安全に十分留意して行うこと。,74T3505240000000
水産,5564,第４　海洋情報技術,74T4500000000000
水産,5565,"１　目　標
　社会における情報化の進展と情報の意義や役割を理解させるとともに，情報機器や情報通信ネットワークに関する知識と技術を習得させ，水産や海洋の各分野で情報技術を主体的に活用する能力と態度を育てる。",74T4502000000000
水産,5566,２　内　容,74T4503000000000
水産,5567,(1) 産業社会と情報技術,74T4503100000000
水産,5568,(2) 情報モラルとセキュリティ,74T4503200000000
水産,5569,ア　情報モラル,74T4503210000000
水産,5570,イ　情報のセキュリティ管理,74T4503220000000
水産,5571,(3) 情報機器の仕組みと情報の表現,74T4503300000000
水産,5572,ア　情報機器の仕組み,74T4503310000000
水産,5573,イ　情報のディジタル化と情報処理,74T4503320000000
水産,5574,(4) ソフトウェア,74T4503400000000
水産,5575,ア　ソフトウェアの体系,74T4503410000000
水産,5576,イ　アプリケーションソフトウェアの使用法,74T4503420000000
水産,5577,ウ　オペレーティングシステム,74T4503430000000
水産,5578,エ　プログラミング,74T4503440000000
水産,5579,(5) 情報通信ネットワーク,74T4503500000000
水産,5580,ア　情報通信ネットワークの概要,74T4503510000000
水産,5581,イ　情報通信ネットワークの活用,74T4503520000000
水産,5582,(6) 水産や海洋における情報の応用,74T4503600000000
水産,5583,ア　海洋の環境情報システム,74T4503610000000
水産,5584,イ　海洋の観測，測量システム,74T4503620000000
水産,5585,ウ　船舶運航の計測・制御システム,74T4503630000000
水産,5586,エ　船舶運航の通信システム,74T4503640000000
水産,5587,オ　防災及び安全システム,74T4503650000000
水産,5588,カ　水産情報システム,74T4503660000000
水産,5589,３　内容の取扱い,74T4505000000000
水産,5590,(1) 内容の構成及びその取扱いに当たっては，次の事項に配慮するものとする。,74T4505100000000
水産,5591,ア　指導に当たっては，実際に情報機器や情報通信ネットワークを活用できるように実習を中心として取り扱うこと。,74T4505110000000
水産,5592,イ　内容の(6)については，学科の特色や生徒の進路希望等に応じて，扱わないことができること。,74T4505120000000
水産,5593,(2) 内容の範囲や程度については，次の事項に配慮するものとする。,74T4505200000000
水産,5594,ア　内容の(1)については，情報化の進展が社会や産業に及ぼしている影響と情報の意義や役割などについて扱うこと。,74T4505210000000
水産,5595,イ　内容の(2)については，個人のプライバシーや著作権など知的財産の保護，収集した情報の管理，発信する情報に対する責任などの情報モラル及び情報のセキュリティ管理の重要性について扱うこと。,74T4505220000000
水産,5596,ウ　内容の(4)については，オペレーティングシステムを使用してのファイル管理，プログラミングなどの基礎的な内容を扱うこと。,74T4505230000000
水産,5597,エ　内容の(5)については，情報通信ネットワークの基本的な仕組みや情報通信ネットワークを利用した情報の検索，収集，処理，分析，発信などの基礎的な内容を扱うこと。また，情報通信ネットワークにおけるセキュリティ管理の方法について扱うこと。,74T4505240000000
水産,5598,オ　内容の(6)については，水質など海洋に関する環境情報システム，気象や海象に関するデータ収集や分析等のシステム，船舶運航や管理，通信に関するシステム，沿岸と海中の安全救助や監視に関するシステムなどの基礎的な内容を扱うこと。カについては，食品トレーサビリティシステムを実施するために有効な情報管理の手段などについて基礎的な内容を扱うこと。,74T4505250000000
水産,5599,第５　水産海洋科学,74T5500000000000
水産,5600,"１　目　標
　水産や海洋の各分野における知識と技術を習得させ，水産や海洋に関する諸課題について科学的に探究するとともに，水産業及び海洋関連産業の充実を図る能力と態度を育てる。",74T5502000000000
水産,5601,２　内　容,74T5503000000000
水産,5602,(1) 海洋と生活 ,74T5503100000000
水産,5603,ア　海洋の知識,74T5503110000000
水産,5604,イ　水産資源の育成と漁業,74T5503120000000
水産,5605,ウ　水産物の需給と流通,74T5503130000000
水産,5606,エ　食品としての水産物,74T5503140000000
水産,5607,オ　船舶の役割,74T5503150000000
水産,5608,カ　水産業と海洋関連産業,74T5503160000000
水産,5609,(2) 海洋の科学,74T5503200000000
水産,5610,ア　海洋の地形と海水の組成,74T5503210000000
水産,5611,イ　海洋と生命,74T5503220000000
水産,5612,ウ　海洋と気象,74T5503230000000
水産,5613,エ　海洋の資源・エネルギー,74T5503240000000
水産,5614,オ　深海の世界,74T5503250000000
水産,5615,カ　海洋と環境問題,74T5503260000000
水産,5616,(3) 海洋の新しい展開,74T5503300000000
水産,5617,ア　海洋の新たな活用,74T5503310000000
水産,5618,イ　水産物の高度利用,74T5503320000000
水産,5619,(4) 海洋に関する探究活動,74T5503400000000
水産,5620,３　内容の取扱い,74T5505000000000
水産,5621,(1) 内容の構成及びその取扱いに当たっては，次の事項に配慮するものとする。,74T5505100000000
水産,5622,ア　指導に当たっては，「水産海洋基礎」との関連も考慮しながら，生徒や地域の実態に応じて，学習内容の深化を図るようにすること。,74T5505110000000
水産,5623,イ　内容の(2)については，海洋について科学的に概観させるとともに，海洋に関連する環境問題などの実態を理解させること。,74T5505120000000
水産,5624,ウ　内容の(3)については，地域産業の活性化を図る活動を主体的に立案，実施させるようにし，地域の活性化に貢献できる能力と態度を身に付けさせるようにすること。,74T5505130000000
水産,5625,エ　内容の(4)については，内容の(1)から(3)までの中から，適切な研究課題を設定し，課題を探求する活動を通して，科学的な見方や考え方，自発的な学習態度の育成を図ること。,74T5505140000000
水産,5626,(2) 内容の範囲や程度については，次の事項に配慮するものとする。,74T5505200000000
水産,5627,ア　内容の(1)については，水産業及び海洋関連産業，地域生活における海洋の役割について扱うこと。また，これからの我が国の水産業や海洋関連産業の展望と課題についても扱うこと。,74T5505210000000
水産,5628,イ　内容の(2)のエについては，化石燃料，海底鉱物資源などを扱うこと。カについては，異常気象，海洋環境保全などについて基礎的な内容を扱うこと。,74T5505220000000
水産,5629,ウ　内容の(3)のアについては，海が持つ多面的機能及びその活用方法について扱うこと。イについては，未利用資源及び有効成分の利用について基礎的な内容を扱うこと。,74T5505230000000
水産,5630,第６　漁　業,74T6500000000000
水産,5631,"１　目　標
　漁業に関する知識と技術を習得させ，資源管理と漁業経営について理解を深めさせるとともに，漁業における生産性の向上を図る能力と態度を育てる。",74T6502000000000
水産,5632,２　内　容,74T6503000000000
水産,5633,(1) 漁業と水産生物,74T6503100000000
水産,5634,ア　漁業の意義と沿革,74T6503110000000
水産,5635,イ　海洋環境と生物生産,74T6503120000000
水産,5636,ウ　漁場と漁場調査,74T6503130000000
水産,5637,エ　海の環境保全,74T6503140000000
水産,5638,(2) 水産資源と漁業管理,74T6503200000000
水産,5639,ア　水産資源,74T6503210000000
水産,5640,イ　漁業管理,74T6503220000000
水産,5641,(3) 漁業の技術,74T6503300000000
水産,5642,ア　漁具と漁法,74T6503310000000
水産,5643,イ　主な漁業と資源増殖,74T6503320000000
水産,5644,ウ　漁具の構成と材料,74T6503330000000
水産,5645,エ　漁業機械・計測機器・冷凍機械,74T6503340000000
水産,5646,(4) 漁業生産の基盤,74T6503400000000
水産,5647,ア　漁業制度と法規,74T6503410000000
水産,5648,イ　漁業をめぐる国際環境,74T6503420000000
水産,5649,ウ　漁業と情報,74T6503430000000
水産,5650,エ　水産物の貿易と流通,74T6503440000000
水産,5651,オ　食品管理,74T6503450000000
水産,5652,(5) 漁業経営,74T6503500000000
水産,5653,ア　漁業経営の仕組み,74T6503510000000
水産,5654,イ　経営組織と管理・運営,74T6503520000000
水産,5655,ウ　漁業経営の効率化,74T6503530000000
水産,5656,３　内容の取扱い,74T6505000000000
水産,5657,(1) 内容の構成及びその取扱いに当たっては，次の事項に配慮するものとする。,74T6505100000000
水産,5658,ア　指導に当たっては，産業現場の見学や実験・実習を通して，適切な資源管理や漁業経営の改善の重要性について具体的に理解させること。,74T6505110000000
水産,5659,(2) 内容の範囲や程度については，次の事項に配慮するものとする。,74T6505200000000
水産,5660,ア　内容の(1)のイについては，海の生態系，食物連鎖及び海の生産力について概要を扱うこと。エについては，環境汚染の防止など海の環境保全に必要な基礎的な内容を扱うこと。,74T6505210000000
水産,5661,イ　内容の(4)のアについては，漁業に関する法規や漁業協同組合などの概要を扱うこと。イについては，二百海里体制，国際漁業に関する条約や協定，漁業の国際協力などについて基礎的な内容を扱うこと。ウについては，漁業情報の種類，漁船の運航や漁況・海況に関する各種情報システムなどの基礎的な内容を扱うこと。エについては，水産物の需給と消費，水産物の輸出入，流通過程などの基礎的な内容を扱うこと。オについては，危害分析重要管理点手法や食品トレーサビリティシステムについて基礎的な内容を扱うこと。,74T6505220000000
水産,5662,ウ　内容の(5)のアについては，漁業経営の特性など経営に関する基礎的な内容を扱うこと。イについては，経営分析や事業計画について基礎的な内容を扱うこと。また，簿記の基礎的な内容に触れること。ウについては，新たな漁業経営の取組など経営の改善について基礎的な内容を扱うこと。,74T6505230000000
水産,5663,第７　航海・計器,74T7500000000000
水産,5664,"１　目　標
　船舶を安全かつ適切に航海させるために必要な知識と技術を習得させ，実際に漁業生産など海上業務に活用する能力と態度を育てる。",74T7502000000000
水産,5665,２　内　容,74T7503000000000
水産,5666,(1) 航海の概要,74T7503100000000
水産,5667,ア　航海の意義と沿革,74T7503110000000
水産,5668,イ　航海と航法,74T7503120000000
水産,5669,ウ　航海と計算,74T7503130000000
水産,5670,(2) 航海に関する情報,74T7503200000000
水産,5671,ア　航海と情報,74T7503210000000
水産,5672,イ　海図と航路標識,74T7503220000000
水産,5673,ウ　海流や潮汐《せき》の概要,74T7503230000000
水産,5674,(3) 計器と航法,74T7503300000000
水産,5675,ア　基本航海計器,74T7503310000000
水産,5676,イ　地文航法,74T7503320000000
水産,5677,ウ　電波航法,74T7503330000000
水産,5678,エ　天文航法,74T7503340000000
水産,5679,(4) 航海計画,74T7503400000000
水産,5680,(5) 海上交通関係法規,74T7503500000000
水産,5681,(6) 海事実務英語,74T7503600000000
水産,5682,３　内容の取扱い,74T7505000000000
水産,5683,(1) 内容の構成及びその取扱いに当たっては，次の事項に配慮するものとする。,74T7505100000000
水産,5684,ア　内容の(3)については，実験・実習を通して，船舶の安全な航海について具体的に理解させること。,74T7505110000000
水産,5685,イ　内容の(4)については，内容の(1)から(3)までと関連付けて扱うとともにレーダ・自動衝突予防援助装置シミュレータや小型実習船を活用して，理解を深めさせるようにすること。,74T7505120000000
水産,5686,(2) 内容の範囲や程度については，次の事項に配慮するものとする。,74T7505200000000
水産,5687,ア　内容の(2)のアについては，航海に必要な情報の収集と活用の方法を扱うこと。イについては，電子海図，各種の航路標識，信号などを扱うこと。,74T7505210000000
水産,5688,イ　内容の(3)のアについては，航海計器の基本的な操作方法などを扱うこと。イについては，船位測定や衝突防止を中心として扱うこと。ウについては双曲線航法，衛星航法などを扱うこと。また，船位通報制度の概要を扱うこと。,74T7505220000000
水産,5689,ウ　内容の(5)については，海上衝突予防，海上交通安全及び港湾に関する法規を中心として扱うこと。,74T7505230000000
水産,5690,エ　内容の(6)については，航海に必要な海事実務英語や外地寄港地等における英会話について基礎的な内容を扱うこと。,74T7505240000000
水産,5691,第８　船舶運用,74T8500000000000
水産,5692,"１　目　標
　船舶を安全かつ適切に運用するために必要な知識と技術を習得させ，実際に漁業生産など海上業務に活用する能力と態度を育てる。",74T8502000000000
水産,5693,２　内　容,74T8503000000000
水産,5694,(1) 船舶の概要,74T8503100000000
水産,5695,ア　船舶の意義,74T8503110000000
水産,5696,イ　漁船の意義,74T8503120000000
水産,5697,ウ　船の種類と船体構造,74T8503130000000
水産,5698,(2) 船舶の設備,74T8503200000000
水産,5699,ア　操船・機関・通信設備,74T8503210000000
水産,5700,イ　係船・荷役設備,74T8503220000000
水産,5701,ウ　船用品,74T8503230000000
水産,5702,エ　安全・衛生設備,74T8503240000000
水産,5703,オ　漁業設備,74T8503250000000
水産,5704,カ　冷凍・冷蔵設備,74T8503260000000
水産,5705,(3) 船務,74T8503300000000
水産,5706,ア　乗組員の編成と職務,74T8503310000000
水産,5707,イ　船体の整備,74T8503320000000
水産,5708,ウ　ドックと検査,74T8503330000000
水産,5709,エ　通信,74T8503340000000
水産,5710,オ　保安の確保,74T8503350000000
水産,5711,(4) 海上気象,74T8503400000000
水産,5712,ア　海上気象の基礎,74T8503410000000
水産,5713,イ　日本近海の海上気象,74T8503420000000
水産,5714,(5) 操船,74T8503500000000
水産,5715,ア　操船の基本,74T8503510000000
水産,5716,イ　応用操船,74T8503520000000
水産,5717,ウ　荒天運用,74T8503530000000
水産,5718,エ　海難と応急,74T8503540000000
水産,5719,(6) 船内の安全と衛生,74T8503600000000
水産,5720,ア　災害防止,74T8503610000000
水産,5721,イ　救急処置,74T8503620000000
水産,5722,ウ　船内消毒,74T8503630000000
水産,5723,(7) 船舶・船員・海洋関係法規,74T8503700000000
水産,5724,３　内容の取扱い,74T8505000000000
水産,5725,(1) 内容の構成及びその取扱いに当たっては，次の事項に配慮するものとする。,74T8505100000000
水産,5726,ア　内容の(2)から(6)までについては，実験・実習を通して，船舶の安全な運航・管理について具体的に理解させること。,74T8505110000000
水産,5727,(2) 内容の範囲や程度については，次の事項に配慮するものとする。,74T8505200000000
水産,5728,ア　内容の(1)のアについては，船舶の変遷を中心として扱うこと。イについては，漁船の定義，従業制限などを扱うこと。ウについては，船の種類や船体構造など船舶の基礎的な内容を扱うこと。,74T8505210000000
水産,5729,イ　内容の(3)のエについては，海上特殊無線や旗りゅう信号についても扱うこと。オについては，船舶保安統括者及び船舶安全管理者についても扱うこと。,74T8505220000000
水産,5730,ウ　内容の(4)のアについては，気象要素や気団，前線などを扱うこと。イについては，我が国の各季節における気圧配置の特徴などについて扱うこと。,74T8505230000000
水産,5731,エ　内容の(6)のイについては，捜索救助，応急医療，消火作業指揮などを扱うこと。,74T8505240000000
水産,5732,第９　船用機関,74T9500000000000
水産,5733,"１　目　標
　船舶の機関及びその運転と保安に関する知識と技術を習得させ，船舶及び関係する機械装置を安全かつ効率的に運航，管理する能力と態度を育てる｡",74T9502000000000
水産,5734,２　内　容,74T9503000000000
水産,5735,(1) 熱機関の概要,74T9503100000000
水産,5736,ア　熱機関の種類と変遷,74T9503110000000
水産,5737,イ　熱機関に関する基礎,74T9503120000000
水産,5738,(2) 内燃機関,74T9503200000000
水産,5739,ア　内燃機関の概要,74T9503210000000
水産,5740,イ　ディーゼル機関,74T9503220000000
水産,5741,ウ　ガソリン機関,74T9503230000000
水産,5742,エ　ガスタービン,74T9503240000000
水産,5743,オ　環境技術,74T9503250000000
水産,5744,(3) 推進装置,74T9503300000000
水産,5745,ア　軸系,74T9503310000000
水産,5746,イ　プロペラ,74T9503320000000
水産,5747,ウ　操船装置,74T9503330000000
水産,5748,エ　小型船舶の推進装置,74T9503340000000
水産,5749,オ　速度と経済性,74T9503350000000
水産,5750,(4) 燃料と潤滑剤,74T9503400000000
水産,5751,(5) 補機,74T9503500000000
水産,5752,ア　ポンプ,74T9503510000000
水産,5753,イ　油圧装置,74T9503520000000
水産,5754,ウ　造水装置,74T9503530000000
水産,5755,エ　環境汚染防止装置,74T9503540000000
水産,5756,(6) ボイラ，冷凍装置,74T9503600000000
水産,5757,ア　ボイラ,74T9503610000000
水産,5758,イ　冷凍・冷蔵装置,74T9503620000000
水産,5759,ウ　空気調和装置,74T9503630000000
水産,5760,(7) 船舶の運航と保安,74T9503700000000
水産,5761,ア　船舶の種類と構造,74T9503710000000
水産,5762,イ　船舶の設備,74T9503720000000
水産,5763,ウ　船内組織と職務,74T9503730000000
水産,5764,エ　損傷制御と安全衛生,74T9503740000000
水産,5765,オ　海事関係法規,74T9503750000000
水産,5766,カ　海事実務英語,74T9503760000000
水産,5767,３　内容の取扱い,74T9505000000000
水産,5768,(1) 内容の構成及びその取扱いに当たっては，次の事項に配慮するものとする。,74T9505100000000
水産,5769,ア　指導に当たっては，実験・実習を通して，船舶及び関係する機械装置の安全な運航・管理について具体的に理解させること。,74T9505110000000
水産,5770,イ　内容の(7)については，学科の特色や生徒の進路希望等に応じて，扱わないことができること。,74T9505120000000
水産,5771,(2) 内容の範囲や程度については，次の事項に配慮するものとする。,74T9505200000000
水産,5772,ア　内容の(1)については，熱機関の種類や変遷及び蒸気タービンについて基礎的な内容を扱うこと。,74T9505210000000
水産,5773,イ　内容の(2)のイについては，ディーゼル機関の作動原理及び構造を扱うこと。ウについては，ガソリン機関の構造及び取扱いなどの概要を扱うこと。エについては，ガスタービンの構造などの概要を扱うこと。オについては，船用機関における環境技術及び省エネルギー技術の概要を扱うこと。,74T9505220000000
水産,5774,ウ　内容の(4)については，燃料と潤滑剤の種類や性質，船内積込み法，石油製品の管理，油清浄装置などについて基礎的な内容を扱うこと。,74T9505230000000
水産,5775,エ　内容の(5)のイについては，漁業機械や甲板機械及び海洋調査などに用いられる機器を扱うこと。,74T9505240000000
水産,5776,オ　内容の(7)のアについては，船舶の種類及び構造の概要を扱うこと。イについては，船舶の基本的な設備の操作を扱うこと。エについては，船舶の安全や執務一般に関する基本的な内容を扱うこと。オについては，海事に関する法規の基本的な内容を扱うこと。カについては，機関業務に必要な海事実務英語や外地寄港地等における英会話について基礎的な内容を扱うこと。,74T9505250000000
水産,5777,第10　機械設計工作,74TA500000000000
水産,5778,"１　目　標
　機械の設計と工作に関する基礎的な知識と技術を習得させ，水産や海洋の工学的分野に活用する能力と態度を育てる。",74TA502000000000
水産,5779,２　内　容,74TA503000000000
水産,5780,(1) 機械設計工作の概要,74TA503100000000
水産,5781,ア　機械と設計工作の基礎,74TA503110000000
水産,5782,イ　機械に働く力と運動,74TA503120000000
水産,5783,ウ　材料の一般的性質,74TA503130000000
水産,5784,(2) 機械設計,74TA503200000000
水産,5785,ア　締結用機械要素,74TA503210000000
水産,5786,イ　軸に関する機械要素,74TA503220000000
水産,5787,ウ　歯車伝動装置とその他の機械要素,74TA503230000000
水産,5788,(3) 機械製図,74TA503300000000
水産,5789,ア　製図の基礎,74TA503310000000
水産,5790,イ　製作図,74TA503320000000
水産,5791,ウ　ＣＡＤ,74TA503330000000
水産,5792,エ　測定,74TA503340000000
水産,5793,(4) 機械材料,74TA503400000000
水産,5794,ア　鉄鋼材料,74TA503410000000
水産,5795,イ　非鉄金属材料,74TA503420000000
水産,5796,ウ　複合材料,74TA503430000000
水産,5797,(5) 機械工作,74TA503500000000
水産,5798,ア　鋳造と鍛造,74TA503510000000
水産,5799,イ　板金加工,74TA503520000000
水産,5800,ウ　溶接と切断,74TA503530000000
水産,5801,エ　機械加工,74TA503540000000
水産,5802,オ　手仕上げと組立て,74TA503550000000
水産,5803,３　内容の取扱い,74TA505000000000
水産,5804,(1) 内容の構成及びその取扱いに当たっては，次の事項に配慮するものとする。,74TA505100000000
水産,5805,ア　指導に当たっては，実験・実習を通して，水産や海洋分野における機械設計について具体的に理解させること。,74TA505110000000
水産,5806,イ　内容の(5)のアからオまでについては，地域の実態や学科の特色に応じて，選択して扱うことができること。,74TA505120000000
水産,5807,(2) 内容の範囲や程度については，次の事項に配慮するものとする。,74TA505200000000
水産,5808,ア　内容の(1)のイについては，流体力学の基礎的な内容についても扱うこと。,74TA505210000000
水産,5809,イ　内容の(4)のアについては，鉄と鋼，鋳鉄等の性質や用途などの基礎的な内容を扱うこと。イについては，鉄鋼以外の金属や合金等の性質や用途などの基礎的な内容を扱うこと。ウについては，繊維強化プラスチック等の複合材料や技術の進展に対応した素材の特性及び用途などについて基礎的な内容を扱うこと。,74TA505220000000
水産,5810,第11　電気理論,74TB500000000000
水産,5811,"１　目　標
　電気・電子に関する基礎的な知識と技術を習得させ，水産や海洋の各分野において電気機器や電子機器を適切に取り扱う能力と態度を育てる。",74TB502000000000
水産,5812,２　内　容,74TB503000000000
水産,5813,(1) 電気回路の基礎,74TB503100000000
水産,5814,ア　直流回路,74TB503110000000
水産,5815,イ　電気抵抗の性質,74TB503120000000
水産,5816,ウ　電気エネルギー,74TB503130000000
水産,5817,エ　交流の性質と交流回路,74TB503140000000
水産,5818,(2) 電気と磁気,74TB503200000000
水産,5819,ア　静電気,74TB503210000000
水産,5820,イ　磁気,74TB503220000000
水産,5821,ウ　電流と磁気,74TB503230000000
水産,5822,エ　電磁誘導,74TB503240000000
水産,5823,(3) 半導体素子と電子回路,74TB503300000000
水産,5824,ア　ダイオードとトランジスタ,74TB503310000000
水産,5825,イ　各種の半導体素子,74TB503320000000
水産,5826,ウ　電子回路,74TB503330000000
水産,5827,(4) 電気機器,74TB503400000000
水産,5828,ア　同期機,74TB503410000000
水産,5829,イ　誘導機,74TB503420000000
水産,5830,ウ　変圧器,74TB503430000000
水産,5831,エ　直流機,74TB503440000000
水産,5832,オ　非常用電源装置,74TB503450000000
水産,5833,(5) 電気計測と自動制御,74TB503500000000
水産,5834,ア　電気計器,74TB503510000000
水産,5835,イ　計測,74TB503520000000
水産,5836,ウ　自動制御の基礎,74TB503530000000
水産,5837,エ　自動制御の応用,74TB503540000000
水産,5838,(6) 配電・電気工事,74TB503600000000
水産,5839,ア　船内配電,74TB503610000000
水産,5840,イ　工場配電,74TB503620000000
水産,5841,ウ　電気工事,74TB503630000000
水産,5842,３　内容の取扱い,74TB505000000000
水産,5843,(1) 内容の構成及びその取扱いに当たっては，次の事項に配慮するものとする。,74TB505100000000
水産,5844,ア　指導に当たっては，実験・実習を通して，水産や海洋の各分野における電気・電子に関する基礎的な理論について具体的に理解させること。,74TB505110000000
水産,5845,イ　内容の(5)のエについては，生徒の実態や学科の特色に応じて扱わないことができること。,74TB505120000000
水産,5846,ウ　内容の(6)については，アからウまでの中から生徒の実態や学科の特色に応じて選択して扱うことができること。,74TB505130000000
水産,5847,(2) 内容の範囲や程度については，次の事項に配慮するものとする。,74TB505200000000
水産,5848,ア　内容の(1)については，直流回路と交流回路における諸定理や計算方法の基礎的な内容を扱うこと。エについては，正弦波交流を中心として扱うこと。,74TB505210000000
水産,5849,イ　内容の(2)については，電気や磁気に関する現象の基礎的な内容を扱うこと。,74TB505220000000
水産,5850,ウ　内容の(4)については，電気機器や電池，電源設備の原理，構造，運転，保守などの基礎的な内容を扱うこと。,74TB505230000000
水産,5851,エ　内容の(5)のウについては，自動制御の概要や論理回路などについて基礎的な内容を扱うこと。,74TB505240000000
水産,5852,オ　内容の(6)については，発電，送電，配電，電気工事などの基礎的な内容を扱うこと。,74TB505250000000
水産,5853,第12　移動体通信工学,74TC500000000000
水産,5854,"１　目　標
　船舶など移動体における通信工学に関する知識と技術を習得させ，電子機器の取扱いや通信業務に活用する能力と態度を育てる。",74TC502000000000
水産,5855,２　内　容,74TC503000000000
水産,5856,(1) 移動体通信の概要,74TC503100000000
水産,5857,ア　通信の種類,74TC503110000000
水産,5858,イ　移動体通信,74TC503120000000
水産,5859,ウ　電波や光による情報の伝送,74TC503130000000
水産,5860,エ　無線局の設備と特徴,74TC503140000000
水産,5861,(2) 無線通信機器,74TC503200000000
水産,5862,ア　無線通信機器の基礎回路,74TC503210000000
水産,5863,イ　送信機，受信機,74TC503220000000
水産,5864,ウ　マイクロ波通信装置,74TC503230000000
水産,5865,エ　遭難及び安全通信設備,74TC503240000000
水産,5866,(3) マイクロ波回路とアンテナ,74TC503300000000
水産,5867,ア　マイクロ波回路,74TC503310000000
水産,5868,イ　マイクロ波回路の種類と特徴,74TC503320000000
水産,5869,ウ　アンテナの種類と特性,74TC503330000000
水産,5870,エ　給電線の種類と特徴,74TC503340000000
水産,5871,(4) 電波の伝わり方,74TC503400000000
水産,5872,ア　電波の伝搬特性,74TC503410000000
水産,5873,イ　伝搬上の諸現象,74TC503420000000
水産,5874,(5) 航海用電子機器,74TC503500000000
水産,5875,ア　レーダ,74TC503510000000
水産,5876,イ　双曲線航法機器，衛星航法機器,74TC503520000000
水産,5877,ウ　ソナー,74TC503530000000
水産,5878,エ　その他の電子機器,74TC503540000000
水産,5879,(6) 応用電子計測,74TC503600000000
水産,5880,ア　電子計測機器,74TC503610000000
水産,5881,イ　送信機の測定,74TC503620000000
水産,5882,ウ　受信機の測定,74TC503630000000
水産,5883,エ　マイクロ波と光の測定,74TC503640000000
水産,5884,オ　アンテナ及び電波の測定,74TC503650000000
水産,5885,３　内容の取扱い,74TC505000000000
水産,5886,(1) 内容の構成及びその取扱いに当たっては，次の事項に配慮するものとする。,74TC505100000000
水産,5887,ア　指導に当たっては，実験・実習を通して，船舶など移動体における通信について具体的に理解させること。,74TC505110000000
水産,5888,(2) 内容の範囲や程度については，次の事項に配慮するものとする。,74TC505200000000
水産,5889,ア　内容の(1)のイについては，船舶など移動体における通信の変遷や構成，各種通信サービスなどの基礎的な内容を扱うこと。,74TC505210000000
水産,5890,イ　内容の(2)のアについては，発振回路や変調・復調回路などの基礎的な内容を扱うこと。イについては，無線通信機器の原理や機器の構成などについて基礎的な内容を扱うこと。エについては，海上における遭難及び安全に関する世界的な制度を中心として扱うこと。,74TC505220000000
水産,5891,ウ　内容の(3)のア及びイについては，分布定数回路や導波管を用いた立体回路，四端子回路網などについて基礎的な内容を扱うこと。,74TC505230000000
水産,5892,エ　内容の(5)については，各種電子機器の原理や性能，用途などについて基礎的な内容を扱うこと。,74TC505240000000
水産,5893,オ　内容の(6)については，電圧計やオシロスコープなどの基礎的な内容を扱うこと。,74TC505250000000
水産,5894,第13　海洋通信技術,74TD500000000000
水産,5895,"１　目　標
　有線通信及び情報通信の運用に関する知識と技術を習得させ，実際に通信業務に活用する能力と態度を育てる。",74TD502000000000
水産,5896,２　内　容,74TD503000000000
水産,5897,(1) 有線通信機器,74TD503100000000
水産,5898,ア　有線によるデータ通信の基礎,74TD503110000000
水産,5899,イ　端末設備の技術,74TD503120000000
水産,5900,ウ　ネットワークの技術,74TD503130000000
水産,5901,エ　情報セキュリティの技術,74TD503140000000
水産,5902,オ　接続工事の技術,74TD503150000000
水産,5903,(2) 通信関係法規,74TD503200000000
水産,5904,ア　電波法及び関係法規,74TD503210000000
水産,5905,イ　国際通信関係法規,74TD503220000000
水産,5906,ウ　有線通信関係法規,74TD503230000000
水産,5907,エ　海事関係法規,74TD503240000000
水産,5908,(3) 通信英語,74TD503300000000
水産,5909,ア　無線通信に使用される英語,74TD503310000000
水産,5910,イ　重要通信の通信文例,74TD503320000000
水産,5911,(4) 通信交通地理,74TD503400000000
水産,5912,ア　日本の通信交通地理,74TD503410000000
水産,5913,イ　世界の通信交通地理,74TD503420000000
水産,5914,(5) 通信の実技,74TD503500000000
水産,5915,ア　送受信の実技,74TD503510000000
水産,5916,イ　通信運用,74TD503520000000
水産,5917,３　内容の取扱い,74TD505000000000
水産,5918,(1) 内容の構成及びその取扱いに当たっては，次の事項に配慮するものとする。,74TD505100000000
水産,5919,ア　指導に当たっては，実験・実習を通して，船内における有線通信技術と通信業務について具体的に理解させること。,74TD505110000000
水産,5920,イ　内容の(2)のアからエまでについては，生徒の実態や学科の特色に応じて，選択して扱うことができること。,74TD505120000000
水産,5921,ウ　内容の(3)から(5)までについては，生徒の実態や学科の特色に応じて選択して扱うことができること。,74TD505130000000
水産,5922,(2) 内容の範囲や程度については，次の事項に配慮するものとする。,74TD505200000000
水産,5923,ア　内容の(1)については，端末設備やネットワークの伝送技術，種類，構造などの基礎的な内容を中心に扱うこと。オについては，各種ケーブルの製作や保守方法などについても扱うこと。,74TD505210000000
水産,5924,イ　内容の(3)のイについては，遭難通信，緊急通信，安全通信などの通信文例を扱うこと。,74TD505220000000
水産,5925,ウ　内容の(4)のアについては，海上用無線航行陸上局の配置や漁港などの所在地について扱うこと。イについては，海岸地球局の配置や日本の漁船の主要寄港地などについて扱うこと。,74TD505230000000
水産,5926,エ　内容の(5)のアについては，モールス符号による和文・欧文の受信と手送りによる送信などについて扱うこと。,74TD505240000000
水産,5927,第14　資源増殖,74TE500000000000
水産,5928,"１　目　標
　水産増養殖に関する知識と技術を習得させ，安全な水産物の資源増殖と生産性の向上に活用する能力と態度を育てる。",74TE502000000000
水産,5929,２　内　容,74TE503000000000
水産,5930,(1) 資源増殖の概要,74TE503100000000
水産,5931,ア　増養殖技術の変遷,74TE503110000000
水産,5932,イ　増養殖技術,74TE503120000000
水産,5933,ウ　種苗生産,74TE503130000000
水産,5934,(2) 飼料・餌《じ》料,74TE503200000000
水産,5935,ア　養魚飼料の現状と特徴,74TE503210000000
水産,5936,イ　魚介類の摂餌《じ》，消化，吸収，栄養要求,74TE503220000000
水産,5937,ウ　初期餌《じ》料,74TE503230000000
水産,5938,エ　飼料原料と配合飼料,74TE503240000000
水産,5939,(3) 病気と病害対策,74TE503300000000
水産,5940,ア　病気の種類と流行,74TE503310000000
水産,5941,イ　病気の診断と対策,74TE503320000000
水産,5942,(4) 生産物の安全管理と環境対策,74TE503400000000
水産,5943,(5) 水産育種とバイオテクノロジー,74TE503500000000
水産,5944,(6) 主な増養殖技術,74TE503600000000
水産,5945,ア　海洋動物,74TE503610000000
水産,5946,イ　海洋植物,74TE503620000000
水産,5947,(7) 経営と流通,74TE503700000000
水産,5948,３　内容の取扱い,74TE505000000000
水産,5949,(1) 内容の構成及びその取扱いに当たっては，次の事項に配慮するものとする。,74TE505100000000
水産,5950,ア　指導に当たっては，産業現場の見学や実験・実習を通して，水産増養殖による生産性の向上と環境保全の重要性について具体的に理解させること。,74TE505110000000
水産,5951,イ　内容の(3)から(6)までについては，地域の実態や学科の特色に応じて，選択して扱うことができること。,74TE505120000000
水産,5952,ウ　内容の(6)については，地域の実態や学科の特色に応じて，適切な増養殖対象種を選定すること。,74TE505130000000
水産,5953,(2) 内容の範囲や程度については，次の事項に配慮するものとする。,74TE505200000000
水産,5954,ア　内容の(1)については，水産資源の維持や増大に果たしている資源増殖の意義，変遷，現状及び今後の展望を扱うこと。イについては，主な増養殖技術について基礎的な内容を扱うこと。,74TE505210000000
水産,5955,イ　内容の(2)については，一般的に使用されている飼料を扱うこと。また，初期餌《じ》料については，その培養技術も扱うこと。,74TE505220000000
水産,5956,ウ　内容の(3)については，病気の種類やその対策などについて基礎的な内容を扱うこと。病害対策については，持続的養殖生産確保法などの関係法規も扱うこと。,74TE505230000000
水産,5957,エ　内容の(4)については，食品トレーサビリティシステムなど安全管理に関する知識と技術や環境汚染の防止に関する対策について扱うこと。,74TE505240000000
水産,5958,オ　内容の(5)については，育種やバイオテクノロジーの概要，種類や技術について基礎的な内容を扱うこと。,74TE505250000000
水産,5959,カ　内容の(7)については，養殖業の経営の特性について，漁業協同組合と金融，共済制度などと関連させて基礎的な内容を扱うこと。また，簿記の基礎的な内容と経営や流通の合理化について触れること。,74TE505260000000
水産,5960,第15　海洋生物,74TF500000000000
水産,5961,"１　目　標
　海洋生物に関する基礎的な知識と実験・観察の技法を習得させ，水産資源の管理や有効利用に活用する能力と態度を育てる。",74TF502000000000
水産,5962,２　内　容,74TF503000000000
水産,5963,(1) 海洋動物,74TF503100000000
水産,5964,ア　海洋動物の生活,74TF503110000000
水産,5965,イ　主な海洋動物,74TF503120000000
水産,5966,(2) 海洋植物,74TF503200000000
水産,5967,ア　海洋植物の生活,74TF503210000000
水産,5968,イ　主な海洋植物,74TF503220000000
水産,5969,(3) プランクトン,74TF503300000000
水産,5970,(4) 未利用資源,74TF503400000000
水産,5971,(5) 水産資源管理,74TF503500000000
水産,5972,ア　水産資源の特徴,74TF503510000000
水産,5973,イ　資源量の推定,74TF503520000000
水産,5974,ウ　資源管理の方法,74TF503530000000
水産,5975,(6) 海洋生物実験,74TF503600000000
水産,5976,ア　海洋動物実験,74TF503610000000
水産,5977,イ　海洋植物実験,74TF503620000000
水産,5978,ウ　プランクトン実験,74TF503630000000
水産,5979,３　内容の取扱い,74TF505000000000
水産,5980,(1) 内容の構成及びその取扱いに当たっては，次の事項に配慮するものとする。,74TF505100000000
水産,5981,ア　指導に当たっては，飼育，観察，調査等の実験・実習を通して，水産資源の管理や有効な活用について具体的に理解させること。,74TF505110000000
水産,5982,イ 内容の(1)及び(2)については，地域の実態や学科の特色に応じて，いずれかを重点的に扱うことができること。,74TF505120000000
水産,5983,(2) 内容の範囲や程度については，次の事項に配慮するものとする。,74TF505200000000
水産,5984,ア　内容の(1)のアについては，海洋動物の生活と環境とのかかわり及び生態系，水産資源等の中で海洋動物の果たす役割を扱うこと。,74TF505210000000
水産,5985,イ　内容の(2)のアについては，海洋植物の生活と環境とのかかわり及び生態系，水産資源等の中で海洋植物の果たす役割を扱うこと。,74TF505220000000
水産,5986,ウ　内容の(3)については，海洋や湖沼等の生物生産にかかわりの深いプランクトンの種類と生態を扱うこと。,74TF505230000000
水産,5987,エ　内容の(4)については，深海生物やバイオマスなどについても触れること。,74TF505240000000
水産,5988,オ　内容の(5)については，水産資源の持続的有効利用，漁獲可能量制度などについても触れること。,74TF505250000000
水産,5989,カ　内容の(6)のアについては，基礎的な解剖，発生の観察，外部形態と計測，野外観察，標本作製などを扱うこと。イについては，野外観察と採集，標本作製，色素の検出などを扱うこと。ウについては，採集方法，計測方法などを扱うこと。,74TF505260000000
水産,5990,第16　海洋環境,74TG500000000000
水産,5991,"１　目　標
　海洋や陸水の環境に関する基礎的な知識と技術を習得させ，水産業や海洋関連産業における環境保全に活用する能力と態度を育てる。",74TG502000000000
水産,5992,２　内　容,74TG503000000000
水産,5993,(1) 海洋環境管理,74TG503100000000
水産,5994,ア　海洋環境管理の概要,74TG503110000000
水産,5995,イ　海洋環境の保全,74TG503120000000
水産,5996,ウ　陸水環境の保全,74TG503130000000
水産,5997,エ　海洋環境関係法規,74TG503140000000
水産,5998,(2) 水産・海洋関連産業と環境保全,74TG503200000000
水産,5999,ア　漁業・船舶と環境保全,74TG503210000000
水産,6000,イ　資源増殖と環境保全,74TG503220000000
水産,6001,ウ　海洋性レクリエーションと環境保全,74TG503230000000
水産,6002,(3) 漁場環境と調査,74TG503300000000
水産,6003,ア　漁場環境の特性,74TG503310000000
水産,6004,イ　漁場の調査,74TG503320000000
水産,6005,(4) 海洋工事と環境保全,74TG503400000000
水産,6006,ア　漁場造成技術,74TG503410000000
水産,6007,イ　ウォーターフロント開発,74TG503420000000
水産,6008,ウ　環境改善技術,74TG503430000000
水産,6009,３　内容の取扱い,74TG505000000000
水産,6010,(1) 内容の構成及びその取扱いに当たっては，次の事項に配慮するものとする。,74TG505100000000
水産,6011,ア　指導に当たっては，実験・実習を通して，海洋環境の保全の重要性を具体的に理解させること。,74TG505110000000
水産,6012,イ　内容の(4)のアからウまでについては，地域の実態や学科の特色に応じて，選択して扱うことができること。,74TG505120000000
水産,6013,(2) 内容の範囲や程度については，次の事項に配慮するものとする。,74TG505200000000
水産,6014,ア　内容の(1)のアについては，海洋や河川，湖沼等の陸水の環境管理の意義と沿革及び現状と今後の展望を扱うこと。イについては，オゾン層の破壊など地球環境の変化と海洋環境とのかかわり及び排水，油汚染などの環境要因の基礎的な内容を扱うこと。ウについては，陸水の環境要因の基礎的な内容を扱うこと。エについては，海洋環境に関する法規や国際条約の目的と概要及び環境アセスメントの意義や役割について基礎的な内容を扱うこと。,74TG505210000000
水産,6015,イ　内容の(2)のアについては，漁業に伴う廃棄漁具，船舶運航による排出ガスやバラスト水などと環境とのかかわりを扱うこと。イについては，増養殖場における環境要因，海洋生物の生育に適する水質や自然条件などの環境づくりについて基礎的な内容を扱うこと。,74TG505220000000
水産,6016,ウ　内容の(3)のアについては，内水面，浅海及び増養殖場の環境特性を扱うこと。イについては，気象観測や水質，底質及び生物調査について基本的な観測及び調査方法を扱うこと。,74TG505230000000
水産,6017,エ　内容の(4)のアについては，人工漁場の造成技術など基礎的な内容を扱うこと。イについては，沿岸域の基本的な環境調査及び保全技術並びに海岸環境の保全と整備を扱うこと。ウについては，海洋生物の繁殖や成長に必要な環境を造成するための基本的な技術などについて扱うこと。,74TG505240000000
水産,6018,第17　小型船舶,74TH500000000000
水産,6019,"１　目　標
　小型船舶の操縦に関する知識と技術を習得させ，安全かつ適切な操船を行う能力と態度を育てる。",74TH502000000000
水産,6020,２　内　容,74TH503000000000
水産,6021,(1) 小型船舶操縦者の心得及び遵守事項,74TH503100000000
水産,6022,ア　水上交通の特性,74TH503110000000
水産,6023,イ　船長の心得,74TH503120000000
水産,6024,ウ　船長の遵守事項,74TH503130000000
水産,6025,(2) 交通の方法,74TH503200000000
水産,6026,ア　一般水域での交通の方法,74TH503210000000
水産,6027,イ　港内での交通の方法,74TH503220000000
水産,6028,ウ　特定海域での交通の方法,74TH503230000000
水産,6029,エ　湖川・特定水域での交通の方法,74TH503240000000
水産,6030,(3) 運航,74TH503300000000
水産,6031,ア　船体，設備及び装備品,74TH503310000000
水産,6032,イ　機関の取扱い,74TH503320000000
水産,6033,ウ　操縦,74TH503330000000
水産,6034,エ　航海の基礎,74TH503340000000
水産,6035,オ　気象・海象,74TH503350000000
水産,6036,カ　航海計画,74TH503360000000
水産,6037,キ　荒天航法と海難防止,74TH503370000000
水産,6038,(4) 機関,74TH503400000000
水産,6039,ア　機関の保守整備,74TH503410000000
水産,6040,イ　機関故障時の対処,74TH503420000000
水産,6041,(5) 小型船舶の取扱い,74TH503500000000
水産,6042,ア　発航前の準備及び点検,74TH503510000000
水産,6043,イ　解らん・係留,74TH503520000000
水産,6044,ウ　結索,74TH503530000000
水産,6045,エ　方位測定,74TH503540000000
水産,6046,(6) 小型船舶の操縦,74TH503600000000
水産,6047,ア　基本操縦,74TH503610000000
水産,6048,イ　応用操縦,74TH503620000000
水産,6049,３　内容の取扱い,74TH505000000000
水産,6050,(1) 内容の構成及びその取扱いに当たっては，次の事項に配慮するものとする。,74TH505100000000
水産,6051,ア　指導に当たっては，実験・実習を通して，小型船舶の安全な運航について具体的に理解させること。,74TH505110000000
水産,6052,イ　指導に当たっては，安全管理や事故防止について指導の徹底を図ること。,74TH505120000000
水産,6053,(2) 内容の範囲や程度については，次の事項に配慮するものとする。,74TH505200000000
水産,6054,ア　内容の(1)については，小型船舶操縦者に必要な船員及び船舶と安全に関する法規の基本的な内容についても扱うこと。,74TH505210000000
水産,6055,イ　内容の(2)のアについては，海上衝突予防法及び関係法規について扱うこと。イについては，港則法及び関係法規について扱うこと。ウについては，海上交通安全法及び関係法規について扱うこと。,74TH505220000000
水産,6056,ウ　内容の(6)のアについては，安全確認や発進及び停止などを扱うこと。イについては，人命救助や避航操船などを扱うこと。,74TH505230000000
水産,6057,第18　食品製造,74TI500000000000
水産,6058,"１　目　標
　水産食品を主とした食品の製造に関する知識と技術を習得させ，安全な食品の製造と品質の向上に活用する能力と態度を育てる。",74TI502000000000
水産,6059,２　内　容,74TI503000000000
水産,6060,(1) 食品製造の概要,74TI503100000000
水産,6061,ア　食品製造の意義と食育,74TI503110000000
水産,6062,イ　水産食品の現状と将来,74TI503120000000
水産,6063,(2) 食品の貯蔵及び加工,74TI503200000000
水産,6064,ア　食品の貯蔵と加工の原理,74TI503210000000
水産,6065,イ　食品の貯蔵法,74TI503220000000
水産,6066,(3) 水産食品の製造,74TI503300000000
水産,6067,ア　簡易加工食品の製造,74TI503310000000
水産,6068,イ　高度加工食品の製造,74TI503320000000
水産,6069,ウ　機能性食品,74TI503330000000
水産,6070,(4) 食品製造関連機器,74TI503400000000
水産,6071,ア　食品製造機器の概要,74TI503410000000
水産,6072,イ　水産食品製造機器,74TI503420000000
水産,6073,ウ　ボイラ，冷凍装置,74TI503430000000
水産,6074,(5) 排水及び廃棄物の処理 ,74TI503500000000
水産,6075,ア　環境汚染防止と水質保全,74TI503510000000
水産,6076,イ　廃棄物処理と悪臭・騒音対策,74TI503520000000
水産,6077,(6) 経営と生産管理,74TI503600000000
水産,6078,ア　経営,74TI503610000000
水産,6079,イ　生産管理,74TI503620000000
水産,6080,３　内容の取扱い,74TI505000000000
水産,6081,(1) 内容の構成及びその取扱いに当たっては，次の事項に配慮するものとする。,74TI505100000000
水産,6082,ア　指導に当たっては，産業現場の見学や実験・実習を通して，生産から消費までの食料供給の仕組みを理解させるとともに，安全で高品質な食品を製造することの重要性を具体的に理解させること。,74TI505110000000
水産,6083,イ　内容の(3)及び(4)については，安全指導の徹底を図るとともに，食品衛生上の危害の発生を防止すること。,74TI505120000000
水産,6084,ウ　内容の(4)については，生徒の実態や学科の特色に応じて，選択して扱うことができること。,74TI505130000000
水産,6085,(2) 内容の範囲や程度については，次の事項に配慮するものとする。,74TI505200000000
水産,6086,ア　内容の(1)については，国民生活に果たしている水産食品製造の意義や役割，食品製造に従事する者の使命と責任などを扱うとともに，食育の意義についても扱うこと。,74TI505210000000
水産,6087,イ　内容の(2)のアについては，食品の貯蔵と加工の基本的な原理を扱うこと。イについては低温，脱水，密封加熱などの代表的な貯蔵法を扱うこと。,74TI505220000000
水産,6088,ウ　内容の(3)のアについては，主として冷蔵品・冷凍品，乾製品，塩蔵品などを扱うこと。イについては，主として缶詰，レトルト製品，魚肉ねり製品などを扱うこと。ウについては，水産物などに含まれる有効成分を利用した機能性食品を扱うこと。,74TI505230000000
水産,6089,エ　内容の(5)のアについては，食品製造に起因する環境汚染の発生要因とその対策及び処理方法の基礎的な内容を扱うこと。イについては，食品製造で生じる排水・廃棄物処理方法と悪臭・騒音対策などについて基礎的な内容を扱うこと。,74TI505240000000
水産,6090,オ　内容の(6)のアについては，経営管理と組織を扱うこと。また，簿記の基礎的な内容に触れること。イについては，工程管理や製造管理の概要を扱うこと。,74TI505250000000
水産,6091,第19　食品管理,74TJ500000000000
水産,6092,"１　目　標
　水産食品を主とした食品の品質管理と安全管理に関する基礎的な知識と技術を習得させ，食品を安全かつ適切に管理する能力と態度を育てる。",74TJ502000000000
水産,6093,２　内　容,74TJ503000000000
水産,6094,(1) 食品管理の概要,74TJ503100000000
水産,6095,(2) 食品の成分変化,74TJ503200000000
水産,6096,ア　食品の成分と栄養,74TJ503210000000
水産,6097,イ　食品の品質変化,74TJ503220000000
水産,6098,(3) 食品と微生物,74TJ503300000000
水産,6099,ア　食品と微生物,74TJ503310000000
水産,6100,イ　食品による危害,74TJ503320000000
水産,6101,(4) 食品管理実験,74TJ503400000000
水産,6102,ア　実験の基礎,74TJ503410000000
水産,6103,イ　化学分析,74TJ503420000000
水産,6104,ウ　食品の成分分析,74TJ503430000000
水産,6105,エ　微生物試験,74TJ503440000000
水産,6106,(5) 食品の安全管理,74TJ503500000000
水産,6107,ア　工場の衛生と品質管理,74TJ503510000000
水産,6108,イ　安全管理システム,74TJ503520000000
水産,6109,ウ　食品添加物,74TJ503530000000
水産,6110,(6) 食品管理関係法規,74TJ503600000000
水産,6111,３　内容の取扱い,74TJ505000000000
水産,6112,(1) 内容の構成及びその取扱いに当たっては，次の事項に配慮するものとする。,74TJ505100000000
水産,6113,ア　指導に当たっては，産業現場の見学や実験・実習を通して，品質管理と安全管理の重要性を具体的に理解させること。,74TJ505110000000
水産,6114,イ　内容の(4)のアからエまでについては，生徒の実態や学科の特色に応じて，選択して扱うことができること。,74TJ505120000000
水産,6115,(2) 内容の範囲や程度については，次の事項に配慮するものとする。,74TJ505200000000
水産,6116,ア　内容の(1)については，食品の品質管理と安全管理の意義や役割について扱うこと。,74TJ505210000000
水産,6117,イ　内容の(2)のアについては，身近な水産食品を取り上げ，その成分と化学的な性質及び栄養について，農産物と比較して扱うこと。イについては，貯蔵，加工及び流通の過程における変化について扱うこと。,74TJ505220000000
水産,6118,ウ　内容の(3)のアについては，食品製造に用いられる微生物，腐敗や食中毒の原因となる微生物及び食品開発にかかわる微生物の性質や働きを扱うこと。イについては，食品に起因する危害の発生原因や予防に関する基礎的な内容を扱うこと。,74TJ505230000000
水産,6119,エ　内容の(4)については，有機酸や一般成分の定量分析法及び食品の衛生状態を示す生菌数や大腸菌群などの培養試験法について基礎的な内容を扱うこと。,74TJ505240000000
水産,6120,オ　内容の(5)のイについては，危害分析重要管理点手法などの国際的な品質管理の方法や食品トレーサビリティシステムの概要を扱うこと。,74TJ505250000000
水産,6121,カ　内容の(6)については，安全な食品を供給するために必要な食品の衛生，品質管理及び製造責任に関する基本的な法規や制度，法令遵守について扱うこと。,74TJ505260000000
水産,6122,第20　水産流通,74TK500000000000
水産,6123,"１　目　標
　水産物の流通に関する知識と技術を習得させ，安全かつ合理的な水産物の流通を行う能力と態度を育てる。",74TK502000000000
水産,6124,２　内　容,74TK503000000000
水産,6125,(1) 水産物流通の概要,74TK503100000000
水産,6126,(2) 水産物の流通,74TK503200000000
水産,6127,ア　鮮魚の流通,74TK503210000000
水産,6128,イ　活魚の流通,74TK503220000000
水産,6129,ウ　水産加工品の流通,74TK503230000000
水産,6130,エ　輸出入水産物の流通,74TK503240000000
水産,6131,(3) 水産物流通の技術と管理,74TK503300000000
水産,6132,ア　輸送保管技術と品質管理,74TK503310000000
水産,6133,イ　水産物流通の衛生管理,74TK503320000000
水産,6134,ウ　包装技術,74TK503330000000
水産,6135,エ　情報技術の利用,74TK503340000000
水産,6136,(4) 水産物の流通機構,74TK503400000000
水産,6137,ア　卸売業,74TK503410000000
水産,6138,イ　小売業,74TK503420000000
水産,6139,ウ　輸出入業,74TK503430000000
水産,6140,(5) 水産物のマーケティング,74TK503500000000
水産,6141,ア　市場調査と商品開発,74TK503510000000
水産,6142,イ　水産物の販売促進,74TK503520000000
水産,6143,(6) 水産物流通関係法規,74TK503600000000
水産,6144,３　内容の取扱い,74TK505000000000
水産,6145,(1) 内容の構成及びその取扱いに当たっては，次の事項に配慮するものとする。,74TK505100000000
水産,6146,ア　指導に当たっては，産業現場の見学や調査を通して，水産物を中心とした食品の安全で安定的な流通の重要性について具体的に理解させること。,74TK505110000000
水産,6147,(2) 内容の範囲や程度については，次の事項に配慮するものとする。,74TK505200000000
水産,6148,ア　内容の(1)については，水産物流通の意義と沿革及び展望の概要を扱うこと。,74TK505210000000
水産,6149,イ　内容の(2)については，各種水産物の特性を踏まえた流通経路や価格形成の仕組みを扱うこと。エについては，国際的な水産物貿易の現状を扱うこと。,74TK505220000000
水産,6150,ウ　内容の(3)のイについては，国際的な衛生基準などを踏まえた水産食品の品質管理について触れること。エについては，基本的な物流情報システム，販売時点情報管理システムなどを扱うこと。,74TK505230000000
水産,6151,エ　内容の(4)については，各流通段階の役割と機能について扱うこと。ウについては貿易実務の基礎的な内容を扱うこと。,74TK505240000000
水産,6152,オ　内容の(6)については，水産物流通に関する基本的な法規や制度の目的と概要を扱うこと。,74TK505250000000
水産,6153,第21　ダイビング,74TL500000000000
水産,6154,"１　目　標
　ダイビングの安全な実施に関する知識と技術を習得させ，水産や海洋の各分野に活用する能力と態度を育てる。",74TL502000000000
水産,6155,２　内　容,74TL503000000000
水産,6156,(1) ダイビングの概要,74TL503100000000
水産,6157,(2) ダイビングの環境,74TL503200000000
水産,6158,ア　圧力・温度,74TL503210000000
水産,6159,イ　浮力,74TL503220000000
水産,6160,ウ　気体の性質,74TL503230000000
水産,6161,エ　水中での視覚・聴覚,74TL503240000000
水産,6162,オ　海の流れ,74TL503250000000
水産,6163,カ　海洋生物,74TL503260000000
水産,6164,(3) ダイビングの生理,74TL503300000000
水産,6165,ア　ダイビングの人体に及ぼす影響,74TL503310000000
水産,6166,イ　ダイビングによる障害と対策,74TL503320000000
水産,6167,ウ　救急処置,74TL503330000000
水産,6168,(4) ダイビング機器,74TL503400000000
水産,6169,ア　スクーバ式,74TL503410000000
水産,6170,イ　ヘルメット式,74TL503420000000
水産,6171,ウ　フーカー式,74TL503430000000
水産,6172,エ　その他の機器,74TL503440000000
水産,6173,(5) ダイビング技術,74TL503500000000
水産,6174,ア　送気法,74TL503510000000
水産,6175,イ　潜降法,74TL503520000000
水産,6176,ウ　浮上法,74TL503530000000
水産,6177,エ　レクリエーションダイビング,74TL503540000000
水産,6178,オ　水中調査及び水中作業,74TL503550000000
水産,6179,(6) ダイビング関係法規,74TL503600000000
水産,6180,３　内容の取扱い,74TL505000000000
水産,6181,(1) 内容の構成及びその取扱いに当たっては，次の事項に配慮するものとする。,74TL505100000000
水産,6182,ア　指導に当たっては，安全指導や安全管理を行い，水中や沿岸等の環境保全などに十分配慮するとともに，実験・実習を通して，ダイビングの安全な実施について具体的に理解させること。,74TL505110000000
水産,6183,(2) 内容の範囲や程度については，次の事項に配慮するものとする。,74TL505200000000
水産,6184,ア　内容の(1)については，水産業や海洋関連産業などにおけるダイビングの意義と沿革及び業としてのダイビングの現状と今後の展望を扱うこと。,74TL505210000000
水産,6185,イ　内容の(2)については，ダイビングに関する物理的現象などの環境について基礎的な内容を扱うこと。,74TL505220000000
水産,6186,ウ　内容の(3)については，ダイビングにより人体に受ける水圧や圧縮空気の影響を扱い，その障害と対策について基本的な内容を扱うこと。,74TL505230000000
水産,6187,エ　内容の(4)については，主要なダイビング機器の構造及び使用法を扱うこと。,74TL505240000000
水産,6188,オ　内容の(5)のオについては，基本的な水中での調査や作業に関する内容を扱うこと。,74TL505250000000
水産,6189,カ　内容の(6)については，ダイビングに関連する労働安全衛生や高気圧作業安全衛生に関する基本的な法規の目的と概要を扱うこと。,74TL505260000000
水産,6190,第22　マリンスポーツ,74TM500000000000
水産,6191,"１　目　標
　マリンスポーツに関する基礎的・基本的な知識と技術を習得させ，海洋などでの諸活動を円滑かつ安全に行うための能力と態度を育てる。",74TM502000000000
水産,6192,２　内　容,74TM503000000000
水産,6193,(1) 海の活用,74TM503100000000
水産,6194,ア　自然環境,74TM503110000000
水産,6195,イ　ルールとマナー,74TM503120000000
水産,6196,(2) フィッシング,74TM503200000000
水産,6197,ア　海釣り,74TM503210000000
水産,6198,イ　川釣り,74TM503220000000
水産,6199,(3) レジャーダイビング,74TM503300000000
水産,6200,ア　スノーケリング,74TM503310000000
水産,6201,イ　スキンダイビング,74TM503320000000
水産,6202,ウ　スクーバダイビング,74TM503330000000
水産,6203,(4) 海洋レジャー,74TM503400000000
水産,6204,ア　海上でのルールと自然現象,74TM503410000000
水産,6205,イ　セーリング,74TM503420000000
水産,6206,ウ　カヌー・カヤック,74TM503430000000
水産,6207,エ　その他のマリンスポーツ,74TM503440000000
水産,6208,(5) 海における安全確保,74TM503500000000
水産,6209,ア　海と安全,74TM503510000000
水産,6210,イ　救急・救命,74TM503520000000
水産,6211,３　内容の取扱い,74TM505000000000
水産,6212,(1) 内容の構成及びその取扱いに当たっては，次の事項に配慮するものとする。,74TM505100000000
水産,6213,ア　指導に当たっては，安全指導や安全管理，水中や沿岸等の環境保全などに十分配慮するとともに，実験・実習を通して，マリンスポーツの安全で効果的な実施について具体的に理解させること。,74TM505110000000
水産,6214,(2) 内容の範囲や程度については，次の事項に配慮するものとする。,74TM505200000000
水産,6215,ア　内容の(1)については，環境の保全と安全確保を重視した海洋などの有効な活用について扱うこと。,74TM505210000000
水産,6216,イ　内容の(2)については，海洋や河川で活動する場合の基本的なルールやマナー及び基本的なフィッシング技術に関する内容を扱うこと。,74TM505220000000
水産,6217,ウ　内容の(3)については，基本的なダイビングに関する知識や技術について扱うこと。,74TM505230000000
水産,6218,エ　内容の(4)のアについては，海洋気象及び基本的なルールやマナーについて扱うこと。,74TM505240000000
水産,6219,オ　内容の(5)については，安全確保に留意し，事故を未然に防ぐ方法や事故が発生した場合の対処法について扱うこと。,74TM505250000000
水産,6220,第３款　各科目にわたる指導計画の作成と内容の取扱い,74T0300000000000
水産,6221,１　指導計画の作成に当たっては，次の事項に配慮するものとする。,74T0300100000000
水産,6222,(1) 水産に関する各学科においては，「水産海洋基礎」及び「課題研究」を原則としてすべての生徒に履修させること。,74T0300110000000
水産,6223,(2) 水産に関する各学科においては，原則として水産に関する科目に配当する総授業時数の10分の５以上を実験・実習に配当すること。また，実験・実習に当たっては，ホームプロジェクトを取り入れることもできること。,74T0300120000000
水産,6224,(3) 地域や産業界との連携・交流を通じた実践的な学習活動や就業体験を積極的に取り入れるとともに，社会人講師を積極的に活用するなどの工夫に努めること。,74T0300130000000
水産,6225,２　各科目の指導に当たっては，コンピュータや情報通信ネットワークなどの活用を図り，学習の効果を高めるよう配慮するものとする。,74T0300200000000
水産,6226,３　実験・実習を行うに当たっては，関連する法規等に従い，施設・設備や薬品等の安全管理に配慮し，学習環境を整えるとともに，事故防止や環境保全の指導を徹底し，安全と衛生に十分留意するものとする。,74T0300300000000
水産,6227,４　漁業乗船実習，機関乗船実習，体験乗船実習等を行う際には，綿密な計画を立て，所属の実習船により安全で効果的な実習が行われるよう留意するものとする。,74T0300400000000
家庭（専門）,6228,第５節　家　　　庭,74U0000000000000
家庭（専門）,6229,"第１款　目　標
　家庭の生活にかかわる産業に関する基礎的・基本的な知識と技術を習得させ，生活産業の社会的な意義や役割を理解させるとともに，生活産業を取り巻く諸課題を主体的，合理的に，かつ倫理観をもって解決し，生活の質の向上と社会の発展を図る創造的な能力と実践的な態度を育てる。",74U0100000000000
家庭（専門）,6230,第２款　各　科　目,74U0500000000000
家庭（専門）,6231,第１　生活産業基礎,74U1500000000000
家庭（専門）,6232,"１　目　標
　衣食住，ヒューマンサービスなどに関する生活産業や関連する職業への関心を高め，必要な知識と技術を進んで習得し活用する意欲と態度を育てる。",74U1502000000000
家庭（専門）,6233,２　内　容,74U1503000000000
家庭（専門）,6234,(1) 生活の変化と生活産業,74U1503100000000
家庭（専門）,6235,ア　産業構造の変化,74U1503110000000
家庭（専門）,6236,イ　社会の変化と価値観の多様化,74U1503120000000
家庭（専門）,6237,ウ　生活産業の発展,74U1503130000000
家庭（専門）,6238,(2) 生活の変化に対応した商品・サービスの提供,74U1503200000000
家庭（専門）,6239,ア　消費者ニーズの把握,74U1503210000000
家庭（専門）,6240,イ　商品・サービスの開発及び販売・提供,74U1503220000000
家庭（専門）,6241,ウ　関連法規,74U1503230000000
家庭（専門）,6242,(3) 生活産業と職業,74U1503300000000
家庭（専門）,6243,ア　食生活関連分野,74U1503310000000
家庭（専門）,6244,イ　衣生活関連分野,74U1503320000000
家庭（専門）,6245,ウ　住生活関連分野,74U1503330000000
家庭（専門）,6246,エ　ヒューマンサービス関連分野,74U1503340000000
家庭（専門）,6247,(4) 職業生活と自己実現,74U1503400000000
家庭（専門）,6248,３　内容の取扱い,74U1505000000000
家庭（専門）,6249,(1) 内容の構成及びその取扱いに当たっては，次の事項に配慮するものとする。,74U1505100000000
家庭（専門）,6250,ア　内容の(3)のアからエについては，生徒の実態や学科の特色に応じて，選択して扱うことができること。,74U1505110000000
家庭（専門）,6251,(2) 内容の範囲や程度については，次の事項に配慮するものとする。,74U1505200000000
家庭（専門）,6252,ア　内容の(1)のアについては，サービス産業の発展などを扱うこと。イについては，経済の発展に伴う就労形態や価値観，ライフスタイルが多様化している状況を扱うこと。ウについては，社会の変化に伴う生活に関する価値観の多様化や消費者の多様なニーズにこたえるために生活産業が発展している状況を扱うこと。,74U1505210000000
家庭（専門）,6253,イ　内容の(2)のアについては，消費者の多様なニーズをとらえる調査方法や結果を商品開発等に活用する方法などを扱うこと。イについては，身近で具体的な事例を取り上げ，商品・サービスの企画，開発から生産，販売・提供に結び付けていく仕組みを扱うこと。ウについては，商品やサービスの販売・提供に関係する法規を扱うこと。,74U1505220000000
家庭（専門）,6254,ウ　内容の(3)については，生活産業の各分野を取り上げ，産業の種類や特徴及び関連する職業について，具体的な事例を通して扱うこと。,74U1505230000000
家庭（専門）,6255,エ　内容の(4)については，生活産業にかかわる職業人に求められる資質・能力と役割や責任，職業資格を専門科目の学習と関連付けて扱うこと。,74U1505240000000
家庭（専門）,6256,第２　課題研究,74U2500000000000
家庭（専門）,6257,"１　目　標
　生活産業の各分野に関する課題を設定し，その課題の解決を図る学習を通して，専門的な知識と技術の深化，総合化を図るとともに，問題解決の能力や自発的，創造的な学習態度を育てる。",74U2502000000000
家庭（専門）,6258,２　内　容,74U2503000000000
家庭（専門）,6259,(1) 調査，研究，実験,74U2503100000000
家庭（専門）,6260,(2) 作品製作,74U2503200000000
家庭（専門）,6261,(3) 産業現場等における実習,74U2503300000000
家庭（専門）,6262,(4) 職業資格の取得,74U2503400000000
家庭（専門）,6263,(5) 学校家庭クラブ活動,74U2503500000000
家庭（専門）,6264,３　内容の取扱い,74U2505000000000
家庭（専門）,6265,(1) 内容の構成及びその取扱いに当たっては，次の事項に配慮するものとする。,74U2505100000000
家庭（専門）,6266,ア　生徒の興味・関心，進路希望等に応じて，内容の(1)から(5)までの中から個人又はグループで適切な課題を設定させること。なお，課題は内容の(1)から(5)までの２項目以上にまたがる課題を設定することができること。,74U2505110000000
家庭（専門）,6267,イ　課題研究の成果について発表する機会を設けるようにすること。,74U2505120000000
家庭（専門）,6268,第３　生活産業情報,74U3500000000000
家庭（専門）,6269,"１　目　標
　生活産業における情報の意義や役割を理解させ，情報の処理に関する知識と技術を習得させるとともに，生活産業の各分野で情報及び情報手段を主体的に活用する能力と態度を育てる。",74U3502000000000
家庭（専門）,6270,２　内　容,74U3503000000000
家庭（専門）,6271,(1) 情報化の進展と生活産業,74U3503100000000
家庭（専門）,6272,ア　情報化の進展と社会,74U3503110000000
家庭（専門）,6273,イ　生活産業における情報化の進展,74U3503120000000
家庭（専門）,6274,(2) 情報モラルとセキュリティ,74U3503200000000
家庭（専門）,6275,ア　情報モラル,74U3503210000000
家庭（専門）,6276,イ　情報のセキュリティ管理,74U3503220000000
家庭（専門）,6277,(3) 情報機器と情報通信ネットワーク,74U3503300000000
家庭（専門）,6278,ア　情報機器の仕組み,74U3503310000000
家庭（専門）,6279,イ　情報通信ネットワークの仕組み,74U3503320000000
家庭（専門）,6280,(4) 生活産業における情報及び情報手段の活用,74U3503400000000
家庭（専門）,6281,ア　情報の収集，処理，分析，発信,74U3503410000000
家庭（専門）,6282,イ　生活産業における情報及び情報活用の意義と実際,74U3503420000000
家庭（専門）,6283,３　内容の取扱い,74U3505000000000
家庭（専門）,6284,(1) 内容の構成及びその取扱いに当たっては，次の事項に配慮するものとする。,74U3505100000000
家庭（専門）,6285,ア　内容の(3)及び(4)については，実際に情報機器や情報通信ネットワークを活用できるよう実習を中心として扱うこと。,74U3505110000000
家庭（専門）,6286,(2) 内容の範囲や程度については，次の事項に配慮するものとする。,74U3505200000000
家庭（専門）,6287,ア　内容の(1)のアについては，情報化の進展に伴う産業や生活の変化について扱うこと。イについては，生活産業における情報機器及び情報通信ネットワークの役割や利用状況について扱うこと。,74U3505210000000
家庭（専門）,6288,イ　内容の(2)については，個人のプライバシーや著作権など知的財産の保護，収集した情報の管理，発信する情報に対する責任などの情報モラル及び情報通信ネットワークシステムにおけるセキュリティ管理の重要性について扱うこと。,74U3505220000000
家庭（専門）,6289,ウ　内容(3)のアについては，情報機器の基本的な構成要素及びソフトウェアの役割と特徴について扱うこと。イについては，情報通信ネットワークの基本的な仕組みについて扱うこと。,74U3505230000000
家庭（専門）,6290,エ　内容の(4)のアについては，情報機器や情報通信ネットワークを利用した情報の収集，処理，分析，発信を扱うこと。イについては，生活産業に関連した具体的な事例を通して扱うこと。,74U3505240000000
家庭（専門）,6291,第４　消費生活,74U4500000000000
家庭（専門）,6292,"１　目　標
　経済社会の変化と消費生活，消費者の権利と責任，消費者と企業や行政とのかかわり及び連携の在り方などに関する知識と技術を習得させ，持続可能な社会の形成に寄与するとともに，消費者の支援に必要な能力と態度を育てる。",74U4502000000000
家庭（専門）,6293,２　内　容,74U4503000000000
家庭（専門）,6294,(1) 経済社会の変化と消費生活,74U4503100000000
家庭（専門）,6295,ア　国民経済と家庭生活,74U4503110000000
家庭（専門）,6296,イ　社会の変化と消費生活,74U4503120000000
家庭（専門）,6297,ウ　多様化する流通・販売方法と消費者,74U4503130000000
家庭（専門）,6298,エ　生活における経済の計画と管理,74U4503140000000
家庭（専門）,6299,(2) 消費者の権利と責任,74U4503200000000
家庭（専門）,6300,ア　消費者問題,74U4503210000000
家庭（専門）,6301,イ　消費者の権利と関係法規,74U4503220000000
家庭（専門）,6302,ウ　契約と消費生活,74U4503230000000
家庭（専門）,6303,エ　決済手段の多様化と消費者信用,74U4503240000000
家庭（専門）,6304,(3) 消費者と企業，行政,74U4503300000000
家庭（専門）,6305,ア　商品情報と消費者相談,74U4503310000000
家庭（専門）,6306,イ　消費者の自立支援と行政,74U4503320000000
家庭（専門）,6307,ウ　消費者教育,74U4503330000000
家庭（専門）,6308,(4) 持続可能な社会を目指したライフスタイル,74U4503400000000
家庭（専門）,6309,ア　消費生活と環境,74U4503410000000
家庭（専門）,6310,イ　持続可能な社会の形成と消費行動,74U4503420000000
家庭（専門）,6311,(5) 消費生活演習,74U4503500000000
家庭（専門）,6312,ア　商品研究,74U4503510000000
家庭（専門）,6313,イ　消費者支援研究,74U4503520000000
家庭（専門）,6314,３　内容の取扱い,74U4505000000000
家庭（専門）,6315,(1) 内容の構成及びその取扱いに当たっては，次の事項に配慮するものとする。,74U4505100000000
家庭（専門）,6316,ア　内容の(5)については，内容の(1)から(4)までと関連させて，ア又はイのいずれかを取り上げて，個人又はグループで適切な課題を設定させること。イについては，消費生活相談機関や企業の消費者相談などの具体的な事例を取り上げること。,74U4505110000000
家庭（専門）,6317,イ　消費生活関連機関等との連携を図って指導の充実を図るようにすること。,74U4505120000000
家庭（専門）,6318,(2) 内容の範囲や程度については，次の事項に配慮するものとする。,74U4505200000000
家庭（専門）,6319,ア　内容の(1)のイについては，経済社会の変化に伴い，発生する消費者問題が複雑化している現状を身近で具体的な事例を通して扱うこと。エについては，家族の生涯の経済設計や家計の収支，金融，社会保障などと関連付けて扱うこと。,74U4505210000000
家庭（専門）,6320,イ　内容の(2)のアについては，これまでの代表的な消費者問題を取り上げ，その背景及び問題点について扱うこと。イについては，消費者行政及び消費者に関する基本的な法規の目的と概要を扱うこと。また，エについては，消費者信用を扱い，多重債務や自己破産などの具体的な事例を通して，消費者が留意すべき事項を扱うこと。,74U4505220000000
家庭（専門）,6321,ウ　内容の(3)については，消費者の視点に立った商品情報の重要性及び情報提供の方法について扱うこと。また，企業の社会的責任についても触れるとともに，行政や企業の消費者相談機関について具体的な事例を通して扱うこと。,74U4505230000000
家庭（専門）,6322,エ　内容の(4)については，環境保全に配慮した持続可能な消費生活を考えさせるような活動を行うこと。,74U4505240000000
家庭（専門）,6323,第５　子どもの発達と保育,74U5500000000000
家庭（専門）,6324,"１　目　標
　子どもの発達の特性や発達過程，保育などに関する知識と技術を習得させ，子どもの発達や子育て支援に寄与する能力と態度を育てる。",74U5502000000000
家庭（専門）,6325,２　内　容,74U5503000000000
家庭（専門）,6326,(1) 子どもの発達の特性,74U5503100000000
家庭（専門）,6327,ア　生涯発達における乳幼児期の意義,74U5503110000000
家庭（専門）,6328,イ　発達と環境,74U5503120000000
家庭（専門）,6329,ウ　発達観・児童観の変遷,74U5503130000000
家庭（専門）,6330,(2) 子どもの発達過程,74U5503200000000
家庭（専門）,6331,ア　身体発育と運動機能の発達,74U5503210000000
家庭（専門）,6332,イ　認知機能の発達,74U5503220000000
家庭（専門）,6333,ウ　情緒の発達,74U5503230000000
家庭（専門）,6334,エ　人間関係の発達,74U5503240000000
家庭（専門）,6335,(3) 子どもの生活,74U5503300000000
家庭（専門）,6336,ア　乳幼児の生活の特徴と養護,74U5503310000000
家庭（専門）,6337,イ　生活習慣の形成,74U5503320000000
家庭（専門）,6338,ウ　乳幼児の健康管理と事故防止,74U5503330000000
家庭（専門）,6339,(4) 子どもの保育,74U5503400000000
家庭（専門）,6340,ア　保育の意義と目標,74U5503410000000
家庭（専門）,6341,イ　保育の方法,74U5503420000000
家庭（専門）,6342,ウ　保育の環境,74U5503430000000
家庭（専門）,6343,(5) 子どもの福祉と子育て支援,74U5503500000000
家庭（専門）,6344,ア　児童福祉の理念と関係法規・制度,74U5503510000000
家庭（専門）,6345,イ　子育て支援,74U5503520000000
家庭（専門）,6346,３　内容の取扱い,74U5505000000000
家庭（専門）,6347,(1) 内容の構成及びその取扱いに当たっては，次の事項に配慮するものとする。,74U5505100000000
家庭（専門）,6348,ア　実際に子どもと触れ合う学習ができるよう，幼稚園や保育所，認定こども園及び地域の子育て支援関連施設などとの連携を十分に図ること。,74U5505110000000
家庭（専門）,6349,(2) 内容の範囲や程度については，次の事項に配慮するものとする。,74U5505200000000
家庭（専門）,6350,ア　内容の(1)のアについては，発達の概念や乳幼児期が人間の発達の基礎を培う時期であることを扱うこと。イについては，心身の発達は子どもが主体的に環境にかかわることによって促されること，発達における個人差などを扱うこと。,74U5505210000000
家庭（専門）,6351,イ　内容の(2)については，誕生から幼児期までの発達の時期における特徴を扱うこと。エについては，乳幼児期は，特に，基本的人間関係の樹立のために「愛着」が重要であることを具体的な事例を通して扱うこと。,74U5505220000000
家庭（専門）,6352,ウ　内容の(3)のイについては，子どもの健康な生活に必要な食を営む力など基本的生活習慣の形成の基礎についても扱うこと。,74U5505230000000
家庭（専門）,6353,エ　内容の(4)のアについては，乳幼児の発育・発達に応じた適切な保育の重要性を扱うこと。イについては，乳幼児の基本的要求や社会的要求に着目させ，心身の発達に応じた保育について具体的な事例を通して扱うこと。ウについては，保育環境としての家庭及び幼稚園，保育所や認定こども園などの役割について扱うこと。,74U5505240000000
家庭（専門）,6354,オ　内容の(5)のアについては，児童福祉に関する基本的な法規の目的と概要を扱うこと。イについては，子育て支援に関する社会的背景を取り上げ，子育て支援施策の概要を扱うこと。また，子どもの虐待とその予防などにも触れること。,74U5505250000000
家庭（専門）,6355,第６　子ども文化,74U6500000000000
家庭（専門）,6356,"１　目　標
　子どもと遊び，子どもの表現活動，児童文化財などに関する知識と技術を習得させ，子ども文化の充実を図る能力と態度を育てる。",74U6502000000000
家庭（専門）,6357,２　内　容,74U6503000000000
家庭（専門）,6358,(1) 子ども文化の重要性,74U6503100000000
家庭（専門）,6359,(2) 子どもと遊び,74U6503200000000
家庭（専門）,6360,ア　遊びと発達,74U6503210000000
家庭（専門）,6361,イ　遊びと遊具,74U6503220000000
家庭（専門）,6362,(3) 子どもの表現活動と児童文化財,74U6503300000000
家庭（専門）,6363,ア　造形表現活動,74U6503310000000
家庭（専門）,6364,イ　言語表現活動,74U6503320000000
家庭（専門）,6365,ウ　音楽・身体表現活動,74U6503330000000
家庭（専門）,6366,エ　情報手段などを活用した活動,74U6503340000000
家庭（専門）,6367,(4) 子ども文化を支える場,74U6503400000000
家庭（専門）,6368,ア　児童文化施設,74U6503410000000
家庭（専門）,6369,イ　子どものための各種施設,74U6503420000000
家庭（専門）,6370,(5) 子ども文化実習,74U6503500000000
家庭（専門）,6371,３　内容の取扱い,74U6505000000000
家庭（専門）,6372,(1) 内容の構成及びその取扱いに当たっては，次の事項に配慮するものとする。,74U6505100000000
家庭（専門）,6373,ア　内容の(2)及び(3)については，子どもの遊びや表現活動の重要性を具体的に理解させるよう実習を中心として扱うこと。,74U6505110000000
家庭（専門）,6374,イ　内容の(5)については，内容の(3)の表現活動や関連する児童文化財の中からいずれかを取り上げて実習をさせること。また，児童福祉施設，社会教育施設等との連携を図り，子どもとの交流を体験させるようにすること。,74U6505120000000
家庭（専門）,6375,(2) 内容の範囲や程度については，次の事項に配慮するものとする。,74U6505200000000
家庭（専門）,6376,ア　内容の(1)については，子どものための文化活動，児童文化財，児童文化施設などの重要性を扱うこと。,74U6505210000000
家庭（専門）,6377,イ　内容の(2)のアについては，子どもの遊びの意義と重要性及び遊びの種類と発達とのかかわりについて扱うこと。イについては，遊びと遊具とのかかわり，遊具の選び方や与え方などを扱うこと。また，伝承遊びなどを具体的な事例を通して扱うこと。,74U6505220000000
家庭（専門）,6378,ウ　内容の(3)については，子どもの表現活動の意義とそれを支える児童文化財の重要性について，具体的な事例を通して扱うこと。,74U6505230000000
家庭（専門）,6379,エ　内容の(4)のアについては，子どもの遊びや表現活動を支える代表的な施設を取り上げ，その意義と活用について扱うこと。,74U6505240000000
家庭（専門）,6380,第７　生活と福祉,74U7500000000000
家庭（専門）,6381,"１　目　標
　高齢者の健康と生活，介護などに関する知識と技術を習得させ，高齢者の生活の質を高めるとともに，自立生活支援と福祉の充実に寄与する能力と態度を育てる。",74U7502000000000
家庭（専門）,6382,２　内　容,74U7503000000000
家庭（専門）,6383,(1) 健康と生活,74U7503100000000
家庭（専門）,6384,ア　健康の概念,74U7503110000000
家庭（専門）,6385,イ　ライフステージと健康管理,74U7503120000000
家庭（専門）,6386,ウ　家庭看護の基礎,74U7503130000000
家庭（専門）,6387,(2) 高齢者の自立生活支援と介護,74U7503200000000
家庭（専門）,6388,ア　高齢者の心身の特徴,74U7503210000000
家庭（専門）,6389,イ　自立生活支援の考え方,74U7503220000000
家庭（専門）,6390,ウ　高齢者介護の基礎,74U7503230000000
家庭（専門）,6391,(3) 高齢者福祉の制度とサービス,74U7503300000000
家庭（専門）,6392,ア　高齢化の進展と社会福祉,74U7503310000000
家庭（専門）,6393,イ　高齢者福祉の法規と制度,74U7503320000000
家庭（専門）,6394,ウ　保健・医療・福祉サービス,74U7503330000000
家庭（専門）,6395,(4) 生活援助と介護の実習,74U7503400000000
家庭（専門）,6396,ア　生活援助の実習,74U7503410000000
家庭（専門）,6397,イ　介護の実習,74U7503420000000
家庭（専門）,6398,ウ　レクリエーションの実習,74U7503430000000
家庭（専門）,6399,３　内容の取扱い,74U7505000000000
家庭（専門）,6400,(1) 内容の構成及びその取扱いに当たっては，次の事項に配慮するものとする。,74U7505100000000
家庭（専門）,6401,ア　内容の(4)については，校内での実習を踏まえて，高齢者と接する機会を設けたり，福祉施設等の見学や実習を取り入れたりすること。,74U7505110000000
家庭（専門）,6402,(2) 内容の範囲や程度については，次の事項に配慮するものとする。,74U7505200000000
家庭（専門）,6403,ア　内容の(1)のアについては，健康の概念と健康状態に影響を及ぼす要因などについて扱うこと。イについては，ライフステージごとの健康問題の特徴を踏まえ，生活習慣病の予防など高齢期に至るまでの健康管理の必要性について扱うこと。ウについては，体温測定や応急手当などの基礎的な内容を扱うこと。,74U7505210000000
家庭（専門）,6404,イ　内容の(2)のイについては，アとの関連を図り，加齢に伴う心身の変化を踏まえた自立生活について扱うこと。また，高齢者の自己決定に基づく自立生活支援の重要性について扱うこと。ウについては，介護の意義と役割や高齢者介護の基礎的な内容を扱うこと。,74U7505220000000
家庭（専門）,6405,ウ　内容の(3)のアについては，日本の高齢化の進展状況と社会福祉の今後の展開について扱うこと。イについては，高齢者福祉に関する法規や制度の目的と概要を扱うこと。ウについては，高齢者に関する保健・医療・福祉サービスについて，具体的な事例を扱うこと。,74U7505230000000
家庭（専門）,6406,エ　内容の(4)のアについては，主に調理，被服管理，住環境の整備などの家事援助を扱うこと。イについては，食事，着脱衣，移動などの介助や体位変換などの基本的な介護技術を扱うこと。ウについては，レクリエーションが高齢者の身体的，精神的な機能や社会性などの維持・向上に有効であることと関連付けて扱うこと。,74U7505240000000
家庭（専門）,6407,第８　リビングデザイン,74U8500000000000
家庭（専門）,6408,"１　目　標
　住生活と文化，住空間の構成と計画，インテリアデザインなどに関する知識と技術を習得させ，快適な住空間を計画し，デザインする能力と態度を育てる。",74U8502000000000
家庭（専門）,6409,２　内　容,74U8503000000000
家庭（専門）,6410,(1) 住生活と文化,74U8503100000000
家庭（専門）,6411,ア　日本の住生活と文化,74U8503110000000
家庭（専門）,6412,イ　世界の住生活と文化,74U8503120000000
家庭（専門）,6413,(2) 住空間の構成と計画,74U8503200000000
家庭（専門）,6414,ア　住生活と住空間,74U8503210000000
家庭（専門）,6415,イ　住空間の構造と材料,74U8503220000000
家庭（専門）,6416,ウ　住空間の環境と設備,74U8503230000000
家庭（専門）,6417,エ　住空間の平面計画実習,74U8503240000000
家庭（専門）,6418,(3) インテリアデザイン,74U8503300000000
家庭（専門）,6419,ア　インテリアデザインの構成要素,74U8503310000000
家庭（専門）,6420,イ　インテリアデザインの表現技法,74U8503320000000
家庭（専門）,6421,ウ　インテリアデザイン実習,74U8503330000000
家庭（専門）,6422,(4) 生活環境と福祉,74U8503400000000
家庭（専門）,6423,ア　住生活と環境,74U8503410000000
家庭（専門）,6424,イ　住生活と福祉,74U8503420000000
家庭（専門）,6425,ウ　住空間のリフォーム計画実習,74U8503430000000
家庭（専門）,6426,(5) 住生活関連法規,74U8503500000000
家庭（専門）,6427,３　内容の取扱い,74U8505000000000
家庭（専門）,6428,(1) 内容の構成及びその取扱いに当たっては，次の事項に配慮するものとする。,74U8505100000000
家庭（専門）,6429,ア　内容の(3)のウ及び(4)のウについては，個人又はグループで適切な課題を設定させること。,74U8505110000000
家庭（専門）,6430,(2) 内容の範囲や程度については，次の事項に配慮するものとする。,74U8505200000000
家庭（専門）,6431,ア　内容の(1)のアについては，日本の各時代の特徴的な住居様式を取り上げ，気候風土と住居とのかかわり，生活様式や行動様式と住居とのかかわり，住意識や住要求と住居とのかかわりなどについて扱うこと。イについては，世界の特徴的な住居様式を取り上げ，気候風土と住居とのかかわり，生活様式や行動様式と住居とのかかわり，住意識や住要求と住居とのかかわりなどについて扱うこと。,74U8505210000000
家庭（専門）,6432,イ　内容の(2)のアについては，人体寸法，動作寸法，作業寸法などを扱うとともに，間取りの基本であるゾーニング，動線，各室の配置と位置関係などについて扱うこと。イについては，住居の構造と材料に関する基礎的な事項を扱うこと。ウについては，健康で安全な室内環境の条件，室内環境整備のための設備について扱うこと。エについては，平面計画を検討し，平面表示記号などを用いて平面図を作成させること。,74U8505220000000
家庭（専門）,6433,ウ　内容の(3)のアについては，色彩，形態，材質感などを扱うとともに，各室の床，壁，天井，家具，カーテンなどについて扱うこと。イについては，インテリア計画の手順と表現技法を扱うこと。,74U8505230000000
家庭（専門）,6434,エ　内容の(4)のアについては，庭などの外部空間や住居と自然環境や社会環境とのかかわりなどについて扱うこと。イについては，子どもや高齢者などが安全に生活するための住空間の構成や維持管理などについて扱うこと。また，ウについては，家族の構成や状況の変化に応じた住居の間取りの変更やバリアフリーな住空間へのリフォームを扱うこと。,74U8505240000000
家庭（専門）,6435,オ　内容の(5)については，(2)から(4)までの各項目に関連する基本的な法規の目的と概要を扱うこと。,74U8505250000000
家庭（専門）,6436,第９　服飾文化,74U9500000000000
家庭（専門）,6437,"１　目　標
　服飾の変遷と文化，着装などに関する知識と技術を習得させ，服飾文化の伝承と創造に寄与する能力と態度を育てる。",74U9502000000000
家庭（専門）,6438,２　内　容,74U9503000000000
家庭（専門）,6439,(1) 服飾の変遷と文化,74U9503100000000
家庭（専門）,6440,ア　被服の起源と基本型,74U9503110000000
家庭（専門）,6441,イ　日本の服飾,74U9503120000000
家庭（専門）,6442,ウ　世界の服飾,74U9503130000000
家庭（専門）,6443,(2) 着装,74U9503200000000
家庭（専門）,6444,ア　着装の基本,74U9503210000000
家庭（専門）,6445,イ　洋服の着装,74U9503220000000
家庭（専門）,6446,ウ　和服の着装,74U9503230000000
家庭（専門）,6447,(3) 服飾文化の伝承と創造,74U9503300000000
家庭（専門）,6448,３　内容の取扱い,74U9505000000000
家庭（専門）,6449,(1) 内容の構成及びその取扱いに当たっては，次の事項に配慮するものとする。,74U9505100000000
家庭（専門）,6450,ア　内容の(3)については，(1)と(2)の学習と関連付けて個人又はグループで適切な課題を設定させること。,74U9505110000000
家庭（専門）,6451,(2) 内容の範囲や程度については，次の事項に配慮するものとする。,74U9505200000000
家庭（専門）,6452,ア　内容の(1)のイについては，歴史的背景，気候，風土，文化などとのかかわりを扱うこと。ウについては，西洋の服飾を中心に取り上げ，歴史的背景，気候，風土，文化などとのかかわりを扱うこと。,74U9505210000000
家庭（専門）,6453,イ　内容の(2)については，トータルコーディネートと社会生活上の着装のマナーについても扱うこと。,74U9505220000000
家庭（専門）,6454,第10　ファッション造形基礎,74UA500000000000
家庭（専門）,6455,"１　目　標
　被服の構成，被服材料の種類や特徴など被服製作に関する知識と技術を習得させ，ファッション造形の基礎的な能力と態度を育てる。",74UA502000000000
家庭（専門）,6456,２　内　容,74UA503000000000
家庭（専門）,6457,(1) 被服の構成,74UA503100000000
家庭（専門）,6458,ア　人体と被服,74UA503110000000
家庭（専門）,6459,イ　立体構成と平面構成,74UA503120000000
家庭（専門）,6460,(2) 被服材料,74UA503200000000
家庭（専門）,6461,ア　被服材料の特徴と性能,74UA503210000000
家庭（専門）,6462,イ　用途に応じた被服材料の選択,74UA503220000000
家庭（専門）,6463,(3) 洋服製作の基礎,74UA503300000000
家庭（専門）,6464,ア　採寸,74UA503310000000
家庭（専門）,6465,イ　型紙の基本,74UA503320000000
家庭（専門）,6466,ウ　デザインと材料の選択,74UA503330000000
家庭（専門）,6467,エ　裁断,74UA503340000000
家庭（専門）,6468,オ　仮縫いと補正,74UA503350000000
家庭（専門）,6469,カ　縫製,74UA503360000000
家庭（専門）,6470,キ　仕上げ,74UA503370000000
家庭（専門）,6471,ク　着装,74UA503380000000
家庭（専門）,6472,(4) 和服製作の基礎,74UA503400000000
家庭（専門）,6473,ア　和服の構成と名称,74UA503410000000
家庭（専門）,6474,イ　材料の選択,74UA503420000000
家庭（専門）,6475,ウ　寸法の見積りと裁断,74UA503430000000
家庭（専門）,6476,エ　縫製,74UA503440000000
家庭（専門）,6477,オ　仕上げ,74UA503450000000
家庭（専門）,6478,カ　着装,74UA503460000000
家庭（専門）,6479,３　内容の取扱い,74UA505000000000
家庭（専門）,6480,(1) 内容の構成及びその取扱いに当たっては，次の事項に配慮するものとする。,74UA505100000000
家庭（専門）,6481,ア　内容の(3)及び(4)については，生徒の実態や学科の特色に応じて，いずれかを選択して扱うことができること。,74UA505110000000
家庭（専門）,6482,(2) 内容の範囲や程度については，次の事項に配慮するものとする。,74UA505200000000
家庭（専門）,6483,ア　内容の(1)のアについては，人体と被服とのかかわり，人体を覆う被服の形，動作に適応した被服のゆるみなどについて扱うこと。イについては，立体構成と平面構成の特徴について扱うこと。,74UA505210000000
家庭（専門）,6484,イ　内容の(2)のアについては，繊維，糸，布を中心に扱うこと。イについては，布を中心に扱うこと。,74UA505220000000
家庭（専門）,6485,第11　ファッション造形,74UB500000000000
家庭（専門）,6486,"１　目　標
　デザインや着用目的に応じたファッション造形の知識や技術を習得させ，ファッション製品を創造的に製作する能力と態度を育てる。",74UB502000000000
家庭（専門）,6487,２　内　容,74UB503000000000
家庭（専門）,6488,(1) ファッション造形の要素,74UB503100000000
家庭（専門）,6489,ア　デザイン,74UB503110000000
家庭（専門）,6490,イ　構成技法,74UB503120000000
家庭（専門）,6491,ウ　材料,74UB503130000000
家庭（専門）,6492,エ　縫製,74UB503140000000
家庭（専門）,6493,(2) 洋服製作,74UB503200000000
家庭（専門）,6494,ア　デザインの選定,74UB503210000000
家庭（専門）,6495,イ　材料の選択と取扱い,74UB503220000000
家庭（専門）,6496,ウ　パターンメーキングとアパレルＣＡＤの活用,74UB503230000000
家庭（専門）,6497,エ　裁断,74UB503240000000
家庭（専門）,6498,オ　仮縫いと補正,74UB503250000000
家庭（専門）,6499,カ　縫製,74UB503260000000
家庭（専門）,6500,キ　仕上げ,74UB503270000000
家庭（専門）,6501,ク　着装,74UB503280000000
家庭（専門）,6502,(3) 和服製作,74UB503300000000
家庭（専門）,6503,ア　材料の選択,74UB503310000000
家庭（専門）,6504,イ　裁断,74UB503320000000
家庭（専門）,6505,ウ　縫製,74UB503330000000
家庭（専門）,6506,エ　仕上げ,74UB503340000000
家庭（専門）,6507,オ　着装,74UB503350000000
家庭（専門）,6508,(4) 総合実習,74UB503400000000
家庭（専門）,6509,３　内容の取扱い,74UB505000000000
家庭（専門）,6510,(1) 内容の構成及びその取扱いに当たっては，次の事項に配慮するものとする。,74UB505100000000
家庭（専門）,6511,ア　内容の(2)及び(3)については，生徒の実態や学科の特色に応じて，いずれかを選択して扱うことができること。,74UB505110000000
家庭（専門）,6512,イ　内容の(4)については，個人又はグループで適切な課題を設定させ，実習をさせること。,74UB505120000000
家庭（専門）,6513,(2) 内容の範囲や程度については，次の事項に配慮するものとする。,74UB505200000000
家庭（専門）,6514,ア　内容の(1)のイについては，立体裁断と平面製図の特徴や方法について，具体的な事例を通して扱うこと。,74UB505210000000
家庭（専門）,6515,イ　内容の(2)のイについては，デザインに応じた材料の選択や取扱いについて扱うこと。ウについては，デザインに応じたパターンメーキングやアパレルＣＡＤシステムなどを扱うこと。,74UB505220000000
家庭（専門）,6516,第12　ファッションデザイン,74UC500000000000
家庭（専門）,6517,"１　目　標
　ファッションデザインの基礎，発想と表現法などに関する知識と技術を習得させ，ファッションを創造的にデザインする能力と態度を育てる。",74UC502000000000
家庭（専門）,6518,２　内　容,74UC503000000000
家庭（専門）,6519,(1) ファッションデザインの基礎,74UC503100000000
家庭（専門）,6520,ア　形態,74UC503110000000
家庭（専門）,6521,イ　色彩,74UC503120000000
家庭（専門）,6522,ウ　文様,74UC503130000000
家庭（専門）,6523,エ　材質感,74UC503140000000
家庭（専門）,6524,オ　要素の統一,74UC503150000000
家庭（専門）,6525,(2) ファッションデザインの発想と表現法,74UC503200000000
家庭（専門）,6526,ア　デザインの発想,74UC503210000000
家庭（専門）,6527,イ　ファッションデザイン画,74UC503220000000
家庭（専門）,6528,ウ　各種材料による表現,74UC503230000000
家庭（専門）,6529,エ　ファッションデザイン実習,74UC503240000000
家庭（専門）,6530,(3) ファッションデザインと流行,74UC503300000000
家庭（専門）,6531,ア　流行とブランド,74UC503310000000
家庭（専門）,6532,イ　個性とデザイン,74UC503320000000
家庭（専門）,6533,(4) ファッション産業,74UC503400000000
家庭（専門）,6534,ア　ファッション産業の仕組み,74UC503410000000
家庭（専門）,6535,イ　消費者ニーズとファッション産業,74UC503420000000
家庭（専門）,6536,ウ　商品企画,74UC503430000000
家庭（専門）,6537,３　内容の取扱い,74UC505000000000
家庭（専門）,6538,(1) 内容の構成及びその取扱いに当たっては，次の事項に配慮するものとする。,74UC505100000000
家庭（専門）,6539,ア　内容の(4)については，生徒の実態や学科の特色に応じて選択して扱うことができること。,74UC505110000000
家庭（専門）,6540,(2) 内容の範囲や程度については，次の事項に配慮するものとする｡,74UC505200000000
家庭（専門）,6541,ア　内容の(1)についてはファッションデザインの造形要素の基礎的な事項をファッションイメージと関連付けて扱うこと。,74UC505210000000
家庭（専門）,6542,イ　内容の(2)のイについては，基本プロポーションなど基礎的な表現手法から，素材表現などの発展的な表現手法へと段階的に扱うこと。ウについては，布などの材料を使ったピンワークやディスプレイなどを扱うこと。,74UC505220000000
家庭（専門）,6543,ウ　内容の(4)のウについては，ファッションに関する情報収集から商品の企画及び販売までの活動を段階的に扱うこと。,74UC505230000000
家庭（専門）,6544,第13　服飾手芸,74UD500000000000
家庭（専門）,6545,"１　目　標
　手芸の種類，特徴及び変遷，各種手芸の技法などに関する知識と技術を習得させ，手芸品を創造的に製作し，服飾に活用する能力と態度を育てる。",74UD502000000000
家庭（専門）,6546,２　内　容,74UD503000000000
家庭（専門）,6547,(1) 手芸の種類と特徴,74UD503100000000
家庭（専門）,6548,(2) 手芸の変遷,74UD503200000000
家庭（専門）,6549,(3) 服飾材料としての各種手芸の技法,74UD503300000000
家庭（専門）,6550,(4) 手芸品の製作,74UD503400000000
家庭（専門）,6551,３　内容の取扱い,74UD505000000000
家庭（専門）,6552,(1) 内容の構成及びその取扱いに当たっては，次の事項に配慮するものとする。,74UD505100000000
家庭（専門）,6553,ア　内容の(4)については，安全に十分留意して用具や器具，薬品，染料などを取り扱うこと。,74UD505110000000
家庭（専門）,6554,(2) 内容の範囲や程度については，次の事項に配慮するものとする。,74UD505200000000
家庭（専門）,6555,ア　内容の(1)については，地域の伝統文化などとも関連付けて扱うこと。,74UD505210000000
家庭（専門）,6556,イ　内容の(2)については，刺しゅう，編物，染色，織物及びその他の手芸の起源から現在に至るまでの変遷を扱うこと。,74UD505220000000
家庭（専門）,6557,ウ　内容の(3)については，刺しゅう，編物，染色，織物及びその他の手芸の中から選択して，基礎的な技法について扱うこと。,74UD505230000000
家庭（専門）,6558,エ　内容の(4)については，服飾への活用を想定した手芸品の製作について扱うこと。,74UD505240000000
家庭（専門）,6559,第14　フードデザイン,74UE500000000000
家庭（専門）,6560,"１　目　標
　栄養，食品，献立，調理，テーブルコーディネートなどに関する知識と技術を習得させ，食生活を総合的にデザインするとともに食育の推進に寄与する能力と態度を育てる。",74UE502000000000
家庭（専門）,6561,２　内　容,74UE503000000000
家庭（専門）,6562,(1) 健康と食生活,74UE503100000000
家庭（専門）,6563,ア　食を取り巻く現状,74UE503110000000
家庭（専門）,6564,イ　食事の意義と役割,74UE503120000000
家庭（専門）,6565,(2) フードデザインの構成要素,74UE503200000000
家庭（専門）,6566,ア　栄養,74UE503210000000
家庭（専門）,6567,イ　食品,74UE503220000000
家庭（専門）,6568,ウ　料理様式と献立,74UE503230000000
家庭（専門）,6569,エ　調理,74UE503240000000
家庭（専門）,6570,オ　テーブルコーディネート,74UE503250000000
家庭（専門）,6571,(3) フードデザイン実習,74UE503300000000
家庭（専門）,6572,ア　食事テーマの設定と献立作成,74UE503310000000
家庭（専門）,6573,イ　食品の選択と調理,74UE503320000000
家庭（専門）,6574,ウ　テーブルコーディネートとサービスの実習,74UE503330000000
家庭（専門）,6575,(4) 食育と食育推進活動,74UE503400000000
家庭（専門）,6576,ア　食育の意義,74UE503410000000
家庭（専門）,6577,イ　家庭や地域における食育推進活動,74UE503420000000
家庭（専門）,6578,３　内容の取扱い,74UE505000000000
家庭（専門）,6579,(1) 内容の構成及びその取扱いに当たっては，次の事項に配慮するものとする。,74UE505100000000
家庭（専門）,6580,ア　内容の(4)のイについては，地域の関係機関等との連携を図ること。,74UE505110000000
家庭（専門）,6581,(2) 内容の範囲や程度については，次の事項に配慮するものとする。,74UE505200000000
家庭（専門）,6582,ア　内容の(1)のアについては，健康，栄養状態，食料事情，食の安全及び環境とのかかわりなどを扱うこと。イについては，食事の意義とおいしさ及び望ましい食習慣の形成並びに地域の食文化などを関連付けて扱うこと。,74UE505210000000
家庭（専門）,6583,イ　内容の(2)のオ及び(3)のウについては，日本料理，西洋料理と中国料理のテーブルセッティングやサービスの基本的な考え方及び方法を扱うとともに，食事のテーマにふさわしいテーブルコーディネートやサービスの基本的な考え方及び方法を扱うこと。,74UE505220000000
家庭（専門）,6584,ウ　内容の(4)のアについては，食育を推進することの重要性について扱うこと。イについては，学校家庭クラブ活動などを通して食育を推進する活動を行うこと。,74UE505230000000
家庭（専門）,6585,第15　食文化,74UF500000000000
家庭（専門）,6586,"１　目　標
　食文化の成り立ち，日本と世界の食文化などに関する知識と技術を習得させ，食文化の伝承と創造に寄与する能力と態度を育てる。",74UF502000000000
家庭（専門）,6587,２　内　容,74UF503000000000
家庭（専門）,6588,(1) 食文化の成り立ち,74UF503100000000
家庭（専門）,6589,(2) 日本の食文化,74UF503200000000
家庭（専門）,6590,ア　食生活の変遷,74UF503210000000
家庭（専門）,6591,イ　日常食，行事食，郷土料理,74UF503220000000
家庭（専門）,6592,ウ　料理様式の発展,74UF503230000000
家庭（専門）,6593,(3) 世界の食文化,74UF503300000000
家庭（専門）,6594,ア　世界の料理の特徴と文化,74UF503310000000
家庭（専門）,6595,イ　食生活の国際化,74UF503320000000
家庭（専門）,6596,(4) 食文化の伝承と創造,74UF503400000000
家庭（専門）,6597,(5) 調理師の業務と社会的役割,74UF503500000000
家庭（専門）,6598,３　内容の取扱い,74UF505000000000
家庭（専門）,6599,(1) 内容の構成及びその取扱いに当たっては，次の事項に配慮するものとする。,74UF505100000000
家庭（専門）,6600,ア　内容の(4)については，内容の(2)のイ及び(3)のアと関連付け，実習を中心として扱うこと。,74UF505110000000
家庭（専門）,6601,イ　内容の(5)については，生徒の実態や学科の特色に応じて，扱わないことができること。,74UF505120000000
家庭（専門）,6602,(2) 内容の範囲や程度については，次の事項に配慮するものとする。,74UF505200000000
家庭（専門）,6603,ア　内容の(1)については，食文化の形成要因について扱うこと。,74UF505210000000
家庭（専門）,6604,イ　内容の(2)のアについては，日本の食生活の変遷について各時代ごとの特徴を概観させ，食生活の文化的な側面に着目させること。イについては，日常の食事と地域に伝わる行事食や郷土料理を取り上げ，食のもつ文化的，歴史的な側面について扱うこと。ウについては，伝統的な料理様式を取り上げ，その特徴や食卓作法を扱うこと。,74UF505220000000
家庭（専門）,6605,ウ　内容の(3)のアについては，世界の主な食文化圏とその料理の特徴の概要について扱うこと。,74UF505230000000
家庭（専門）,6606,エ　内容の(4)については，食文化の伝承の重要性や新しい食文化を創造することの意義について扱うこと。,74UF505240000000
家庭（専門）,6607,オ　内容の(5)については，食育の推進に果たす調理師の役割についても扱うこと。,74UF505250000000
家庭（専門）,6608,第16　調　理,74UG500000000000
家庭（専門）,6609,"１　目　標
　様式別調理，大量調理などに関する知識と技術を習得させ，健康の維持・増進に寄与する食生活の充実向上を図るとともに，創造的に調理する能力と態度を育てる。",74UG502000000000
家庭（専門）,6610,２　内　容,74UG503000000000
家庭（専門）,6611,(1) 調理の基礎,74UG503100000000
家庭（専門）,6612,ア　調理の目的,74UG503110000000
家庭（専門）,6613,イ　食品の性質,74UG503120000000
家庭（専門）,6614,ウ　調理の種類と基本操作,74UG503130000000
家庭（専門）,6615,(2) 調理用施設・設備，熱源及び調理機器,74UG503200000000
家庭（専門）,6616,(3) 献立作成,74UG503300000000
家庭（専門）,6617,ア　献立作成の意義,74UG503310000000
家庭（専門）,6618,イ　栄養計算,74UG503320000000
家庭（専門）,6619,(4) 様式別の献立と調理,74UG503400000000
家庭（専門）,6620,ア　日本料理,74UG503410000000
家庭（専門）,6621,イ　西洋料理,74UG503420000000
家庭（専門）,6622,ウ　中国料理,74UG503430000000
家庭（専門）,6623,エ　その他の料理,74UG503440000000
家庭（専門）,6624,(5) 目的別・対象別の献立と調理,74UG503500000000
家庭（専門）,6625,ア　日常食,74UG503510000000
家庭（専門）,6626,イ　行事食・供応食,74UG503520000000
家庭（専門）,6627,ウ　病気時の食事,74UG503530000000
家庭（専門）,6628,エ　幼児と高齢者の食事,74UG503540000000
家庭（専門）,6629,(6) 大量調理,74UG503600000000
家庭（専門）,6630,ア　大量調理の種類と特徴,74UG503610000000
家庭（専門）,6631,イ　大量調理の組織と管理,74UG503620000000
家庭（専門）,6632,ウ　献立作成と調理,74UG503630000000
家庭（専門）,6633,(7) 食事環境とサービス,74UG503700000000
家庭（専門）,6634,３　内容の取扱い,74UG505000000000
家庭（専門）,6635,(1) 内容の構成及びその取扱いに当たっては，次の事項に配慮するものとする。,74UG505100000000
家庭（専門）,6636,ア　内容の(2)から(6)までについては，調理理論と関連付けて，実験・実習を中心として扱うこと。,74UG505110000000
家庭（専門）,6637,イ　内容の(7)については，内容の(2)から(6)までとの関連を図って，サービス実習をさせること。,74UG505120000000
家庭（専門）,6638,(2) 内容の範囲や程度については，次の事項に配慮するものとする。,74UG505200000000
家庭（専門）,6639,ア　内容の(1)のイについては，代表的な食品の調理上の性質について扱うこと。ウについては，加熱操作，非加熱操作及び調味の方法と特徴について扱うこと。,74UG505210000000
家庭（専門）,6640,イ　内容の(2)については，家庭や特定給食施設などの厨《ちゅう》房設備と調理機器の安全で衛生的な取扱いに重点を置くこと。,74UG505220000000
家庭（専門）,6641,ウ　内容の(3)については，献立作成の意義を理解させるとともに，性別，年齢，生活活動などに応じた適切な献立の作成について扱うこと。,74UG505230000000
家庭（専門）,6642,エ　内容の(4)については，代表的な献立を取り上げ，様式別の食器，食卓構成，食卓作法なども扱うこと。,74UG505240000000
家庭（専門）,6643,オ　内容の(5)のアについては，健康の維持・増進を考慮した日常食の献立と調理を扱うこと。イについては，代表的な行事を取り上げ，供応の目的に合った献立と調理を扱うこと。ウについては，流動食，軟食及び常食を扱うこと。エについては，幼児と高齢者の食事に関する留意事項を扱うこと。,74UG505250000000
家庭（専門）,6644,カ　内容の(6)のアについては，各種給食を扱うこと。イについては，大量調理の組織と運営，食品の保管，調理作業管理，衛生管理などについて扱うこと。また，大量調理を担当する者の自覚と責任についても扱うこと。ウについては，学校や事業所などにおける給食の留意事項に重点を置いて扱うこと。,74UG505260000000
家庭（専門）,6645,第17　栄　養,74UH500000000000
家庭（専門）,6646,"１　目　標
　栄養素の機能と代謝，各ライフステージにおける栄養，労働・スポーツと栄養などに関する知識を習得させ，健康の維持・増進を図る能力と態度を育てる。",74UH502000000000
家庭（専門）,6647,２　内　容,74UH503000000000
家庭（専門）,6648,(1) 人体と栄養,74UH503100000000
家庭（専門）,6649,ア　栄養と栄養素,74UH503110000000
家庭（専門）,6650,イ　人体の構成成分と栄養素,74UH503120000000
家庭（専門）,6651,ウ　食物の消化と吸収,74UH503130000000
家庭（専門）,6652,(2) 栄養素の機能と代謝,74UH503200000000
家庭（専門）,6653,ア　炭水化物,74UH503210000000
家庭（専門）,6654,イ　脂質,74UH503220000000
家庭（専門）,6655,ウ　たんぱく質,74UH503230000000
家庭（専門）,6656,エ　無機質,74UH503240000000
家庭（専門）,6657,オ　ビタミン,74UH503250000000
家庭（専門）,6658,カ　その他の成分,74UH503260000000
家庭（専門）,6659,(3) 食事摂取基準と栄養状態の評価,74UH503300000000
家庭（専門）,6660,ア　エネルギー代謝,74UH503310000000
家庭（専門）,6661,イ　食事摂取基準,74UH503320000000
家庭（専門）,6662,ウ　栄養状態の評価,74UH503330000000
家庭（専門）,6663,(4) ライフステージと栄養,74UH503400000000
家庭（専門）,6664,(5) 生理と栄養,74UH503500000000
家庭（専門）,6665,ア　労働，スポーツと栄養,74UH503510000000
家庭（専門）,6666,イ　妊娠，授乳期の栄養,74UH503520000000
家庭（専門）,6667,(6) 病態と栄養,74UH503600000000
家庭（専門）,6668,ア　栄養障害と食事,74UH503610000000
家庭（専門）,6669,イ　病態時の栄養,74UH503620000000
家庭（専門）,6670,３　内容の取扱い,74UH505000000000
家庭（専門）,6671,(1) 内容の範囲や程度については，次の事項に配慮するものとする。,74UH505100000000
家庭（専門）,6672,ア　内容の(1)のウについては，食物の物理的消化，栄養素の化学的消化，吸収及び排泄《せつ》などの仕組みの概要について扱うこと。,74UH505110000000
家庭（専門）,6673,イ　内容の(2)のアについては，食物繊維の栄養的意義についても触れること。オについては，炭水化物，脂質及びたんぱく質の代謝と関連させて扱うこと。カについては，アからオ以外の生体調節機能成分について扱うこと。,74UH505120000000
家庭（専門）,6674,ウ　内容の(3)のアについては，エネルギー代謝の基礎的な内容を扱うこと。イについては，食事摂取基準におけるエネルギーと代表的な栄養素を扱うこと。ウについては，個人及び集団の栄養状態の評価の意義と方法について扱うこと。,74UH505130000000
家庭（専門）,6675,エ　内容の(4)については，乳幼児期，青少年期，成年期及び高齢期を取り上げ，各期の栄養の特徴とそれを満たす食事構成の概要を扱うこと。,74UH505140000000
家庭（専門）,6676,オ　内容の(5)のアについては，生活活動強度や活動時間の差による生理的特徴，栄養上の配慮事項及び食事構成の概要を扱うこと。イについては，妊娠，授乳期の生理的特徴，栄養上の配慮事項及び食事構成の概要を扱うこと。,74UH505150000000
家庭（専門）,6677,カ　内容の(6)については，栄養の過不足による病気と食事療法及び病態に応じた栄養と食事構成の概要を扱うこと。,74UH505160000000
家庭（専門）,6678,第18　食　品,74UI500000000000
家庭（専門）,6679,"１　目　標
　食品の分類とその特徴，食品の表示，食品の加工と貯蔵などに関する知識と技術を習得させ，食品を適切に選択，活用して食生活の充実向上を図る能力と態度を育てる。",74UI502000000000
家庭（専門）,6680,２　内　容,74UI503000000000
家庭（専門）,6681,(1) 食品の分類とその特徴,74UI503100000000
家庭（専門）,6682,ア　食品の成分と分類,74UI503110000000
家庭（専門）,6683,イ　植物性食品とその加工品,74UI503120000000
家庭（専門）,6684,ウ　動物性食品とその加工品,74UI503130000000
家庭（専門）,6685,エ　油脂,74UI503140000000
家庭（専門）,6686,オ　調味料，甘味料，香辛料及び嗜《し》好品,74UI503150000000
家庭（専門）,6687,(2) 食品の表示,74UI503200000000
家庭（専門）,6688,ア　食品の表示制度,74UI503210000000
家庭（専門）,6689,イ　各種食品の表示,74UI503220000000
家庭（専門）,6690,(3) 食品の加工と貯蔵,74UI503300000000
家庭（専門）,6691,ア　食品の加工,74UI503310000000
家庭（専門）,6692,イ　食品の貯蔵,74UI503320000000
家庭（専門）,6693,(4) 食品の生産と流通,74UI503400000000
家庭（専門）,6694,ア　食品の流通と食料需給,74UI503410000000
家庭（専門）,6695,イ　食品の流通機構,74UI503420000000
家庭（専門）,6696,３　内容の取扱い,74UI505000000000
家庭（専門）,6697,(1) 内容の範囲や程度については，次の事項に配慮するものとする。,74UI505100000000
家庭（専門）,6698,ア　内容の(1)のアについては，食品の成分の特徴による分類方法である食品群と，「日本食品標準成分表」を扱うこと。イ及びウについては，代表的な食品を扱うこと。エについては，加工油脂を含めて代表的な食品を扱うこと。オについては，代表的な食品の使用目的とその役割，性質，利用法などを扱うこと。,74UI505110000000
家庭（専門）,6699,イ　内容の(2)のアについては，食品の表示にかかわる基本的な法規や制度の目的と概要を扱うこと。イについては，加工食品などの表示を具体的に扱うこと。,74UI505120000000
家庭（専門）,6700,ウ　内容の(3)のアについては，物理的加工，化学的加工及び微生物や酵素による加工の目的，方法及び成分の変化を扱うこと。イについては，代表的な貯蔵の方法についてその原理と特徴の概要を扱うこと。,74UI505130000000
家庭（専門）,6701,エ　内容の(4)のアについては，多様化する食品の生産と食料需給の概要を扱うこと。イについては，代表的な食品の流通機構の概要や食品の安全な流通を図るための仕組みを扱うこと。,74UI505140000000
家庭（専門）,6702,第19　食品衛生,74UJ500000000000
家庭（専門）,6703,"１　目　標
　食生活の安全と食品衛生対策など食品衛生に関する知識と技術を習得させ，安全で衛生的な食生活に寄与する能力と態度を育てる。",74UJ502000000000
家庭（専門）,6704,２　内　容,74UJ503000000000
家庭（専門）,6705,(1) 食生活の安全と食品安全行政,74UJ503100000000
家庭（専門）,6706,(2) 食中毒とその予防,74UJ503200000000
家庭（専門）,6707,ア　細菌性食中毒とその予防,74UJ503210000000
家庭（専門）,6708,イ　ウィルス性食中毒とその予防,74UJ503220000000
家庭（専門）,6709,ウ　化学物質による食中毒とその予防,74UJ503230000000
家庭（専門）,6710,エ　自然毒による食中毒とその予防,74UJ503240000000
家庭（専門）,6711,(3) 食品の汚染，寄生虫,74UJ503300000000
家庭（専門）,6712,ア　有害物質による食品の汚染とその予防,74UJ503310000000
家庭（専門）,6713,イ　寄生虫病とその予防,74UJ503320000000
家庭（専門）,6714,(4) 食品の変質とその防止,74UJ503400000000
家庭（専門）,6715,ア　微生物による変質とその防止,74UJ503410000000
家庭（専門）,6716,イ　化学的作用による変質とその防止,74UJ503420000000
家庭（専門）,6717,(5) 食品添加物,74UJ503500000000
家庭（専門）,6718,ア　食品添加物の使用目的と用途,74UJ503510000000
家庭（専門）,6719,イ　食品添加物の使用基準と表示,74UJ503520000000
家庭（専門）,6720,(6) 食品衛生対策,74UJ503600000000
家庭（専門）,6721,ア　衛生管理の方法,74UJ503610000000
家庭（専門）,6722,イ　食品衛生関係法規,74UJ503620000000
家庭（専門）,6723,３　内容の取扱い,74UJ505000000000
家庭（専門）,6724,(1) 内容の構成及びその取扱いに当たっては，次の事項に配慮するものとする。,74UJ505100000000
家庭（専門）,6725,ア　内容の(6)のアについては，食品の衛生管理の方法を具体的に理解させるよう実験・実習を通して扱うこと。,74UJ505110000000
家庭（専門）,6726,(2) 内容の範囲や程度については，次の事項に配慮するものとする。,74UJ505200000000
家庭（専門）,6727,ア　内容の(1)については，食生活の安全を確保することの重要性やそのための食品安全行政の取組などについて扱うこと。,74UJ505210000000
家庭（専門）,6728,イ　内容の(2)については，具体的な事例を取り上げ，食中毒の特徴，症状，発生状況と汚染源，予防などを扱うこと。,74UJ505220000000
家庭（専門）,6729,ウ　内容の(4)については，食品の変質とその防止に関する基礎的な内容を扱うこと。,74UJ505230000000
家庭（専門）,6730,エ　内容の(5)については，食品添加物に関する法規と関連させて扱うこと。,74UJ505240000000
家庭（専門）,6731,オ　内容の(6)のアについては，食品の生産，加工，流通及び消費における衛生対策を扱うこと。イについては，食品衛生に関する基本的な法規の目的と概要を扱うこと。,74UJ505250000000
家庭（専門）,6732,第20　公衆衛生,74UK500000000000
家庭（専門）,6733,"１　目　標
　環境衛生，母子保健，学校保健など，集団の健康と公衆衛生に関する知識を習得させ，疾病の予防と健康づくりに寄与する能力と態度を育てる。",74UK502000000000
家庭（専門）,6734,２　内　容,74UK503000000000
家庭（専門）,6735,(1) 集団の健康と公衆衛生,74UK503100000000
家庭（専門）,6736,ア　公衆衛生の意義,74UK503110000000
家庭（専門）,6737,イ　保健衛生統計,74UK503120000000
家庭（専門）,6738,(2) 公衆衛生関係法規,74UK503200000000
家庭（専門）,6739,(3) 環境衛生,74UK503300000000
家庭（専門）,6740,ア　現代の環境問題,74UK503310000000
家庭（専門）,6741,イ　生活環境の保全,74UK503320000000
家庭（専門）,6742,(4) 疾病の予防と健康管理,74UK503400000000
家庭（専門）,6743,ア　生活習慣病と健康管理,74UK503410000000
家庭（専門）,6744,イ　感染症の予防,74UK503420000000
家庭（専門）,6745,ウ　精神保健,74UK503430000000
家庭（専門）,6746,(5) 母子保健,74UK503500000000
家庭（専門）,6747,ア　母性の保護と保健指導,74UK503510000000
家庭（専門）,6748,イ　乳幼児の保健指導,74UK503520000000
家庭（専門）,6749,(6) 学校保健,74UK503600000000
家庭（専門）,6750,ア　学校保健管理,74UK503610000000
家庭（専門）,6751,イ　健康教育,74UK503620000000
家庭（専門）,6752,(7) 産業保健,74UK503700000000
家庭（専門）,6753,ア　労働環境の整備,74UK503710000000
家庭（専門）,6754,イ　労働者の健康管理,74UK503720000000
家庭（専門）,6755,(8) 高齢者保健,74UK503800000000
家庭（専門）,6756,ア　高齢者保健の現状,74UK503810000000
家庭（専門）,6757,イ　健康管理,74UK503820000000
家庭（専門）,6758,３　内容の取扱い,74UK505000000000
家庭（専門）,6759,(1) 内容の構成及びその取扱いに当たっては，次の事項に配慮するものとする。,74UK505100000000
家庭（専門）,6760,ア　内容の(5)から(8)までについては，内容の(2)と関連付けて扱うこと。,74UK505110000000
家庭（専門）,6761,(2) 内容の範囲や程度については，次の事項に配慮するものとする。,74UK505200000000
家庭（専門）,6762,ア　内容の(1)のイについては，人口動態統計，疾病統計及び国民健康・栄養調査などを取り上げ，集団の健康状態について扱うこと。,74UK505210000000
家庭（専門）,6763,イ　内容の(2)については，公衆衛生に関する基本的な法規の目的と概要を扱うこと。,74UK505220000000
家庭（専門）,6764,ウ　内容の(3)については，現代の生活と自然環境とのかかわりについて具体的な事例を通して扱い，生活環境の保全のための方策を扱うこと。,74UK505230000000
家庭（専門）,6765,エ　内容の(4)のアについては，生活習慣病の実態とその予防について具体的な事例を通して扱うこと。イについては，感染症の発生要因，予防対策，消毒法などの基礎的事項を扱うこと。ウについては，精神の健康を左右する要因と精神保健活動に関する基礎的事項を扱うこと。,74UK505240000000
家庭（専門）,6766,オ　内容の(5)については，母性保健指導及び乳幼児保健指導について具体的な事例を扱うこと。,74UK505250000000
家庭（専門）,6767,カ　内容の(6)については，学校における保健管理及び健康教育の意義と目的を扱うこと。,74UK505260000000
家庭（専門）,6768,キ　内容の(7)については，職場の環境や作業条件と健康とのかかわりを扱うこと。,74UK505270000000
家庭（専門）,6769,ク　内容の(8)については，高齢者の医療，福祉などと関連付けて扱うこと。,74UK505280000000
家庭（専門）,6770,第３款　各科目にわたる指導計画の作成と内容の取扱い,74U0300000000000
家庭（専門）,6771,１　指導計画の作成に当たっては，次の事項に配慮するものとする。,74U0300100000000
家庭（専門）,6772,(1) 家庭に関する各学科においては，「生活産業基礎」及び「課題研究｣を原則としてすべての生徒に履修させること。,74U0300110000000
家庭（専門）,6773,(2) 家庭に関する学科においては，原則として家庭に関する科目に配当する 総授業時数の10分の５以上を実験・実習に配当すること。また，実験・実習に当たっては，ホームプロジェクトを取り入れることもできること。,74U0300120000000
家庭（専門）,6774,(3) 地域や産業界との連携・交流を通じた実践的な学習活動や就業体験を積極的に取り入れるとともに，社会人講師を積極的に活用するなどの工夫に努めること。,74U0300130000000
家庭（専門）,6775,２　各科目の指導に当たっては，コンピュータや情報通信ネットワークなどの活用を図り，学習の効果を高めるよう配慮するものとする。,74U0300200000000
家庭（専門）,6776,３　実験・実習を行うに当たっては，関連する法規等に従い，施設・設備や薬品等の安全管理に配慮し，学習環境を整えるとともに，事故防止の指導を徹底し，安全と衛生に十分留意するものとする。,74U0300300000000
看護,6777,第６節　看　　　護,74W0000000000000
看護,6778,"第１款　目　標
　看護に関する基礎的・基本的な知識と技術を習得させ，看護の本質と社会的な意義を理解させるとともに，国民の健康の保持増進に寄与する能力と態度を育てる。",74W0100000000000
看護,6779,第２款　各　科　目,74W0500000000000
看護,6780,第１　基礎看護,74W1500000000000
看護,6781,"１　目　標
　看護の意義と保健・医療・福祉における看護の役割を理解させ，日常生活の援助及び診療における看護に関する基礎的な知識と技術を習得させるとともに，看護を適切に行う能力と態度を育てる。",74W1502000000000
看護,6782,２　内　容,74W1503000000000
看護,6783,(1) 看護の意義と役割,74W1503100000000
看護,6784,ア　看護の対象の理解,74W1503110000000
看護,6785,イ　看護の意義,74W1503120000000
看護,6786,ウ　看護活動の分野,74W1503130000000
看護,6787,エ　看護職とその倫理,74W1503140000000
看護,6788,(2) 日常生活と看護,74W1503200000000
看護,6789,ア　日常生活の理解,74W1503210000000
看護,6790,イ　食生活の援助,74W1503220000000
看護,6791,ウ　排泄《せつ》の援助,74W1503230000000
看護,6792,エ　活動・運動の援助,74W1503240000000
看護,6793,オ　睡眠と休息の援助,74W1503250000000
看護,6794,カ　身体の清潔の援助,74W1503260000000
看護,6795,キ　衣生活の援助,74W1503270000000
看護,6796,ク　学習，生産的な活動，レクリエーションの援助,74W1503280000000
看護,6797,ケ　病床環境の調整,74W1503290000000
看護,6798,コ　安全と医療事故,74W15032A0000000
看護,6799,(3) 診療と看護,74W1503300000000
看護,6800,ア　フィジカルアセスメント,74W1503310000000
看護,6801,イ　診察・検査と看護,74W1503320000000
看護,6802,ウ　与薬,74W1503330000000
看護,6803,エ　罨《あん》法・保温,74W1503340000000
看護,6804,オ　褥《じょく》瘡の予防と手当て,74W1503350000000
看護,6805,カ　無菌法と院内感染の予防,74W1503360000000
看護,6806,キ　救急処置,74W1503370000000
看護,6807,ク　災害看護,74W1503380000000
看護,6808,(4) 看護活動の展開,74W1503400000000
看護,6809,ア　患者との人間関係,74W1503410000000
看護,6810,イ　疾病・障害の状態と看護,74W1503420000000
看護,6811,ウ　看護の展開,74W1503430000000
看護,6812,エ　看護活動の場における組織,74W1503440000000
看護,6813,３　内容の取扱い,74W1505000000000
看護,6814,(1) 内容の構成及びその取扱いに当たっては，次の事項に配慮するものとする。,74W1505100000000
看護,6815,ア　指導に当たっては，望ましい看護観や職業観及び看護職としての倫理観を育成すること。,74W1505110000000
看護,6816,"イ　内容の(2)及び(3)については,講義と実習の一体的な指導により，知識と技術が統合化されるようにすること。",74W1505120000000
看護,6817,ウ　内容の(4)のエについては，学科の特色に応じて，扱わないことができること。,74W1505130000000
看護,6818,(2) 内容の範囲や程度については，次の事項に配慮するものとする。,74W1505200000000
看護,6819,"ア　内容の(1)については,人間理解を基盤とする看護の基本的な概念及び保健・医療・福祉における看護の役割及び看護職としての使命と責任について扱うこと。",74W1505210000000
看護,6820,イ　内容の(2)については，患者の状態に応じた日常生活の援助をするための基礎的な知識と技術を扱うこと。,74W1505220000000
看護,6821,ウ　内容の(3)については，診療における看護に関する基礎的な知識と技術を扱うこと。,74W1505230000000
看護,6822,エ　内容の(4)については，患者との適切な人間関係を形成するためのコミュニケーションの重要性とコミュニケーションの方法を扱うこと。また，看護の援助を計画的に実施し評価する看護活動の一連の過程及び看護活動の場における組織や看護体制を扱うこと。,74W1505240000000
看護,6823,第２　人体と看護,74W2500000000000
看護,6824,"１　目　標
　看護を実践するために必要な人体に関する知識を習得させ，人体と生活及び環境との関係について理解させる。",74W2502000000000
看護,6825,２　内　容,74W2503000000000
看護,6826,(1) 人体の構造と機能,74W2503100000000
看護,6827,ア　人体とその構成,74W2503110000000
看護,6828,イ　器官系の構成と働き,74W2503120000000
看護,6829,ウ　生体の恒常性とその維持,74W2503130000000
看護,6830,エ　人体の機能と生活行動,74W2503140000000
看護,6831,(2) 栄養,74W2503200000000
看護,6832,ア　栄養素と食品,74W2503210000000
看護,6833,イ　栄養と生命維持,74W2503220000000
看護,6834,ウ　ライフステージと栄養,74W2503230000000
看護,6835,エ　病態と栄養,74W2503240000000
看護,6836,(3) 感染と免疫,74W2503300000000
看護,6837,ア　病原微生物の種類と特徴,74W2503310000000
看護,6838,イ　感染と人体の防御機構,74W2503320000000
看護,6839,ウ　滅菌と消毒,74W2503330000000
看護,6840,エ　病原微生物の検査,74W2503340000000
看護,6841,３　内容の取扱い,74W2505000000000
看護,6842,(1) 内容の構成及びその取扱いに当たっては，次の事項に配慮するものとする。,74W2505100000000
看護,6843,ア　指導に当たっては，「疾病と看護」，「生活と看護」の内容構成を踏まえ，人間を身体的・精神的・社会的に統合された存在として理解を深めることができるように工夫すること。,74W2505110000000
看護,6844,(2) 内容の範囲や程度については，次の事項に配慮するものとする。,74W2505200000000
看護,6845,ア　内容の(1)については，各器官系を構成する器官の構造と機能について，基本的な生活行動と関連させて扱うこと。なお，学科の特色に応じて，その概要を扱う程度とすることができること。,74W2505210000000
看護,6846,イ　内容の(2)については，生命維持のための栄養の生理，食習慣と健康及び食事療法の基礎的な内容を扱うこと。,74W2505220000000
看護,6847,ウ　内容の(3)については，主な病原微生物の種類と特徴及び免疫の仕組みの基礎的な内容を扱うこと。,74W2505230000000
看護,6848,第３　疾病と看護,74W3500000000000
看護,6849,"１　目　標
　看護を実践するために必要な疾病，治療及び薬物に関する知識を習得させ，これらと疾病からの回復を促進させるための看護との関連について理解させる。",74W3502000000000
看護,6850,２　内　容,74W3503000000000
看護,6851,(1) 疾病の成り立ちと回復の過程,74W3503100000000
看護,6852,ア　疾病の成り立ち,74W3503110000000
看護,6853,イ　回復の過程,74W3503120000000
看護,6854,ウ　疾病と検査,74W3503130000000
看護,6855,エ　系統別疾患,74W3503140000000
看護,6856,(2) 薬物と薬理,74W3503200000000
看護,6857,ア　薬物の作用,74W3503210000000
看護,6858,イ　薬物と生体の反応,74W3503220000000
看護,6859,ウ　薬物の管理,74W3503230000000
看護,6860,エ　薬物治療,74W3503240000000
看護,6861,３　内容の取扱い,74W3505000000000
看護,6862,(1) 内容の構成及びその取扱いに当たっては，次の事項に配慮するものとする。,74W3505100000000
看護,6863,ア　指導に当たっては，「人体と看護」，「生活と看護」の内容構成を踏まえ，人間を身体的・精神的・社会的に統合された存在として理解を深めることができるように工夫すること。,74W3505110000000
看護,6864,イ　内容の(1)のエ及び(2)のエについては，学科の特色に応じて，扱わないことができること。,74W3505120000000
看護,6865,(2) 内容の範囲や程度については，次の事項に配慮するものとする。,74W3505200000000
看護,6866,ア　内容の(1)については，病理及び主な疾患の病態生理について，疾病からの回復の過程を含めて扱うこと。,74W3505210000000
看護,6867,イ　内容の(2)については，薬理に関する基礎的な内容を扱うとともに，基本的な薬物について臨床での活用と関連させて扱うこと。,74W3505220000000
看護,6868,第４　生活と看護,74W4500000000000
看護,6869,"１　目　標
　看護を実践するために必要な精神保健，生活者の健康及び社会保障制度に関する知識を習得させ，社会生活における医療と保健及び福祉との関係について理解させる。",74W4502000000000
看護,6870,２　内　容,74W4503000000000
看護,6871,(1) 精神保健,74W4503100000000
看護,6872,ア　心の働きと発達,74W4503110000000
看護,6873,イ　心の健康,74W4503120000000
看護,6874,ウ　ストレスとその対処,74W4503130000000
看護,6875,エ　精神保健活動,74W4503140000000
看護,6876,(2) 生活と健康,74W4503200000000
看護,6877,ア　生活環境と健康,74W4503210000000
看護,6878,イ　人々の生活と健康,74W4503220000000
看護,6879,ウ　ヘルスプロモーションと公衆衛生,74W4503230000000
看護,6880,(3) 社会保障制度と福祉,74W4503300000000
看護,6881,ア　社会保障と社会福祉,74W4503310000000
看護,6882,イ　保健医療福祉制度,74W4503320000000
看護,6883,ウ　保健医療福祉関係法規,74W4503330000000
看護,6884,３　内容の取扱い,74W4505000000000
看護,6885,(1) 内容の構成及びその取扱いに当たっては，次の事項に配慮するものとする。,74W4505100000000
看護,6886,ア　指導に当たっては，「人体と看護」，「疾病と看護」の内容構成を踏まえ，人間を身体的・精神的・社会的に統合された存在として理解を深めることができるように工夫すること。,74W4505110000000
看護,6887,イ　内容の(2)のウについては，学科の特色に応じて，扱わないことができること。,74W4505120000000
看護,6888,(2) 内容の範囲や程度については，次の事項に配慮するものとする。,74W4505200000000
看護,6889,ア　内容の(1)については，性の発達と心の健康との関連も扱うこと。,74W4505210000000
看護,6890,イ　内容の(2)については，生活環境や生活行動と健康との関連及びヘルスプロモーションや公衆衛生の基本的な内容を扱うこと。,74W4505220000000
看護,6891,ウ　内容の(3)については，社会保障及び社会福祉の理念と基本的な制度を扱うこと。ウについては，看護及び看護活動と関連の深い保健医療福祉等に関する法規の概要を扱うこと。,74W4505230000000
看護,6892,第５　成人看護,74W5500000000000
看護,6893,"１　目　標
　成人の心身，生活，保健及び疾病について理解させ，成人の看護に関する知識と技術を習得させるとともに，その看護を行うために必要な基礎的な能力と態度を育てる。",74W5502000000000
看護,6894,２　内　容,74W5503000000000
看護,6895,(1) 成人の生活・健康の特徴と看護,74W5503100000000
看護,6896,ア　生活と健康の特徴,74W5503110000000
看護,6897,イ　健康問題の特徴,74W5503120000000
看護,6898,ウ　成人期の疾患の特徴,74W5503130000000
看護,6899,エ　成人看護の特徴,74W5503140000000
看護,6900,(2) 機能障害と看護,74W5503200000000
看護,6901,ア　循環機能障害と看護,74W5503210000000
看護,6902,イ　呼吸機能障害と看護,74W5503220000000
看護,6903,ウ　栄養摂取・代謝障害と看護,74W5503230000000
看護,6904,エ　内部環境調節障害と看護,74W5503240000000
看護,6905,オ　生体防御機能障害と看護,74W5503250000000
看護,6906,カ　感覚機能障害と看護,74W5503260000000
看護,6907,キ　認知機能・コミュニケーション障害と看護,74W5503270000000
看護,6908,ク　運動機能障害と看護,74W5503280000000
看護,6909,ケ　排泄《せつ》機能障害と看護,74W5503290000000
看護,6910,コ　性機能障害と看護,74W55032A0000000
看護,6911,３　内容の取扱い,74W5505000000000
看護,6912,(1) 内容の構成及びその取扱いに当たっては，次の事項に配慮するものとする。,74W5505100000000
看護,6913,ア　内容の(2)については，必要に応じて実習を行い，成人の特質に応じた基本的な看護の方法を習得させること。,74W5505110000000
看護,6914,(2) 内容の範囲や程度については，次の事項に配慮するものとする。,74W5505200000000
看護,6915,ア　内容の(1)については，成人の成長発達に伴う身体的変化と精神的・社会的発達，生活の特徴，健康問題などとそれに関連する成人の看護の特徴について扱うこと。,74W5505210000000
看護,6916,イ　内容の(2)については，身体の様々な機能障害とそれがもたらす日常生活の制限と治療にかかわる看護の知識と技術について基礎的な内容を扱うこと。なお，学科の特色に応じて，その概要を扱う程度とすることができること。,74W5505220000000
看護,6917,第６　老年看護,74W6500000000000
看護,6918,"１　目　標
　高齢者の加齢，生活，保健及び疾病について理解させ，高齢者の看護に関する知識と技術を習得させるとともに，その看護を行うために必要な基礎的な能力と態度を育てる。",74W6502000000000
看護,6919,２　内　容,74W6503000000000
看護,6920,(1) 老年期の生活と健康,74W6503100000000
看護,6921,ア　老年期の理解,74W6503110000000
看護,6922,イ　身体的・精神的・社会的機能の変化,74W6503120000000
看護,6923,ウ　日常生活の特徴,74W6503130000000
看護,6924,エ　健康状態の多様性とその課題,74W6503140000000
看護,6925,(2) 高齢者の保健医療福祉の動向,74W6503200000000
看護,6926,ア　高齢者を取り巻く社会,74W6503210000000
看護,6927,イ　高齢者の保健医療福祉施策の概要,74W6503220000000
看護,6928,(3) 高齢者の日常生活の障害と看護,74W6503300000000
看護,6929,ア　生活に視点を置いた看護,74W6503310000000
看護,6930,イ　高齢者のフィジカルアセスメント,74W6503320000000
看護,6931,(4) 高齢者の代表的な障害と看護,74W6503400000000
看護,6932,ア　視覚・聴覚障害と看護,74W6503410000000
看護,6933,イ　コミュニケーション障害と看護,74W6503420000000
看護,6934,ウ　排泄《せつ》障害と看護,74W6503430000000
看護,6935,エ　日常生活動作の障害と看護,74W6503440000000
看護,6936,オ　認知症・精神障害と看護,74W6503450000000
看護,6937,カ　骨粗鬆《しょう》症と看護,74W6503460000000
看護,6938,３　内容の取扱い,74W6505000000000
看護,6939,(1) 内容の構成及びその取扱いに当たっては，次の事項に配慮するものとする。,74W6505100000000
看護,6940,ア　内容の(1)から(4)までについては，必要に応じて実習を行い，高齢者の特性に応じた基本的な看護の方法を習得させること。,74W6505110000000
看護,6941,イ　内容の(4)については，学科の特色に応じて，扱わないことができること。,74W6505120000000
看護,6942,(2) 内容の範囲や程度については，次の事項に配慮するものとする。,74W6505200000000
看護,6943,ア　内容の(1)については，高齢者を身体的，精神的，社会的側面など多様な視点から理解し，人間としての尊厳を保ち，自立した生活が送れるよう支援することの重要性について扱うこと。,74W6505210000000
看護,6944,イ　内容の(2)については，高齢者を支える基本的な社会保障制度や福祉制度について扱うこと。また，社会構造の変化や高齢化の進展に伴う高齢者の保健医療福祉の問題について扱うこと。,74W6505220000000
看護,6945,ウ　内容の(3)及び(4)については，老化と疾病の程度に応じた老年看護の必要性とその方法の基礎的な内容について扱うこと。,74W6505230000000
看護,6946,第７　精神看護,74W7500000000000
看護,6947,"１　目　標
　精神看護の意義と役割及び精神に障害のある人の看護の実際を理解させ，精神看護に関する知識と技術を習得させるとともに，その看護を行うために必要な基礎的な能力と態度を育てる。",74W7502000000000
看護,6948,２　内　容,74W7503000000000
看護,6949,(1) 精神の健康と看護,74W7503100000000
看護,6950,ア　精神の構造と機能,74W7503110000000
看護,6951,イ　精神看護の基本概念,74W7503120000000
看護,6952,(2) 精神医療の歴史と精神保健福祉,74W7503200000000
看護,6953,ア　精神医療看護の変遷,74W7503210000000
看護,6954,イ　地域における精神保健医療福祉と看護,74W7503220000000
看護,6955,ウ　地域における生活支援,74W7503230000000
看護,6956,(3) 精神疾患と看護,74W7503300000000
看護,6957,ア　主な症状と看護,74W7503310000000
看護,6958,イ　検査及び治療と看護,74W7503320000000
看護,6959,ウ　主な精神疾患と看護,74W7503330000000
看護,6960,３　内容の取扱い,74W7505000000000
看護,6961,(1) 内容の構成及びその取扱いに当たっては，次の事項に配慮するものとする。,74W7505100000000
看護,6962,ア　指導に当たっては，精神の健康の保持増進及び精神障害時の看護を統合的に学習できるようにすること。,74W7505110000000
看護,6963,イ　内容の(3)については，学科の特色に応じて，扱わないことができること。,74W7505120000000
看護,6964,(2) 内容の範囲や程度については，次の事項に配慮するものとする。,74W7505200000000
看護,6965,ア　内容の(1)については，精神の健康に関する基礎的な内容について扱うこと。また，精神看護の基礎的な知識や人間関係の成立過程，リエゾン精神看護などについて扱うこと。,74W7505210000000
看護,6966,イ　内容の(2)については，精神医療看護の歴史を通して精神に障害のある人の人権や精神保健医療における看護の役割，倫理的配慮について扱うこと。また，地域で生活していくための支援システムや必要な援助についても扱うこと。,74W7505220000000
看護,6967,ウ　内容の(3)については，精神症状を有する人に対する看護に関する知識と技術について基礎的な内容を扱うこと。,74W7505230000000
看護,6968,第８　在宅看護,74W8500000000000
看護,6969,"１　目　標
　在宅看護の意義と役割及び看護の実際を理解させ，在宅での看護に関する知識と技術を習得させるとともに，その看護を行うために必要な基礎的な能力と態度を育てる。",74W8502000000000
看護,6970,２　内　容,74W8503000000000
看護,6971,(1) 在宅看護の意義と役割,74W8503100000000
看護,6972,ア　在宅看護の必要性と対象,74W8503110000000
看護,6973,イ　在宅看護の場,74W8503120000000
看護,6974,ウ　訪問看護活動の形態,74W8503130000000
看護,6975,(2) 在宅療養者と家族への支援,74W8503200000000
看護,6976,ア　訪問看護の準備,74W8503210000000
看護,6977,イ　在宅における日常生活,74W8503220000000
看護,6978,ウ　訪問看護の実際,74W8503230000000
看護,6979,３　内容の取扱い,74W8505000000000
看護,6980,(1) 内容の構成及びその取扱いに当たっては，次の事項に配慮するものとする。,74W8505100000000
看護,6981,ア　指導に当たっては，看護に関する各科目において習得した内容をもとに学習できるようにすること。また，在宅療養者とその家族に対するクオリティー・オブ・ライフを重視した在宅看護の特徴が学習できるようにすること。,74W8505110000000
看護,6982,イ　内容の(2)については，講義と実習の一体的な指導により，知識と技術が統合化されるようにすること。,74W8505120000000
看護,6983,ウ　内容の(2)については，学科の特色に応じて，扱わないことができること。,74W8505130000000
看護,6984,(2) 内容の範囲や程度については，次の事項に配慮するものとする。,74W8505200000000
看護,6985,ア　内容の(1)のウについては，在宅看護活動，組織的支援活動及びそれに携わる他職種と協働する中での看護の役割も扱うこと。,74W8505210000000
看護,6986,イ　内容の(2)については，在宅療養者の日常生活への援助とその家族の生活の状態に応じた援助をするための知識と技術に関する基礎的な内容及び診療の補助業務について扱うこと。ウについては，在宅看護における終末期の支援技術についても扱うこと。,74W8505220000000
看護,6987,第９　母性看護,74W9500000000000
看護,6988,"１　目　標
　母性の特質，生活，保健及び疾病について理解させ，母性の看護に関する知識と技術を習得させるとともに，その看護を行うために必要な基礎的な能力と態度を育てる。",74W9502000000000
看護,6989,２　内　容,74W9503000000000
看護,6990,(1) 母性の健康と看護,74W9503100000000
看護,6991,ア　母性看護の意義,74W9503110000000
看護,6992,イ　母子の保健と福祉,74W9503120000000
看護,6993,ウ　人間の性と生殖,74W9503130000000
看護,6994,(2) 母性の看護,74W9503200000000
看護,6995,ア　女性のライフステージ各期の特徴と看護,74W9503210000000
看護,6996,イ　周産期における看護,74W9503220000000
看護,6997,ウ　周産期の異常と看護,74W9503230000000
看護,6998,(3) 新生児の看護,74W9503300000000
看護,6999,ア　新生児の生理と看護,74W9503310000000
看護,7000,イ　新生児期の異常と看護,74W9503320000000
看護,7001,３　内容の取扱い,74W9505000000000
看護,7002,(1) 内容の構成及びその取扱いに当たっては，次の事項に配慮するものとする。,74W9505100000000
看護,7003,ア　内容の(2)，(3)については，必要に応じて実習を行い，母性看護の対象及び新生児の特質に応じた基本的な看護の方法を習得させること。,74W9505110000000
看護,7004,イ　内容の(2)のウ，(3)のイについては，学科の特色に応じて，扱わないことができること。,74W9505120000000
看護,7005,(2) 内容の範囲や程度については，次の事項に配慮するものとする。,74W9505200000000
看護,7006,ア　内容の(1)のアについては，母性看護の対象となる人の健康と母性看護の基本的な概念について扱うこと。イについては，母子保健の現状と母子の保健・福祉に関する基本的な法規や制度の概要を扱うこと。,74W9505210000000
看護,7007,イ　内容の(2)については，母性の健康及び妊婦，産婦，褥《じょく》婦に対する看護に関する知識と技術について基礎的な内容を扱うこと。,74W9505220000000
看護,7008,ウ　内容の(3)については，新生児に対する看護に関する知識と技術について基礎的な内容を扱うこと。,74W9505230000000
看護,7009,第10　小児看護,74WA500000000000
看護,7010,"１　目　標
　小児の特質，生活，保健及び疾病について理解させ，小児の看護に関する知識と技術を習得させるとともに，その看護を行うために必要な基礎的な能力と態度を育てる。",74WA502000000000
看護,7011,２　内　容,74WA503000000000
看護,7012,(1) 小児の健康と看護,74WA503100000000
看護,7013,ア　小児看護の意義,74WA503110000000
看護,7014,イ　小児の保健と福祉,74WA503120000000
看護,7015,(2) 小児の成長・発達と看護,74WA503200000000
看護,7016,ア　小児の成長・発達,74WA503210000000
看護,7017,イ　小児の日常生活と看護,74WA503220000000
看護,7018,(3) 健康問題のある小児と看護,74WA503300000000
看護,7019,ア　健康問題のある小児と家族の看護,74WA503310000000
看護,7020,イ　主な症状と看護,74WA503320000000
看護,7021,ウ　急性期にある小児の看護,74WA503330000000
看護,7022,エ　慢性期にある小児の看護,74WA503340000000
看護,7023,３　内容の取扱い,74WA505000000000
看護,7024,(1) 内容の構成及びその取扱いに当たっては，次の事項に配慮するものとする。,74WA505100000000
看護,7025,ア　内容の(2)及び(3)については，必要に応じて実習を行い，小児の特質に応じた基本的な看護の方法を習得させること。,74WA505110000000
看護,7026,イ　内容の(3)については，学科の特色に応じて，扱わないことができること。,74WA505120000000
看護,7027,(2) 内容の範囲や程度については，次の事項に配慮するものとする。,74WA505200000000
看護,7028,ア　内容の(1)のアについては，小児の健康と小児看護の基本的な概念について扱うこと。イについては，小児保健の現状と小児の保健・福祉に関する基本的な法規や制度の概要を扱うこと。,74WA505210000000
看護,7029,イ　内容の(2)については，小児期の成長・発達に関する基礎的な内容と小児の日常生活，家族の子どもに対するかかわり方や生活指導，育児における家族の役割などについて看護と関連付けて扱うこと。,74WA505220000000
看護,7030,ウ　内容の(3)については，健康問題のある小児とその家族に対する看護に関する知識と技術について基礎的な内容を扱うこと。,74WA505230000000
看護,7031,第11　看護の統合と実践,74WB500000000000
看護,7032,"１　目　標
　看護に関する各科目において習得した内容を臨床で活用できるよう，知識と技術の統合を図るとともに，看護の専門職として必要な能力と態度を育てる。",74WB502000000000
看護,7033,２　内　容,74WB503000000000
看護,7034,(1) 看護活動と組織,74WB503100000000
看護,7035,ア　保健医療福祉に携わる人々,74WB503110000000
看護,7036,イ　関係職種との連携,74WB503120000000
看護,7037,ウ　医療施設における看護組織,74WB503130000000
看護,7038,エ　国際協力,74WB503140000000
看護,7039,(2) 医療安全,74WB503200000000
看護,7040,ア　医療事故発生のメカニズム,74WB503210000000
看護,7041,イ　医療事故防止の考え方,74WB503220000000
看護,7042,ウ　医療安全への取組み,74WB503230000000
看護,7043,エ　医療従事者の法的責任,74WB503240000000
看護,7044,(3) 災害看護,74WB503300000000
看護,7045,ア　災害看護の意義,74WB503310000000
看護,7046,イ　災害各期の対応と看護,74WB503320000000
看護,7047,ウ　災害看護における心のケア,74WB503330000000
看護,7048,(4) 統合実践,74WB503400000000
看護,7049,ア　看護計画の立案と評価,74WB503410000000
看護,7050,イ　実践への展開,74WB503420000000
看護,7051,３　内容の取扱い,74WB505000000000
看護,7052,(1) 内容の構成及びその取扱いに当たっては，次の事項に配慮するものとする。,74WB505100000000
看護,7053,ア　指導に当たっては，臨床実践に近い状況を想定した実習を取り入れること。,74WB505110000000
看護,7054,(2) 内容の範囲や程度については，次の事項に配慮するものとする。,74WB505200000000
看護,7055,ア　内容の(1)については，チーム医療及び他職種との協働の中で看護師としてのメンバーシップ及びリーダーシップについて扱うこと。また，看護のマネジメントと国際社会における諸外国との協力の重要性について扱うこと。,74WB505210000000
看護,7056,イ　内容の(2)については，医療の安全確保に必要な基礎的な知識を扱うこと。また，具体的な事例を通して，安全の確保に関する看護師の役割，責任及び倫理について扱うこと。,74WB505220000000
看護,7057,ウ　内容の(3)については，災害直後から支援できる看護の基礎的な知識や心的外傷後ストレス障害などの心のケアについて扱うこと。,74WB505230000000
看護,7058,エ　内容の(4)については，看護援助を必要とする患者の設定を臨床に即して行い，その看護過程の展開と実践を行うこと。,74WB505240000000
看護,7059,第12　看護臨地実習,74WC500000000000
看護,7060,"１　目　標
　看護に関する各科目において習得した知識と技術を臨床の場で活用し実践する経験を通して，看護観をはぐくみ，問題解決の能力を養うとともに，チーム医療に携わる様々な職種の役割及び保健医療福祉との連携・協働について理解し，臨床看護を行うために必要な能力と態度を育てる。",74WC502000000000
看護,7061,２　内　容,74WC503000000000
看護,7062,(1) 基礎看護臨地実習,74WC503100000000
看護,7063,ア　医療施設の機能と看護の役割,74WC503110000000
看護,7064,イ　患者の理解,74WC503120000000
看護,7065,ウ　看護におけるコミュニケーション,74WC503130000000
看護,7066,エ　日常生活の援助,74WC503140000000
看護,7067,オ　看護の展開,74WC503150000000
看護,7068,(2) 領域別看護臨地実習,74WC503200000000
看護,7069,ア　成人看護臨地実習,74WC503210000000
看護,7070,イ　老年看護臨地実習,74WC503220000000
看護,7071,ウ　小児看護臨地実習,74WC503230000000
看護,7072,エ　母性看護臨地実習,74WC503240000000
看護,7073,オ　精神看護臨地実習,74WC503250000000
看護,7074,(3) 統合実践看護臨地実習,74WC503300000000
看護,7075,ア　在宅看護臨地実習,74WC503310000000
看護,7076,イ　看護の統合と実践,74WC503320000000
看護,7077,３　内容の取扱い,74WC505000000000
看護,7078,(1) 内容の構成及びその取扱いに当たっては，次の事項に配慮するものとする。,74WC505100000000
看護,7079,ア　指導に当たっては，生徒が主体的に設定した看護に関する課題について，問題解決的な学習をさせるようにすること。,74WC505110000000
看護,7080,イ　指導に当たっては，臨床の場における学習の効果を高めるために，事前及び事後の指導を適切に行うこと。また，医療事故などの防止及び個人情報保護に関する指導を徹底し，安全と衛生に十分留意すること。,74WC505120000000
看護,7081,ウ　内容の(1)のオ，(2)及び(3)については，学科の特色に応じて，扱わないことができること。,74WC505130000000
看護,7082,(2) 内容の範囲や程度については，次の事項に配慮するものとする。,74WC505200000000
看護,7083,ア　内容の(1)については，看護実践の基礎として必要な医療施設等の機能と看護の役割，患者の総合的な把握及び看護におけるコミュニケーションの重要性，患者の状態に応じた日常生活の援助の方法を扱うこと。,74WC505210000000
看護,7084,イ　内容の(2)のアについては，慢性期や急性期，回復期にある患者の看護の体験を通して看護の理論と実践を結び付け，成人に対する看護の特質と個別性について扱うこと。イについては，老年期の患者の看護の体験を通して看護の理論と実践を結び付け，老年期の特色と看護の特質について扱うこと。ウについては，小児の発達段階に応じた看護の体験を通して看護の理論と実践を結び付け，小児に対する看護の特質について扱うこと。エについては，母性の看護，新生児の看護の体験を通して看護の理論と実践を結び付け，対象に応じた看護の特質について扱うこと。オについては，精神保健活動の場と看護及び精神症状を現している人の看護の体験を通して，精神症状を現している人に対する看護の特質について扱うこと。,74WC505220000000
看護,7085,ウ　内容の(3)については，看護に関する知識と技術を統合させるよう，チーム医療に携わる他職種や保健医療福祉との連携・協働などを含め，臨床実践の中で必要な基礎的な知識と技術を扱うこと。アについては，在宅における訪問看護や地域における医療看護活動などの実習を行うこと。イについては，臨床における看護活動について総合的な実習を行うこと。,74WC505230000000
看護,7086,第13　看護情報活用,74WD500000000000
看護,7087,"１　目　標
　社会における情報化の進展と情報の意義や役割を理解させるとともに，情報の活用に関する知識と技術を習得させ，看護の分野で情報及び情報手段を主体的に活用する能力と態度を育てる。",74WD502000000000
看護,7088,２　内　容,74WD503000000000
看護,7089,(1) 情報機器と情報の活用,74WD503100000000
看護,7090,ア　生活と情報の活用,74WD503110000000
看護,7091,イ　情報機器の活用分野,74WD503120000000
看護,7092,ウ　情報通信ネットワーク,74WD503130000000
看護,7093,(2) 情報モラルとセキュリティ,74WD503200000000
看護,7094,ア　情報の価値とモラル,74WD503210000000
看護,7095,イ　情報のセキュリティ管理,74WD503220000000
看護,7096,(3) 看護と情報機器の活用,74WD503300000000
看護,7097,ア　看護における情報機器活用の目的と意義,74WD503310000000
看護,7098,イ　個人情報の管理,74WD503320000000
看護,7099,ウ　保健医療福祉の現場における看護情報システム,74WD503330000000
看護,7100,３　内容の取扱い,74WD505000000000
看護,7101,(1) 内容の構成及びその取扱いに当たっては，次の事項に配慮するものとする。,74WD505100000000
看護,7102,ア　指導に当たっては，看護に関する題材やデータなどを用いた実習を通して，看護の分野において情報を主体的に活用できるようにすること。また，他の看護に関する各科目と関連付けて指導すること。,74WD505110000000
看護,7103,(2) 内容の範囲や程度については，次の事項に配慮するものとする。,74WD505200000000
看護,7104,ア　内容の(1)については，情報化の進展が生活や社会に及ぼす影響，情報の意義や役割及び情報機器の活用分野の概要を扱うとともに，情報通信ネットワークを活用した情報の収集，処理，分析及び発信について体験的に扱うこと。,74WD505210000000
看護,7105,イ　内容の(2)については，個人のプライバシーや著作権など知的財産の保護，収集した情報の管理，発信する情報に対する責任などの情報モラル及び情報通信ネットワークシステムにおけるセキュリティ管理の重要性について扱うこと。,74WD505220000000
看護,7106,ウ　内容の(3)については，保健医療福祉サービス現場における情報の意義や役割及びコンピュータや医療用電子機器の活用の概要について扱うこと。アについては，医療用電子機器など測定機器の使用について扱うこと。イについては，保健医療福祉の現場における個人情報の管理の実際と重要性について扱うこと。ウについては，看護援助を適切に行うための情報システムの活用を具体的に扱うこと。,74WD505230000000
看護,7107,第３款　各科目にわたる指導計画の作成と内容の取扱い,74W0300000000000
看護,7108,１　指導計画の作成に当たっては，次の事項に配慮するものとする。,74W0300100000000
看護,7109,(1) 看護に関する各学科においては，「基礎看護」及び「看護臨地実習」を原則としてすべての生徒に履修させること。,74W0300110000000
看護,7110,(2) 看護に関する各学科においては，原則として看護に関する科目に配当する総授業時数の10分の５以上を実験・実習に配当すること。,74W0300120000000
看護,7111,(3) 地域や医療機関，産業界等との連携・交流を通じた実践的な学習活動や就業体験を積極的に取り入れるとともに，社会人講師を積極的に活用するなどの工夫に努めること。,74W0300130000000
看護,7112,２　各科目の指導に当たっては，コンピュータや情報通信ネットワークなどの活用を図り，学習の効果を高めるよう配慮するものとする。,74W0300200000000
看護,7113,３　実験・実習を行うに当たっては，関連する法規等に従い，施設・設備や薬品等の安全管理に配慮し，学習環境を整えるとともに，事故防止の指導を徹底し，安全と衛生に十分留意するものとする。,74W0300300000000
情報（専門）,7114,第７節　情　　　報,74X0000000000000
情報（専門）,7115,"第１款　目　標
　情報の各分野に関する基礎的・基本的な知識と技術を習得させ，現代社会における情報の意義や役割を理解させるとともに，情報社会の諸課題を主体的，合理的に，かつ倫理観をもって解決し，情報産業と社会の発展を図る創造的な能力と実践的な態度を育てる。",74X0100000000000
情報（専門）,7116,第２款　各　科　目,74X0500000000000
情報（専門）,7117,第１　情報産業と社会,74X1500000000000
情報（専門）,7118,"１　目　標
　情報産業と社会とのかかわりについての基礎的な知識と技術を習得させ，情報産業への興味・関心を高めるとともに，情報に関する広い視野を養い，情報産業の発展に寄与する能力と態度を育てる。",74X1502000000000
情報（専門）,7119,２　内　容,74X1503000000000
情報（専門）,7120,(1) 情報化と社会,74X1503100000000
情報（専門）,7121,ア　社会の情報化,74X1503110000000
情報（専門）,7122,イ　情報化の進展と情報産業の役割,74X1503120000000
情報（専門）,7123,(2) 情報産業と情報技術,74X1503200000000
情報（専門）,7124,ア　情報産業を支える情報技術,74X1503210000000
情報（専門）,7125,イ　情報産業における情報技術の活用,74X1503220000000
情報（専門）,7126,(3) 情報産業と情報モラル,74X1503300000000
情報（専門）,7127,ア　情報技術者の業務と責任,74X1503310000000
情報（専門）,7128,イ　情報モラルと情報セキュリティ,74X1503320000000
情報（専門）,7129,ウ　情報産業と法規,74X1503330000000
情報（専門）,7130,３　内容の取扱い,74X1505000000000
情報（専門）,7131,(1) 内容の構成及びその取扱いに当たっては，次の事項に配慮するものとする。,74X1505100000000
情報（専門）,7132,ア　指導に当たっては，産業現場の見学や情報産業における具体的な事例を通して，情報産業の業務内容やそこで働くことの意義について理解させること。また，情報技術者が社会において果たしている役割について理解させること。,74X1505110000000
情報（専門）,7133,イ　指導に当たっては，社会の情報化の進展が生活に及ぼす影響について具体的な事例を通して理解させるとともに，情報産業が社会の情報化に果たす役割の重要性について考えさせること。また，情報産業における情報モラルについて討議するなど生徒が主体的に考える活動を取り入れること。,74X1505120000000
情報（専門）,7134,(2) 内容の範囲や程度については，次の事項に配慮するものとする。,74X1505200000000
情報（専門）,7135,ア　内容の(1)のアについては，情報伝達手段の変遷についても扱うこと。イについては，これからの学習を進めるための指針を与えるために，情報産業の業務内容やそこで働く情報技術者の役割について扱うこと。,74X1505210000000
情報（専門）,7136,イ　内容の(2)については，学校や生徒の実態に応じて，適切な情報技術を選択し，実習を中心にして扱うこと。アについては，基本的なハードウェア，ソフトウェア及び情報通信ネットワークに関する基礎的な知識と技術について扱うこと。イについては，情報産業の業務内容と関連付けながら情報の収集，処理，分析，発信，表現など情報技術の適切な活用方法について扱うこと。,74X1505220000000
情報（専門）,7137,ウ　内容の(3)のアについては，技術や情報の守秘義務や法令遵守などの情報技術者としての使命と責任について扱うこと。イについては，情報セキュリティの管理を適切に行うために必要な基礎的な知識と技術について扱うとともに，情報セキュリティ対策の重要性について扱うこと。ウについては，情報産業における情報や個人情報の保護，著作権などの知的財産及び情報セキュリティ対策に関する法規を扱い，法規を守ることの意義と重要性についても扱うこと。,74X1505230000000
情報（専門）,7138,第２　課題研究,74X2500000000000
情報（専門）,7139,"１　目　標
　情報に関する課題を設定し，その課題の解決を図る学習を通して，専門的な知識と技術の深化，総合化を図るとともに，問題解決の能力や自発的，創造的な学習態度を育てる。",74X2502000000000
情報（専門）,7140,２　内　容,74X2503000000000
情報（専門）,7141,(1) 調査，研究，実験,74X2503100000000
情報（専門）,7142,(2) 作品の制作,74X2503200000000
情報（専門）,7143,(3) 産業現場等における実習,74X2503300000000
情報（専門）,7144,(4) 職業資格の取得,74X2503400000000
情報（専門）,7145,３　内容の取扱い,74X2505000000000
情報（専門）,7146,(1) 内容の構成及びその取扱いに当たっては，次の事項に配慮するものとする。,74X2505100000000
情報（専門）,7147,ア　生徒の興味・関心，進路希望等に応じて，内容の(1)から(4)までの中から個人又はグループで適切な課題を設定させること。なお，課題は内容の(1)から(4)までの２項目以上にまたがる課題を設定することができること。,74X2505110000000
情報（専門）,7148,イ　課題研究の成果について発表する機会を設けるようにすること。,74X2505120000000
情報（専門）,7149,第３　情報の表現と管理,74X3500000000000
情報（専門）,7150,"１　目　標
　情報の表現と管理に関する基礎的な知識と技術を習得させ，情報を目的に応じて適切に表現するとともに，管理し活用する能力と態度を育てる。",74X3502000000000
情報（専門）,7151,２　内　容,74X3503000000000
情報（専門）,7152,(1) 情報の表現,74X3503100000000
情報（専門）,7153,ア　情報と表現の基礎,74X3503110000000
情報（専門）,7154,イ　情報の表現技法,74X3503120000000
情報（専門）,7155,ウ　情報の発信,74X3503130000000
情報（専門）,7156,(2) 情報の管理,74X3503200000000
情報（専門）,7157,ア　ドキュメンテーション,74X3503210000000
情報（専門）,7158,イ　情報の管理,74X3503220000000
情報（専門）,7159,ウ　コンピュータによる情報の管理と活用,74X3503230000000
情報（専門）,7160,３　内容の取扱い,74X3505000000000
情報（専門）,7161,(1) 内容の構成及びその取扱いに当たっては，次の事項に配慮するものとする。,74X3505100000000
情報（専門）,7162,ア　指導に当たっては，実習を通して，情報の表現と管理にコンピュータを積極的に活用しようとする主体的な態度を身に付けさせること。また，具体的な事例を通して，情報を扱う上での個人の責任について理解させること。,74X3505110000000
情報（専門）,7163,(2) 内容の範囲や程度については，次の事項に配慮するものとする。,74X3505200000000
情報（専門）,7164,ア　内容の(1)のアについては，文字，図形，音などのコミュニケーションを行う際のメディアを取り上げ，それぞれの特性と役割について扱うこと。イについては，アプリケーションソフトウェアを活用した基本的な情報の表現技法について扱うこと。また，レイアウトや配色などの視覚表現に関するデザインの方法について扱うこと。ウについては，情報通信ネットワークを活用した情報の表現や発信及び効果的なプレゼンテーションの方法について扱うこと。,74X3505210000000
情報（専門）,7165,イ　内容の(2)のアについては，情報の記録，管理や伝達のために文書化することの重要性及び実践的な文書の作成方法について扱うこと。イについては，情報を目的に応じて分類し，整理し，及び保存するために必要な基礎的な知識と技術を扱うこと。また，情報セキュリティに配慮した情報の管理手法について扱うこと。ウについては，コンピュータやアプリケーションソフトウェアなどを用いて，情報を整理，抽出，管理する方法について扱うこと。,74X3505220000000
情報（専門）,7166,第４　情報と問題解決,74X4500000000000
情報（専門）,7167,"１　目　標
　情報と情報手段を活用した問題の発見と解決に関する基礎的な知識と技術を習得させ，適切に問題解決を行うことができる能力と態度を育てる。",74X4502000000000
情報（専門）,7168,２　内　容,74X4503000000000
情報（専門）,7169,(1) 問題解決の概要,74X4503100000000
情報（専門）,7170,ア　問題の発見から解決までの流れ,74X4503110000000
情報（専門）,7171,イ　問題解決の実際,74X4503120000000
情報（専門）,7172,(2) 問題の発見と解決,74X4503200000000
情報（専門）,7173,ア　データの収集,74X4503210000000
情報（専門）,7174,イ　データの整理,74X4503220000000
情報（専門）,7175,ウ　データの分析,74X4503230000000
情報（専門）,7176,エ　最適化,74X4503240000000
情報（専門）,7177,(3) 問題解決の過程と結果の評価,74X4503300000000
情報（専門）,7178,ア　評価の方法,74X4503310000000
情報（専門）,7179,イ　評価の実際,74X4503320000000
情報（専門）,7180,３　内容の取扱い,74X4505000000000
情報（専門）,7181,(1) 内容の構成及びその取扱いに当たっては，次の事項に配慮するものとする。,74X4505100000000
情報（専門）,7182,ア　指導に当たっては，実習を通して，情報及びコンピュータや情報通信ネットワークなどの情報手段を活用した問題の発見から解決までの過程において必要とされる知識と技術について理解させること。また，適切な解決方法を用いることの重要性について考えさせるとともに，問題解決の手法を適切に選択することができるようにすること。,74X4505110000000
情報（専門）,7183,(2) 内容の範囲や程度については，次の事項に配慮するものとする。,74X4505200000000
情報（専門）,7184,ア　内容の(1)のアについては，問題の発見から解決までの一連の作業内容を取り上げ，目的に応じた作業や分析方法の選択・実施などを行うために必要な基礎的な知識と技術について扱うこと。イについては，問題解決の手法や考え方が情報産業でどのように活用されているかを理解させるために，情報産業において実際に行われている問題の発見と解決にかかわる具体的な事例について扱うこと。,74X4505210000000
情報（専門）,7185,イ　内容の(2)のアについては，データの収集方法として質問紙調査法や面接法などについて扱うこと。イについては，データの特性に応じてデータを整理し，及び保存する方法について扱うこと。ウについては，問題を発見するために行うデータ分析に必要な記述統計，確率，分布などについて扱うこと。エについては，線形計画法や待ち行列などを取り上げ，問題解決の技法に関する基礎的な知識と技術について扱うこと。,74X4505220000000
情報（専門）,7186,ウ　内容の(3)のアについては，問題の発見から解決までの過程及び結果の評価に必要な基礎的な知識と技術について扱うこと。イについては，問題解決の過程と結果の評価が情報産業で実際にどのように行われているかを理解させるために，情報産業で実際に行われている問題解決の過程と結果の評価にかかわる具体的な事例について扱うこと。,74X4505230000000
情報（専門）,7187,第５　情報テクノロジー,74X5500000000000
情報（専門）,7188,"１　目　標
　情報産業を支える情報テクノロジーの基礎的な知識と技術を習得させ，実際に活用する能力と態度を育てる。",74X5502000000000
情報（専門）,7189,２　内　容,74X5503000000000
情報（専門）,7190,(1) ハードウェア,74X5503100000000
情報（専門）,7191,ア　コンピュータの構造と内部処理,74X5503110000000
情報（専門）,7192,イ　周辺機器とインタフェース,74X5503120000000
情報（専門）,7193,(2) ソフトウェア,74X5503200000000
情報（専門）,7194,ア　オペレーティングシステムの仕組み,74X5503210000000
情報（専門）,7195,イ　応用ソフトウェアの仕組み,74X5503220000000
情報（専門）,7196,ウ　情報コンテンツに関する技術,74X5503230000000
情報（専門）,7197,(3) 情報システム,74X5503300000000
情報（専門）,7198,ア　情報システムの形態,74X5503310000000
情報（専門）,7199,イ　ネットワーク,74X5503320000000
情報（専門）,7200,ウ　データベース,74X5503330000000
情報（専門）,7201,３　内容の取扱い,74X5505000000000
情報（専門）,7202,(1) 内容の構成及びその取扱いに当たっては，次の事項に配慮するものとする。,74X5505100000000
情報（専門）,7203,ア　指導に当たっては，学校や生徒の実態に応じて，適切な情報技術を選択し，実習を中心にして扱うこと。,74X5505110000000
情報（専門）,7204,イ　指導に当たっては，具体的な事例を通して，情報技術の歴史的な変遷及び国際標準や業界標準となっている技術について扱うこと。,74X5505120000000
情報（専門）,7205,(2) 内容の範囲や程度については，次の事項に配慮するものとする。,74X5505200000000
情報（専門）,7206,ア　内容の(1)のアについては，家庭電化製品などへの組込みについても触れること。,74X5505210000000
情報（専門）,7207,イ　内容の(2)のアについては，オペレーティングシステムの役割や重要性及びファイルシステムなどの構造や機能について扱うこと。イについては，応用ソフトウェア，開発環境及びユーザインタフェースを取り上げ，それぞれの特徴について扱うこと。ウについては，静止画，動画，音などを取り上げ，ファイル形式，解像度とファイルサイズ，圧縮と伸張などの情報コンテンツの作成に必要な基礎的な技術について扱うこと。,74X5505220000000
情報（専門）,7208,ウ　内容の(3)のアについては，社会で実際に活用されている情報システムを取り上げ，その形態にとどまらず，仕組みの全体像について扱うこと。イについては，ネットワークの種類及び概要並びにプロトコルなどのネットワークで使われている基礎的な技術について扱うこと。ウについては，データベースの基本的な概念や構造及びデータベースの設計・管理に必要な基礎的な知識と技術について扱うこと。,74X5505230000000
情報（専門）,7209,第６　アルゴリズムとプログラム,74X6500000000000
情報（専門）,7210,"１　目　標
　アルゴリズムとプログラミング及びデータ構造に関する知識と技術を習得させ，実際に活用する能力と態度を育てる。",74X6502000000000
情報（専門）,7211,２　内　容,74X6503000000000
情報（専門）,7212,(1) アルゴリズムの基礎,74X6503100000000
情報（専門）,7213,ア　アルゴリズムの基本要素,74X6503110000000
情報（専門）,7214,イ　処理手順の図式化,74X6503120000000
情報（専門）,7215,(2) プログラミングの基礎,74X6503200000000
情報（専門）,7216,ア　プログラムの構成,74X6503210000000
情報（専門）,7217,イ　基本的な命令文,74X6503220000000
情報（専門）,7218,ウ　プログラミング,74X6503230000000
情報（専門）,7219,(3) 数値計算の基礎,74X6503300000000
情報（専門）,7220,ア　基本的な数値計算,74X6503310000000
情報（専門）,7221,イ　実践的な数値計算,74X6503320000000
情報（専門）,7222,(4) データの型と構造,74X6503400000000
情報（専門）,7223,ア　データの基本的な型と構造,74X6503410000000
情報（専門）,7224,イ　データ構造とアルゴリズム,74X6503420000000
情報（専門）,7225,(5) アルゴリズム応用,74X6503500000000
情報（専門）,7226,３　内容の取扱い,74X6505000000000
情報（専門）,7227,(1) 内容の構成及びその取扱いに当たっては，次の事項に配慮するものとする。,74X6505100000000
情報（専門）,7228,ア　指導に当たっては，実習を通して，アルゴリズムに関する知識と表現技法を習得させるとともに，問題の内容に応じてアルゴリズムを適切に選択し，改善していくことの重要性について理解させること。,74X6505110000000
情報（専門）,7229,イ　指導に当たっては，学校や生徒の実態に応じて，適切なプログラム言語などを選択すること。,74X6505120000000
情報（専門）,7230,ウ　内容の(2)については，プログラム言語の規則の習得に偏ることのないように論理的な思考に関する学習を重視すること。,74X6505130000000
情報（専門）,7231,(2) 内容の範囲や程度については，次の事項に配慮するものとする。,74X6505200000000
情報（専門）,7232,ア　内容の(1)のアについては，アルゴリズムを表現するための順次，選択及び繰り返しの基本的な構造について扱うこと。イについては，流れ図や構造化チャートなどを取り上げ，アルゴリズムの図式化に必要な基礎的な知識と技術について扱うこと。,74X6505210000000
情報（専門）,7233,イ　内容の(2)のアについては，指導するプログラム言語の特徴や記述法などについて扱うこと。イについては，指導するプログラム言語の基本的な命令文について扱うこと。ウについては，効果的なプログラム開発の技法について扱うこと。,74X6505220000000
情報（専門）,7234,ウ　内容の(3)のアについては，分散や標準偏差を取り上げ，基礎的な数値計算のアルゴリズムとプログラムについて扱うこと。イについては，コンピュータを利用した数値計算において計算結果に誤差が生じることやアルゴリズムを工夫して誤差を減らす方法について扱うこと。,74X6505230000000
情報（専門）,7235,エ　内容の(4)のアについては，データの型として数値型，文字型及び論理型並びにデータの構造としてレコード及び配列について扱うこと。イについては，具体的な事例を通して，データ構造の選択と効率的なアルゴリズムについて扱うこと。,74X6505240000000
情報（専門）,7236,オ　内容の(5)については，整列や探索などを取り上げ，効率的なアルゴリズムとプログラムの開発技法について扱うこと。,74X6505250000000
情報（専門）,7237,第７　ネットワークシステム,74X7500000000000
情報（専門）,7238,"１　目　標
　情報通信ネットワークシステムに関する知識と技術を習得させ，実際に活用する能力と態度を育てる。",74X7502000000000
情報（専門）,7239,２　内　容,74X7503000000000
情報（専門）,7240,(1) ネットワークの基礎,74X7503100000000
情報（専門）,7241,ア　データ通信の仕組みと働き,74X7503110000000
情報（専門）,7242,イ　プロトコル,74X7503120000000
情報（専門）,7243,ウ　関連技術,74X7503130000000
情報（専門）,7244,(2) ネットワークの設計と構築,74X7503200000000
情報（専門）,7245,ア　ネットワークの分析　,74X7503210000000
情報（専門）,7246,イ　ネットワークの設計,74X7503220000000
情報（専門）,7247,ウ　ネットワークの構築,74X7503230000000
情報（専門）,7248,(3) ネットワークの運用と保守,74X7503300000000
情報（専門）,7249,ア　ネットワークの運用管理,74X7503310000000
情報（専門）,7250,イ　ネットワークの保守,74X7503320000000
情報（専門）,7251,ウ　ネットワークの障害管理,74X7503330000000
情報（専門）,7252,(4) ネットワークの安全対策,74X7503400000000
情報（専門）,7253,ア　情報セキュリティポリシー,74X7503410000000
情報（専門）,7254,イ　不正行為とその対策,74X7503420000000
情報（専門）,7255,ウ　ネットワーク利用者の啓発,74X7503430000000
情報（専門）,7256,３　内容の取扱い,74X7505000000000
情報（専門）,7257,(1) 内容の構成及びその取扱いに当たっては，次の事項に配慮するものとする。,74X7505100000000
情報（専門）,7258,ア　指導に当たっては，実習を通して，ネットワークシステムの全体像について情報通信ネットワークシステムの設計と運用・保守の視点から理解させるとともに，通信回線と関連機器のハードウェアの概要について理解させること。,74X7505110000000
情報（専門）,7259,(2) 内容の範囲や程度については，次の事項に配慮するものとする。,74X7505200000000
情報（専門）,7260,ア　内容の(1)のアについては，データ通信の基本構成，伝送方式，接続方式などについて扱うこと。イについては，プロトコルの基本的な仕組みと機能について扱うこと。ウについては，ネットワーク機器やネットワークの構造などについて扱うこと。,74X7505210000000
情報（専門）,7261,イ　内容の(2)のアについては，ネットワークシステムの要求分析及びそのための必要条件について扱うこと。イについては，具体的な事例を通して，ネットワークシステムの設計の基礎的な内容について扱うこと。ウについては，効率的なネットワークの構築技法について扱うこと。,74X7505220000000
情報（専門）,7262,ウ　内容の(3)のアについては，ネットワークの構成管理，運転管理及びセキュリティ管理を取り上げ，ネットワークの運用管理の具体的な手法と重要性について扱うこと。イについては，ネットワークの定期保守，事後保守などを取り上げ，ネットワークの保守の具体的な手法と重要性について扱うこと。ウについては，ネットワークの障害の早期発見，早期解決，再発防止を取り上げ，ネットワークの障害管理の具体的な手法と重要性について扱うこと。,74X7505230000000
情報（専門）,7263,エ　内容の(4)のアについては，具体的な事例を通して，人為的過失や自然災害などに対する安全対策に関する基本方針の役割や重要性について扱うこと。イについては，データの破壊，不正アクセスなどを取り上げ，防止策や管理方法について扱うこと。ウについては，情報セキュリティについてのネットワーク利用者への啓発活動の必要性とその内容を扱うこと。,74X7505240000000
情報（専門）,7264,第８　データベース,74X8500000000000
情報（専門）,7265,"１　目　標
　データベースに関する知識と技術を習得させ，実際に活用する能力と態度を育てる。",74X8502000000000
情報（専門）,7266,２　内　容,74X8503000000000
情報（専門）,7267,(1) データベースシステムの概要,74X8503100000000
情報（専門）,7268,ア　データベースの概要,74X8503110000000
情報（専門）,7269,イ　データベースシステムの活用,74X8503120000000
情報（専門）,7270,(2) データベースの設計とデータ操作,74X8503200000000
情報（専門）,7271,ア　データモデル,74X8503210000000
情報（専門）,7272,イ　データの分析とモデル化,74X8503220000000
情報（専門）,7273,ウ　正規化,74X8503230000000
情報（専門）,7274,エ　データ操作,74X8503240000000
情報（専門）,7275,(3) データベースの操作言語,74X8503300000000
情報（専門）,7276,ア　データベースの定義,74X8503310000000
情報（専門）,7277,イ　データベースの操作,74X8503320000000
情報（専門）,7278,(4) データベース管理システム,74X8503400000000
情報（専門）,7279,ア　データベース管理システムの働き,74X8503410000000
情報（専門）,7280,イ　データベースの運用と保守,74X8503420000000
情報（専門）,7281,３　内容の取扱い,74X8505000000000
情報（専門）,7282,(1) 内容の構成及びその取扱いに当たっては，次の事項に配慮するものとする。,74X8505100000000
情報（専門）,7283,ア　指導に当たっては，実習を通して，データベースシステムの全体像について，データベースシステムの設計，操作，運用及び保守の視点から理解させること。,74X8505110000000
情報（専門）,7284,イ　指導に当たっては，学校や生徒の実態に応じて，適切なデータベース管理システムを選択すること。,74X8505120000000
情報（専門）,7285,(2) 内容の範囲や程度については，次の事項に配慮するものとする。,74X8505200000000
情報（専門）,7286,ア　内容の(1)のアについては，データベースの機能，仕組み，設計及び操作の概要について扱うこと。イについては，在庫管理システムや文書管理システムなどを取り上げ，データベースの有用性とデータベースシステムの具体的な活用状況について扱うこと。,74X8505210000000
情報（専門）,7287,イ　内容の(2)のアについては，階層モデルやリレーショナルモデルなどを取り上げ，データモデルの種類や特徴について扱うこと。ウについては，第一正規化から第三正規化までを取り上げ，正規化の内容や必要性について扱うこと。エについては，選択，射影，結合などを取り上げ，データ操作の基本的な概念について扱うこと。,74X8505220000000
情報（専門）,7288,ウ　内容の(3)のアについては，データベースの意義と目的について扱うこと。イについては，問い合せ，結合，副問合せ，更新及び削除を取り上げ，データベースの基本的な操作について扱うこと。,74X8505230000000
情報（専門）,7289,エ　内容の(4)のアについては，データベース定義機能，データベース制御機能などデータベース管理システムが提供する機能を取り上げ，それぞれの働きと役割について扱うこと。イについては，データベースシステムの運用管理，障害管理，セキュリティ管理などを取り上げ，データベースの運用と保守に必要な基礎的な知識と技術について扱うこと。,74X8505240000000
情報（専門）,7290,第９　情報システム実習,74X9500000000000
情報（専門）,7291,"１　目　標
　情報システムの開発に関する知識と技術を実際の作業を通して習得させ，総合的に活用する能力と態度を育てる。",74X9502000000000
情報（専門）,7292,２　内　容,74X9503000000000
情報（専門）,7293,(1) 情報システムの開発の概要,74X9503100000000
情報（専門）,7294,ア　情報システムの開発の基礎,74X9503110000000
情報（専門）,7295,イ　情報システム化の技法,74X9503120000000
情報（専門）,7296,(2) 情報システムの設計,74X9503200000000
情報（専門）,7297,ア　要求定義,74X9503210000000
情報（専門）,7298,イ　外部設計,74X9503220000000
情報（専門）,7299,ウ　内部設計,74X9503230000000
情報（専門）,7300,エ　プログラム設計とプログラミング,74X9503240000000
情報（専門）,7301,オ　テストとレビュー,74X9503250000000
情報（専門）,7302,(3) 情報システムの運用と保守,74X9503300000000
情報（専門）,7303,(4) 情報システムの開発と評価,74X9503400000000
情報（専門）,7304,３　内容の取扱い,74X9505000000000
情報（専門）,7305,(1) 内容の構成及びその取扱いに当たっては，次の事項に配慮するものとする。,74X9505100000000
情報（専門）,7306,ア　指導に当たっては，著作権などの取扱いにも留意し，実習を通して，情報システムを開発するための一連の作業を理解させること。,74X9505110000000
情報（専門）,7307,イ　指導に当たっては，学校や生徒の実態及び開発する情報システムに応じて，適切なプログラム言語を選択すること。,74X9505120000000
情報（専門）,7308,ウ　内容の(2)については，構造化設計とオブジェクト指向設計の考え方について理解させること。,74X9505130000000
情報（専門）,7309,(2) 内容の範囲や程度については，次の事項に配慮するものとする。,74X9505200000000
情報（専門）,7310,ア　内容の(1)のアについては，ウォーターフォールやプロトタイピングなどを取り上げ，情報システムの開発の工程内容や特徴及びライフサイクルについて扱うこと。イについては，情報システムの対象となる業務と工程のモデルの作成，システム構成や機能の分析及び設計に利用される代表的な技法について扱うこと。,74X9505210000000
情報（専門）,7311,イ　内容の(2)のアについては，要求定義書を，イについては外部設計書を，ウについては内部設計書を取り上げ，それぞれの作成に関する一連の作業と意義や目的について扱うこと。エについては，構造化設計やオブジェクト指向設計を取り上げ，プログラム設計からプログラミングまでの工程について扱うこと。オについては，単体テストや結合テストなどを取り上げ，その意義や目的を扱うとともに，情報システムの設計過程におけるレビューの重要性について扱うこと。,74X9505220000000
情報（専門）,7312,ウ　内容の(4)については，情報システムの開発の過程や結果の評価の意義や目的及び重要性について扱うこと。,74X9505230000000
情報（専門）,7313,第10　情報メディア,74XA500000000000
情報（専門）,7314,"１　目　標
　情報メディアに関する知識と技術を習得させ，実際に活用する能力と態度を育てる。",74XA502000000000
情報（専門）,7315,２　内　容,74XA503000000000
情報（専門）,7316,(1) メディアの基礎,74XA503100000000
情報（専門）,7317,ア　メディアの定義と機能,74XA503110000000
情報（専門）,7318,イ　メディアの種類と特性,74XA503120000000
情報（専門）,7319,(2) 情報メディアの特性と活用,74XA503200000000
情報（専門）,7320,ア　情報メディアの種類と特性,74XA503210000000
情報（専門）,7321,イ　情報メディアの活用,74XA503220000000
情報（専門）,7322,(3) 情報メディアと社会,74XA503300000000
情報（専門）,7323,ア　情報メディアが社会に及ぼす影響,74XA503310000000
情報（専門）,7324,イ　情報メディアと情報産業,74XA503320000000
情報（専門）,7325,３　内容の取扱い,74XA505000000000
情報（専門）,7326,(1) 内容の構成及びその取扱いに当たっては，次の事項に配慮するものとする。,74XA505100000000
情報（専門）,7327,ア　指導に当たっては，実習を通して，情報伝達やコミュニケーションの目的に応じて情報メディアを適切に選択し，効果的に活用するための知識と技術を身に付けさせるとともに，情報メディアの社会や情報産業における役割や影響について，著作権などの知的財産の取扱いにも留意して理解させること。,74XA505110000000
情報（専門）,7328,(2) 内容の範囲や程度については，次の事項に配慮するものとする。,74XA505200000000
情報（専門）,7329,ア　内容の(1)のアについては，メディアが社会や情報産業に果たしている役割について扱うこと。イについては，情報メディア，表現メディア及び通信メディアを取り上げ，それぞれのメディアの特徴や働きについて扱うこと。,74XA505210000000
情報（専門）,7330,イ　内容の(2)のアについては，新聞，テレビ，電話などを取り上げ，それぞれの情報メディアの特徴や働きについて扱うこと。イについては，情報の収集，分析，発信などにおいて情報メディアを効果的に活用するために必要な基礎的な知識と技術について扱うこと。,74XA505220000000
情報（専門）,7331,ウ　内容の(3)のアについては，情報メディアの変遷と今後の展望についても扱うこと。,74XA505230000000
情報（専門）,7332,第11　情報デザイン,74XB500000000000
情報（専門）,7333,"１　目　標
　情報デザインに関する知識と技術を習得させ，実際に活用する能力と態度を育てる。",74XB502000000000
情報（専門）,7334,２　内　容,74XB503000000000
情報（専門）,7335,(1) 情報デザインの基礎,74XB503100000000
情報（専門）,7336,ア　情報デザインの意義,74XB503110000000
情報（専門）,7337,イ　情報デザインの条件,74XB503120000000
情報（専門）,7338,(2) 情報デザインの要素と構成,74XB503200000000
情報（専門）,7339,ア　情報デザインの要素,74XB503210000000
情報（専門）,7340,イ　表現と心理,74XB503220000000
情報（専門）,7341,ウ　意味の演出,74XB503230000000
情報（専門）,7342,エ　要素の構成,74XB503240000000
情報（専門）,7343,(3) 情報デザインと情報社会,74XB503300000000
情報（専門）,7344,ア　情報デザインの実際,74XB503310000000
情報（専門）,7345,イ　人と情報デザイン,74XB503320000000
情報（専門）,7346,３　内容の取扱い,74XB505000000000
情報（専門）,7347,(1) 内容の構成及びその取扱いに当たっては，次の事項に配慮するものとする。,74XB505100000000
情報（専門）,7348,ア　指導に当たっては，実習を通して，情報デザインに関する知識と技術を習得させること。また，手作業による情報デザインの作業を取り入れるなどして，総合的な表現力と造形力を身に付けさせること。,74XB505110000000
情報（専門）,7349,(2) 内容の範囲や程度については，次の事項に配慮するものとする。,74XB505200000000
情報（専門）,7350,ア　内容の(1)のアについては，適切な情報伝達やコミュニケーションの要件及び手法を取り上げ，情報デザインの目的や役割及び重要性について扱うこと。イについては，分かりやすい情報伝達やコミュニケーションを行うために必要な基礎的な知識と技術について扱うこと。,74XB505210000000
情報（専門）,7351,イ　内容の(2)のアについては，形態，色彩，光などを取り上げ，それぞれの特徴や働きについて扱うこと。イについては，情報デザインの意図を適切に表現するための心理学的な知識と技術について扱うこと。ウについては，情報デザインを通して作者が伝えようとしている考えや意味について扱うこと。エについては，情報デザインの意図に合わせた空間や時間における要素の構成について扱うこと。,74XB505220000000
情報（専門）,7352,ウ　内容の(3)のアについては，作者の意図を効果的に伝達するために，社会や情報産業における情報デザインの具体的な活用状況について扱うこと。イについては，コンピュータや情報通信ネットワークの様々な機能を簡単に操作できるようにする工夫，高齢者や障害者による利用を容易にする工夫などを取り上げ，社会生活における情報デザインの重要性について扱うこと。,74XB505230000000
情報（専門）,7353,第12　表現メディアの編集と表現,74XC500000000000
情報（専門）,7354,"１　目　標
　コンピュータによる表現メディアの編集と表現に関する知識と技術を習得させ，実際に活用する能力と態度を育てる。",74XC502000000000
情報（専門）,7355,２　内　容,74XC503000000000
情報（専門）,7356,(1) 表現メディアの種類と特性,74XC503100000000
情報（専門）,7357,ア　文字,74XC503110000000
情報（専門）,7358,イ　図形,74XC503120000000
情報（専門）,7359,ウ　静止画,74XC503130000000
情報（専門）,7360,エ　音,74XC503140000000
情報（専門）,7361,オ　動画,74XC503150000000
情報（専門）,7362,(2) コンピュータグラフィックスの制作,74XC503200000000
情報（専門）,7363,ア　コンピュータグラフィックスの編集,74XC503210000000
情報（専門）,7364,イ　コンピュータグラフィックスによる表現,74XC503220000000
情報（専門）,7365,(3) 音・音楽の編集と表現,74XC503300000000
情報（専門）,7366,ア　音・音楽の編集,74XC503310000000
情報（専門）,7367,イ　音・音楽による表現,74XC503320000000
情報（専門）,7368,(4) 映像の編集と表現,74XC503400000000
情報（専門）,7369,ア　映像の編集,74XC503410000000
情報（専門）,7370,イ　映像による表現,74XC503420000000
情報（専門）,7371,３　内容の取扱い,74XC505000000000
情報（専門）,7372,(1) 内容の構成及びその取扱いに当たっては，次の事項に配慮するものとする。,74XC505100000000
情報（専門）,7373,ア　指導に当たっては，学校や生徒の実態に応じて，適切なアプリケーションソフトウェアを選択し，実習を通して，コンピュータによる表現メディアの処理にかかわる技法を著作権などの知的財産の取扱いにも留意して習得させること。,74XC505110000000
情報（専門）,7374,イ　内容の(2)から(4)までについては，学校や生徒の実態に応じて，選択して扱うことができること。,74XC505120000000
情報（専門）,7375,(2) 内容の範囲や程度については，次の事項に配慮するものとする。,74XC505200000000
情報（専門）,7376,ア　内容の(1)については，具体的な事例を通して，それぞれの表現メディアの特性やディジタル化に関する基本的な原理について扱うこと。オについては，アニメーションについても扱うこと。,74XC505210000000
情報（専門）,7377,イ　内容の(2)のアについては，写真やイラストレーションなどを取り上げ，それぞれの特性やコンピュータによる編集に必要な基礎的な知識と技術について扱うこと。イについては，立体図形の表現の視点から，モデルの種類と特徴，モデルの生成法などについて扱うこと。,74XC505220000000
情報（専門）,7378,ウ　内容の(3)及び(4)については，アプリケーションソフトウェアを利用した素材の取り込みや編集及び作品の作成に必要な基礎的な知識と技術について扱うこと。,74XC505230000000
情報（専門）,7379,第13　情報コンテンツ実習,74XD500000000000
情報（専門）,7380,"１　目　標
　情報コンテンツの開発に関する知識と技術を実際の作業を通して習得させ，総合的に活用する能力と態度を育てる。",74XD502000000000
情報（専門）,7381,２　内　容,74XD503000000000
情報（専門）,7382,(1) 情報コンテンツ開発の概要,74XD503100000000
情報（専門）,7383,ア　情報コンテンツ開発の基礎,74XD503110000000
情報（専門）,7384,イ　開発工程と管理,74XD503120000000
情報（専門）,7385,(2) 要求分析と企画,74XD503200000000
情報（専門）,7386,ア　要求分析,74XD503210000000
情報（専門）,7387,イ　企画,74XD503220000000
情報（専門）,7388,(3) 情報コンテンツの設計と制作,74XD503300000000
情報（専門）,7389,ア　情報コンテンツの設計,74XD503310000000
情報（専門）,7390,イ　情報コンテンツの制作,74XD503320000000
情報（専門）,7391,(4) 運用と評価,74XD503400000000
情報（専門）,7392,ア　情報コンテンツの運用と保守,74XD503410000000
情報（専門）,7393,イ　情報コンテンツの評価と改善,74XD503420000000
情報（専門）,7394,３　内容の取扱い,74XD505000000000
情報（専門）,7395,(1) 内容の構成及びその取扱いに当たっては，次の事項に配慮するものとする。,74XD505100000000
情報（専門）,7396,ア　指導に当たっては，実習を通して，著作権などの知的財産の取扱いにも留意して，情報コンテンツを開発するための一連の作業を理解させること。,74XD505110000000
情報（専門）,7397,イ　指導に当たっては，学校や生徒の実態及び開発する情報コンテンツに応じて，適切な規格，技術及び技法を選択すること。,74XD505120000000
情報（専門）,7398,(2) 内容の範囲や程度については，次の事項に配慮するものとする。,74XD505200000000
情報（専門）,7399,ア　内容の(1)のアについては，情報コンテンツの開発にかかわる産業の現状を取り上げ，情報コンテンツの開発工程やその特徴について扱うこと。イについては，開発工程におけるコスト管理，進捗《ちょく》管理などを取り上げ，それぞれの意義や役割及び重要性について扱うこと。,74XD505210000000
情報（専門）,7400,イ　内容の(2)のアについては，面接法やブレインストーミングを取り上げ，利用者の要求や市場の動向などを調査・分析する手法について扱うこと。イについては，利用者の要求にこたえられる企画と提案を行うために必要な基礎的な知識と技術について扱うこと。,74XD505220000000
情報（専門）,7401,ウ　内容の(3)のアについては，概要設計や詳細設計を取り上げ，仕様を確定するに当たって設計書の作成が重要であることについて扱うこと。イについては，学校や生徒の実態に応じた情報コンテンツの開発について扱うこと。,74XD505230000000
情報（専門）,7402,エ　内容の(4)のイについては，情報コンテンツの評価と改善の意義や目的及び重要性について扱うこと。,74XD505240000000
情報（専門）,7403,第３款　各科目にわたる指導計画の作成と内容の取扱い,74X0300000000000
情報（専門）,7404,１　指導計画の作成に当たっては，次の事項に配慮するものとする。,74X0300100000000
情報（専門）,7405,(1) 情報に関する各学科においては，「情報産業と社会」及び「課題研究」を原則としてすべての生徒に履修させること。,74X0300110000000
情報（専門）,7406,(2) 情報に関する各学科においては，原則として情報に関する科目に配当する総授業時数の10分の５以上を実験・実習に配当すること。,74X0300120000000
情報（専門）,7407,(3) 地域や産業界との連携・交流を通じた実践的な学習活動や就業体験を積極的に取り入れるとともに，社会人講師を積極的に活用するなどの工夫に努めること。,74X0300130000000
情報（専門）,7408,２　各科目の指導に当たっては，コンピュータや情報通信ネットワークなどの活用を図り，学習の効果を高めるよう配慮するものとする。,74X0300200000000
情報（専門）,7409,３　実験・実習を行うに当たっては，施設・設備の安全管理に配慮し，学習環境を整えるとともに，事故防止の指導を徹底し，安全と衛生に十分留意するものとする。,74X0300300000000
福祉,7410,第８節　福　　　祉,74Y0000000000000
福祉,7411,"第１款　目　標
　社会福祉に関する基礎的・基本的な知識と技術を総合的，体験的に習得させ，社会福祉の理念と意義を理解させるとともに，社会福祉に関する諸課題を主体的に解決し，社会福祉の増進に寄与する創造的な能力と実践的な態度を育てる。",74Y0100000000000
福祉,7412,第２款　各　科　目,74Y0500000000000
福祉,7413,第１　社会福祉基礎,74Y1500000000000
福祉,7414,"１　目　標
　社会福祉に関する基礎的な知識を習得させ，現代社会における社会福祉の意義や役割を理解させるとともに，人間としての尊厳の認識を深め，社会福祉の向上を図る能力と態度を育てる。",74Y1502000000000
福祉,7415,２　内　容,74Y1503000000000
福祉,7416,(1) 社会福祉の理念と意義,74Y1503100000000
福祉,7417,ア　生活と福祉,74Y1503110000000
福祉,7418,イ　社会福祉の理念,74Y1503120000000
福祉,7419,ウ　人間の尊厳と自立,74Y1503130000000
福祉,7420,(2) 人間関係とコミュニケーション,74Y1503200000000
福祉,7421,ア　人間関係の形成,74Y1503210000000
福祉,7422,イ　コミュニケーションの基礎,74Y1503220000000
福祉,7423,ウ　社会福祉援助活動の概要,74Y1503230000000
福祉,7424,(3) 社会福祉思想の流れと福祉社会への展望,74Y1503300000000
福祉,7425,ア　外国における社会福祉,74Y1503310000000
福祉,7426,イ　日本における社会福祉,74Y1503320000000
福祉,7427,ウ　地域福祉の進展,74Y1503330000000
福祉,7428,(4) 生活を支える社会保障制度,74Y1503400000000
福祉,7429,ア　社会保障制度の意義と役割,74Y1503410000000
福祉,7430,イ　生活支援のための公的扶助,74Y1503420000000
福祉,7431,ウ　児童家庭福祉と社会福祉サービス,74Y1503430000000
福祉,7432,エ　高齢者福祉と介護保険制度,74Y1503440000000
福祉,7433,オ　障害者福祉と障害者自立支援制度,74Y1503450000000
福祉,7434,カ　介護実践に関連する諸制度,74Y1503460000000
福祉,7435,３　内容の取扱い,74Y1505000000000
福祉,7436,(1) 内容の構成及びその取扱いに当たっては，次の事項に配慮するものとする。,74Y1505100000000
福祉,7437,ア　内容の(2)については，対人援助に必要な社会福祉援助活動の概要を理解させること。,74Y1505110000000
福祉,7438,イ　内容の(3)については，欧米や日本において社会福祉思想が発展してきた過程を理解させること。また，地域福祉の考え方や進展，近年の外国の状況などを扱い，国際的な視点で社会福祉をとらえられるようにすること。,74Y1505120000000
福祉,7439,ウ　内容の(4)については，日常生活と社会保障制度との関連について考えさせるとともに，対人援助の視点から福祉に関する支援が行われる必要性を理解させること。,74Y1505130000000
福祉,7440,(2) 内容の範囲や程度については，次の事項に配慮するものとする。,74Y1505200000000
福祉,7441,ア　内容の(1)のアについては，家庭生活の機能や概要，人間の生活と社会とのかかわり及び少子高齢化の進行と介護の社会化との関連について扱うこと。イについては，社会福祉の在り方や理念を自立生活支援の視点からとらえさせ，国民生活との関連について具体的事例を通して扱うこと。ウについては，人間の尊厳と自立支援の必要性について，権利擁護の視点を踏まえて扱うこと。,74Y1505210000000
福祉,7442,イ　内容の(2)のアについては，対人援助に必要な人間の理解や人間関係を構築するための技法などについて扱うこと。イについては，対人関係形成のためのコミュニケーションの持つ意義や役割，コミュニケーションの基礎的な技法などを扱うこと。ウについては，社会福祉援助活動の持つ意義や役割など概要を扱うこと。,74Y1505220000000
福祉,7443,ウ　内容の(3)のアについては，英国やアメリカ合衆国における社会福祉思想の発展の概要を扱うとともに，スウェーデンやデンマークなどにおける社会福祉思想及びアジア地域の福祉の状況も扱うこと。イについては，日本における社会福祉思想の発展について具体的に扱うこと。ウについては，地域福祉の意義や役割について扱うこと。,74Y1505230000000
福祉,7444,エ　内容の(4)のアについては，日本の社会保障制度の意義や概要について，日本国憲法と関連付けて扱うこと。イについては，生活保護制度を中心に公的扶助を扱うこと。ウについては，少子化対策についても扱うこと。エについては，高齢者を支える社会福祉サービスについて，介護保険制度と関連付けて扱うこと。オについては，障害者を支える社会福祉サービスについて，障害者自立支援制度と関連付けて扱うこと。カについては，保健や医療の諸制度，医療関係者，医療関係施設などを取り上げ，社会福祉施策と関連付けて目的や役割について扱うこと。,74Y1505240000000
福祉,7445,第２　介護福祉基礎,74Y2500000000000
福祉,7446,"１　目　標
　介護を必要とする人の尊厳の保持や自立支援など介護の意義と役割を理解させ，介護を適切に行う能力と態度を育てる。",74Y2502000000000
福祉,7447,２　内　容,74Y2503000000000
福祉,7448,(1) 介護の意義と役割,74Y2503100000000
福祉,7449,ア　尊厳を支える介護,74Y2503110000000
福祉,7450,イ　自立に向けた介護,74Y2503120000000
福祉,7451,(2) 介護福祉の担い手,74Y2503200000000
福祉,7452,ア　介護従事者を取り巻く状況,74Y2503210000000
福祉,7453,イ　介護従事者の役割,74Y2503220000000
福祉,7454,ウ　介護従事者の倫理,74Y2503230000000
福祉,7455,エ　介護における連携,74Y2503240000000
福祉,7456,(3) 介護を必要とする人の理解と介護,74Y2503300000000
福祉,7457,ア　介護を必要とする人と生活環境,74Y2503310000000
福祉,7458,イ　高齢者の生活と介護,74Y2503320000000
福祉,7459,ウ　障害者の生活と介護,74Y2503330000000
福祉,7460,エ　介護福祉サービスの概要,74Y2503340000000
福祉,7461,(4) 介護における安全確保と危機管理 ,74Y2503400000000
福祉,7462,ア　介護における安全確保と事故対策,74Y2503410000000
福祉,7463,イ　感染対策,74Y2503420000000
福祉,7464,ウ　介護従事者の健康管理,74Y2503430000000
福祉,7465,３　内容の取扱い,74Y2505000000000
福祉,7466,(1) 内容の構成及びその取扱いに当たっては，次の事項に配慮するものとする。,74Y2505100000000
福祉,7467,ア　内容の(2)については，介護従事者としての職業観を育成すること。また，サービス利用者のプライバシーや人権尊重の意義や重要性について理解させること。,74Y2505110000000
福祉,7468,(2) 内容の範囲や程度については，次の事項に配慮するものとする。,74Y2505200000000
福祉,7469,ア　内容の(1)のアについては，人間としての尊厳を保持するための介護の必要性を扱うこと。イについては，人間の自立について考えさせ，自立のために介護の果たす役割や意義について扱うこと。また，国際生活機能分類やリハビリテーションの考え方についても扱うこと。,74Y2505210000000
福祉,7470,イ　内容の(2)のアについては，介護を取り巻く社会的状況の変化と対応について扱うとともに，国民の求める介護従事者の在り方についても扱うこと。エについては，保健・医療・福祉と連携した介護の在り方について，その必要性や意義について扱うこと。また，介護に関する社会資源や介護と地域社会とのかかわりについて扱うこと。,74Y2505220000000
福祉,7471,ウ　内容の(3)のイについては，具体的な事例を通して，高齢者の生活に関する課題やニーズについて扱うこと。ウについては，具体的な事例を通して，障害児も含め障害者の生活の課題やニーズについて扱うこと。エについては，介護保険制度や障害者自立支援制度などにおける介護福祉サービスの具体的な内容及び利用方法について扱うこと。,74Y2505230000000
福祉,7472,エ　内容の(4)のアについては，安全確保のための事故防止について扱うこと。イについては，介護現場における感染症の実態及び感染予防の必要性や意義を扱うこと。ウについては，介護福祉サービスの提供における介護従事者の健康維持の重要性とそのための具体的な方策について扱うこと。また，介護従事者の労働安全についても扱うこと。,74Y2505240000000
福祉,7473,第３　コミュニケーション技術,74Y3500000000000
福祉,7474,"１　目　標
　コミュニケーションに関する基礎的な知識と技術を習得させ，介護福祉援助活動で活用する能力と態度を育てる。",74Y3502000000000
福祉,7475,２　内　容,74Y3503000000000
福祉,7476,(1) 介護におけるコミュニケーション,74Y3503100000000
福祉,7477,ア　コミュニケーションの意義と役割,74Y3503110000000
福祉,7478,イ　コミュニケーションの基本技術,74Y3503120000000
福祉,7479,(2) サービス利用者や家族とのコミュニケーション,74Y3503200000000
福祉,7480,ア　サービス利用者に応じたコミュニケーション,74Y3503210000000
福祉,7481,イ　サービス利用者や家族との関係づくり,74Y3503220000000
福祉,7482,(3) 介護におけるチームのコミュニケーション,74Y3503300000000
福祉,7483,ア　記録による情報共有化,74Y3503310000000
福祉,7484,イ　チームによる連携 ,74Y3503320000000
福祉,7485,３　内容の取扱い,74Y3505000000000
福祉,7486,(1) 内容の構成及びその取扱いに当たっては，次の事項に配慮するものとする。,74Y3505100000000
福祉,7487,ア　内容の(1)及び(2)については，介護を必要とする人を理解するための基本的なコミュニケーションの技法を習得させること。,74Y3505110000000
福祉,7488,イ　内容の(3)については，保健・医療・福祉など多職種協働におけるコミュニケーションの在り方を扱い，チームケアのためのコミュニケーションの重要性を理解させること。,74Y3505120000000
福祉,7489,(2) 内容の範囲や程度については，次の事項に配慮するものとする。,74Y3505200000000
福祉,7490,ア　内容の(1)のアについては，具体的なサービス利用者や介護場面を想定して扱うこと。イについては，関係づくりの実際，個別的な援助及び集団的な援助の概要について，具体的な事例を通して扱うこと。,74Y3505210000000
福祉,7491,イ　内容の(2)のアについては，感覚機能，運動機能及び認知・知覚機能の低下など，サービス利用者の状態や状況に応じたコミュニケーション技法について扱うこと。イについては，サービス利用者・家族との関係づくりや家族への支援の技法について，具体的な事例を通して扱うこと。,74Y3505220000000
福祉,7492,ウ　内容の(3)のアについては，記録の意義や目的，記録の活用と留意点などについても扱うこと。,74Y3505230000000
福祉,7493,第４　生活支援技術,74Y4500000000000
福祉,7494,"１　目　標
　自立を尊重した生活を支援するための介護の役割を理解させ，基礎的な介護の知識と技術を習得させるとともに，様々な介護場面において適切かつ安全に支援できる能力と態度を育てる。",74Y4502000000000
福祉,7495,２　内　容,74Y4503000000000
福祉,7496,(1) 生活支援の理解,74Y4503100000000
福祉,7497,ア　生活の理解,74Y4503110000000
福祉,7498,イ　生活支援の考え方,74Y4503120000000
福祉,7499,ウ　他の職種の役割と協働,74Y4503130000000
福祉,7500,(2) 自立に向けた生活支援技術,74Y4503200000000
福祉,7501,ア　基本となる介護技術,74Y4503210000000
福祉,7502,イ　居住環境の整備,74Y4503220000000
福祉,7503,ウ　身じたくの介護,74Y4503230000000
福祉,7504,エ　移動の介護,74Y4503240000000
福祉,7505,オ　食事の介護,74Y4503250000000
福祉,7506,カ　入浴・清潔保持の介護,74Y4503260000000
福祉,7507,キ　排泄《せつ》の介護,74Y4503270000000
福祉,7508,ク　家事の介護,74Y4503280000000
福祉,7509,ケ　睡眠の介護,74Y4503290000000
福祉,7510,コ　レクリエーションと介護,74Y45032A0000000
福祉,7511,(3) 終末期・緊急時の介護,74Y4503300000000
福祉,7512,ア　終末期の介護,74Y4503310000000
福祉,7513,イ　緊急時の介護,74Y4503320000000
福祉,7514,３　内容の取扱い,74Y4505000000000
福祉,7515,(1) 内容の構成及びその取扱いに当たっては，次の事項に配慮するものとする。,74Y4505100000000
福祉,7516,ア　指導に当たっては，個人の尊厳とプライバシー，サービス利用者の心理などについて指導するとともに，事故や感染の危険性及び終末期や緊急時における適切な対応について理解させること。,74Y4505110000000
福祉,7517,イ　内容の(1)については，「社会福祉基礎」，「介護福祉基礎」で学んだ尊厳の保持や自立支援の考え方，多職種連携などの知識を活用できるようにすること。また，介護観や倫理観を育成し，自ら判断し適切かつ安全に介護できる能力を育てるようにすること。,74Y4505120000000
福祉,7518,ウ　内容の(2)及び(3)については，「こころとからだの理解」と関連付け，講義・演習・実習を一連の流れとして指導すること。その際，サービス利用者の理解を深めるとともに，介護実践の根拠となる介護に必要な人体の構造や機能を理解させること。,74Y4505130000000
福祉,7519,(2) 内容の範囲や程度については，次の事項に配慮するものとする。,74Y4505200000000
福祉,7520,ア　内容の(1)のアについては，サービス利用者の生活や個別性，尊厳を踏まえた生活の自立について扱うこと。イについては，国際生活機能分類の視点に基づいたサービス利用者に対するアセスメントの重要性及び主体的に生活できる支援の在り方について扱うこと。ウについては，介護に関するチームアプローチ，様々な施設・事業所及び主な職種の役割や業務内容などを扱うこと。,74Y4505210000000
福祉,7521,イ　内容の(2)については，サービス利用者の自立生活に向け，各種メディア教材の活用やグループ演習により，日常生活における具体的な介護場面を想定し，サービス利用者の心身の状態や状況に応じた介護について扱うこと。コについては，レクリエーションが自立生活支援に必要な援助であること及び高齢者や障害者の生きがいと社会参加を進める上でも有効であることについて扱うこと。,74Y4505220000000
福祉,7522,第５　介護過程,74Y5500000000000
福祉,7523,"１　目　標
　人間としての尊厳の保持と自立生活支援の観点から介護過程の意義と役割を理解し，介護過程が展開できる能力と態度を育てる。",74Y5502000000000
福祉,7524,２　内　容,74Y5503000000000
福祉,7525,(1) 介護過程の意義と役割,74Y5503100000000
福祉,7526,(2) 介護過程の展開,74Y5503200000000
福祉,7527,ア　情報収集とアセスメント,74Y5503210000000
福祉,7528,イ　生活課題と目標設定,74Y5503220000000
福祉,7529,ウ　介護計画の立案,74Y5503230000000
福祉,7530,エ　介護計画の実施と評価,74Y5503240000000
福祉,7531,(3) 介護過程の実践的展開,74Y5503300000000
福祉,7532,(4) 介護過程とチームアプローチ,74Y5503400000000
福祉,7533,ア　介護過程とチームアプローチの意義,74Y5503410000000
福祉,7534,イ　介護過程とチームアプローチの実際,74Y5503420000000
福祉,7535,３　内容の取扱い,74Y5505000000000
福祉,7536,(1) 内容の構成及びその取扱いに当たっては，次の事項に配慮するものとする。,74Y5505100000000
福祉,7537,ア　内容の(1)については，サービス利用者に応じた適切な介護の提供には介護過程が必要なこと及び介護過程の一連の流れについて理解させること。,74Y5505110000000
福祉,7538,イ　内容の(2)については，将来の自立に向けた生活課題の解決及び目標の設定，サービス利用者の希望を尊重した介護計画の立案など介護過程の要素を理解させ，介護従事者として必要な視点と能力を身に付けさせること。,74Y5505120000000
福祉,7539,ウ　内容の(3)については，介護過程の展開について内容の(2)と関連付けて扱い，具体的に理解を深めさせること。,74Y5505130000000
福祉,7540,(2) 内容の範囲や程度については，次の事項に配慮するものとする。,74Y5505200000000
福祉,7541,ア　内容の(2)から(4)までについては，介護過程の展開を国際生活機能分類の視点も含めて扱うこと。,74Y5505210000000
福祉,7542,イ　内容の(3)については，各種メディア教材を活用し，具体的な事例に基づき演習を行うこと。また，介護活動における記録についても扱うこと。,74Y5505220000000
福祉,7543,ウ　内容の(4)のアについては，チームの組み方や進め方を扱うこと。イについては，具体的な事例を通して，チームアプローチの展開の演習を行うこと。,74Y5505230000000
福祉,7544,第６　介護総合演習,74Y6500000000000
福祉,7545,"１　目　標
　介護演習や事例研究などの学習を通して，専門的な知識と技術の深化，総合化を図るとともに，課題解決の能力や自発的，創造的な学習態度を育てる。",74Y6502000000000
福祉,7546,２　内　容,74Y6503000000000
福祉,7547,(1) 介護演習,74Y6503100000000
福祉,7548,(2) 事例研究,74Y6503200000000
福祉,7549,(3) 調査，研究,74Y6503300000000
福祉,7550,３　内容の取扱い,74Y6505000000000
福祉,7551,(1) 内容の構成及びその取扱いに当たっては，次の事項に配慮するものとする。,74Y6505100000000
福祉,7552,ア　生徒の興味・関心，進路希望，地域の実態や学科の特色等に応じて，内容の(1)から(3)までの中から，個人又はグループで適切な課題を設定させること。なお，課題は内容の(1)から(3)までの２項目以上にまたがる課題を設定することができること。,74Y6505110000000
福祉,7553,イ　内容の(1)については，介護実習の事前・事後指導として，主体的に実習に臨む態度を身に付けさせ，自己の課題を明確化するとともに，介護従事者としての意識付けを図るなど効果的な指導を行うこと。,74Y6505120000000
福祉,7554,(2) 内容の範囲や程度については，次の事項に配慮するものとする。,74Y6505200000000
福祉,7555,ア　内容の(1)については，介護実習の目的，危機管理や個人情報保護，実習施設の概要や主な業務内容などを扱うこと。また，基本的な介護技術や介護過程の展開を確認するとともに，介護実習の計画，実習報告の作成などを通して，介護実習の課題や成果を明確にすることができるようにすること。,74Y6505210000000
福祉,7556,イ　内容の(2)及び(3)については，介護実習など総合的な介護活動の体験から得た事例などの考察や個別支援計画の作成などを行うこと。,74Y6505220000000
福祉,7557,第７　介護実習,74Y7500000000000
福祉,7558,"１　目　標
　介護に関する体験的な学習を多様な介護の場において行い，知識と技術を統合させ，介護従事者としての役割を理解させるとともに，適切かつ安全な介護ができる実践的な能力と態度を育てる。",74Y7502000000000
福祉,7559,２　内　容,74Y7503000000000
福祉,7560,(1) 多様な介護の場における実習,74Y7503100000000
福祉,7561,ア　介護技術の実践,74Y7503110000000
福祉,7562,イ　コミュニケーションの実践,74Y7503120000000
福祉,7563,ウ　多職種協働及びチームケアの理解,74Y7503130000000
福祉,7564,(2) 個別ケアのための継続した実習,74Y7503200000000
福祉,7565,ア　個別的な介護技術の実践,74Y7503210000000
福祉,7566,イ　介護過程の実践,74Y7503220000000
福祉,7567,３　内容の取扱い,74Y7505000000000
福祉,7568,(1) 内容の構成及びその取扱いに当たっては，次の事項に配慮するものとする。,74Y7505100000000
福祉,7569,ア　内容の(1)については，多様な介護の場における実習を通して，サービス利用者の理解を図ること。,74Y7505110000000
福祉,7570,イ　内容の(2)については，継続した実習を行う中で，サービス利用者ごとの介護計画の作成，実施後の評価，介護計画の修正など一連の介護過程を実践すること。,74Y7505120000000
福祉,7571,第８　こころとからだの理解,74Y8500000000000
福祉,7572,"１　目　標
　自立生活を支援するために必要なこころとからだの基礎的な知識を習得させ，介護実践に適切に活用できる能力を育てる。",74Y8502000000000
福祉,7573,２　内　容,74Y8503000000000
福祉,7574,(1) こころとからだの基礎的理解,74Y8503100000000
福祉,7575,ア　こころの理解,74Y8503110000000
福祉,7576,イ　からだのしくみの理解,74Y8503120000000
福祉,7577,(2) 生活支援に必要なこころとからだのしくみの理解,74Y8503200000000
福祉,7578,ア　身じたくに関するこころとからだのしくみ,74Y8503210000000
福祉,7579,イ　移動に関するこころとからだのしくみ,74Y8503220000000
福祉,7580,ウ　食事に関するこころとからだのしくみ,74Y8503230000000
福祉,7581,エ　入浴・清潔に関するこころとからだのしくみ,74Y8503240000000
福祉,7582,オ　排泄《せつ》に関するこころとからだのしくみ,74Y8503250000000
福祉,7583,カ　睡眠に関するこころとからだのしくみ,74Y8503260000000
福祉,7584,キ　終末期に関するこころとからだのしくみ,74Y8503270000000
福祉,7585,ク　緊急時に関するこころとからだのしくみ,74Y8503280000000
福祉,7586,(3) 発達と老化の理解,74Y8503300000000
福祉,7587,ア　人間の成長と発達,74Y8503310000000
福祉,7588,イ　老年期の理解と日常生活,74Y8503320000000
福祉,7589,ウ　高齢者と健康,74Y8503330000000
福祉,7590,(4) 認知症の理解,74Y8503400000000
福祉,7591,ア　認知症の基礎的理解,74Y8503410000000
福祉,7592,イ　認知症に伴う心身の変化と日常生活,74Y8503420000000
福祉,7593,ウ　認知症を取り巻く状況,74Y8503430000000
福祉,7594,(5) 障害の理解,74Y8503500000000
福祉,7595,ア　障害の基礎的理解,74Y8503510000000
福祉,7596,イ　生活機能障害の理解,74Y8503520000000
福祉,7597,ウ　障害者の生活理解,74Y8503530000000
福祉,7598,３　内容の取扱い,74Y8505000000000
福祉,7599,(1) 内容の構成及びその取扱いに当たっては，次の事項に配慮するものとする。,74Y8505100000000
福祉,7600,ア　内容の(2)については，「生活支援技術」との関連を図り，各器官の機能と基本的な生活行動との関係について，その概要を理解させること。,74Y8505110000000
福祉,7601,イ　内容の(3)から(5)までについては，サービス利用者の生活や心身の状況に加え，家族を含めた周囲の環境にも十分留意する必要があることを理解させること。また，高齢者や障害者などに多く見られる疾病や機能低下が及ぼす日常生活への影響などを扱うとともに，高齢者や障害者の尊厳を守る介護の基本を理解させること。,74Y8505120000000
福祉,7602,(2) 内容の範囲や程度については，次の事項に配慮するものとする。,74Y8505200000000
福祉,7603,ア　内容の(1)のアについては，人間の基本的欲求や社会的欲求も扱うこと。イについては，人体の構造や関節可動域などの機能，人体各部の名称などを扱うこと。,74Y8505210000000
福祉,7604,イ　内容の(2)のキについては，対象となる人の状態に応じた医療職など他職種との連携についても扱うこと。クについては，対象となる人の状態や状況に応じた緊急時における介護実践が行えるよう具体的な事例を通して扱うこと。,74Y8505220000000
福祉,7605,ウ　内容の(3)のアについては，人の成長・発達における心理や身体機能の変化と日常生活への影響について扱うこと。イについては，老年期の定義，高齢者の医療制度などについて，「社会福祉基礎」や「介護福祉基礎」と関連付けて扱うこと。ウについては，保健医療職との連携についても扱うこと。,74Y8505230000000
福祉,7606,エ　内容の(4)及び(5)については，地域の支援体制や関連職種との連携と協働，チームアプローチ及び家族への支援についても扱うこと。,74Y8505240000000
福祉,7607,オ　内容の(4)については，認知症の特徴，心の変化，生活面への影響，支える家族の心の変化や生活面への影響について扱うこと。ウについては，認知症ケアの歴史や理念，罹《り》患者数の推移，認知症高齢者支援対策の概要も扱うこと。,74Y8505250000000
福祉,7608,カ　内容の(5)については，障害に関する基本的な考え方と関係法規について，「社会福祉基礎」と関連付けて扱うこと。アについては，国際障害分類から国際生活機能分類への障害のとらえ方の変遷を扱うこと。イについては，各種障害の種類や特性などについて扱うこと。ウについては，具体的な事例などを通して，障害が日常生活に及ぼす影響，機能の活用，地域における支援体制などについても扱うこと。,74Y8505260000000
福祉,7609,第９　福祉情報活用,74Y9500000000000
福祉,7610,"１　目　標
　社会における情報化の進展と情報の意義や役割を理解させるとともに，情報活用に関する知識と技術を習得させ，福祉の各分野で情報及び情報手段を主体的に活用する能力と態度を育てる。",74Y9502000000000
福祉,7611,２　内　容,74Y9503000000000
福祉,7612,(1) 情報社会と福祉サービス,74Y9503100000000
福祉,7613,ア　情報社会,74Y9503110000000
福祉,7614,イ　情報機器の利用と福祉サービス,74Y9503120000000
福祉,7615,(2) 情報モラルとセキュリティ,74Y9503200000000
福祉,7616,ア　情報モラル,74Y9503210000000
福祉,7617,イ　情報のセキュリティ管理,74Y9503220000000
福祉,7618,(3) 情報機器と情報通信ネットワーク,74Y9503300000000
福祉,7619,ア　情報機器の仕組み,74Y9503310000000
福祉,7620,イ　情報通信ネットワークの仕組み,74Y9503320000000
福祉,7621,(4) 福祉サービスと情報機器の活用,74Y9503400000000
福祉,7622,ア　情報の収集，処理，分析，発信,74Y9503410000000
福祉,7623,イ　福祉サービスの各分野における情報機器の活用,74Y9503420000000
福祉,7624,ウ　情報機器を活用した高齢者・障害者の自立生活支援,74Y9503430000000
福祉,7625,エ　個人情報の管理,74Y9503440000000
福祉,7626,３　内容の取扱い,74Y9505000000000
福祉,7627,(1) 内容の構成及びその取扱いに当たっては，次の事項に配慮するものとする。,74Y9505100000000
福祉,7628,ア　内容の(3)及び(4)については，実際に情報機器や情報通信ネットワークを活用できるよう実習を中心として扱うこと。,74Y9505110000000
福祉,7629,(2) 内容の範囲や程度については，次の事項に配慮するものとする。,74Y9505200000000
福祉,7630,ア　内容の(1)については，情報社会における生活の変化と福祉サービスにおける情報機器の役割や利用状況について具体的な事例を通して扱うこと。,74Y9505210000000
福祉,7631,イ　内容の(2)については，個人のプライバシーや著作権など知的財産の保護，収集した情報の管理，発信する情報に対する責任などの情報モラル及び情報通信ネットワークシステムにおけるセキュリティ管理の重要性について扱うこと。,74Y9505220000000
福祉,7632,ウ　内容の(3)のアについては，情報機器の基本的な構成要素及びソフトウェアの役割と特徴について扱うこと。イについては，情報通信ネットワークの基本的な仕組みについて扱うこと。,74Y9505230000000
福祉,7633,エ　内容の(4)のアについては，情報機器や情報通信ネットワークを利用して情報の収集，処理，分析，発信ができるようにすること。イについては，福祉サービスの中で情報機器を活用したサービスや情報の活用法を扱うこと。ウについては，情報機器を活用した自立生活支援の方法について具体的に扱うこと。,74Y9505240000000
福祉,7634,第３款　各科目にわたる指導計画の作成と内容の取扱い,74Y0300000000000
福祉,7635,１　指導計画の作成に当たっては，次の事項に配慮するものとする。,74Y0300100000000
福祉,7636,(1) 福祉に関する各学科においては，「社会福祉基礎」及び「介護総合演習」を原則としてすべての生徒に履修させること。,74Y0300110000000
福祉,7637,(2) 福祉に関する各学科においては，原則として福祉に関する科目に配当する総授業時数の10分の５以上を実験・実習に配当すること。,74Y0300120000000
福祉,7638,(3) 地域や福祉施設，産業界等との連携・交流を通じた実践的な学習活動や就業体験を積極的に取り入れるとともに，社会人講師を積極的に活用するなどの工夫に努めること。,74Y0300130000000
福祉,7639,２　内容の取扱いに当たっては，次の事項に配慮するものとする。,74Y0300200000000
福祉,7640,(1) 「介護実習」や「介護総合演習」における現場実習及び具体的な事例の研究や介護計画作成に際しては，プライバシーの保護に十分留意すること。,74Y0300210000000
福祉,7641,(2) 各科目の指導に当たっては，コンピュータや情報通信ネットワークなどの活用を図り，学習の効果を高めるようにすること。,74Y0300220000000
福祉,7642,３　実験・実習を行うに当たっては，関連する法規等に基づき，施設・設備や薬品等の安全管理に配慮し，学習環境を整えるとともに，福祉機器などの取扱いには十分な注意を払わせ，事故防止などの指導を徹底し，安全と衛生に十分留意するものとする。,74Y0300300000000
理数（専門）,7643,第９節　理　　　数,74Z0000000000000
理数（専門）,7644,"第１款　目　標
　事象を探究する過程を通して，科学及び数学における基本的な概念，原理・法則などについての系統的な理解を深め，科学的，数学的に考察し表現する能力と態度を育て，創造的な能力を高める。",74Z0100000000000
理数（専門）,7645,第２款　各　科　目,74Z0500000000000
理数（専門）,7646,第１　理数数学Ⅰ,74Z1500000000000
理数（専門）,7647,"１　目　標
　数学における基本的な概念や原理・法則を系統的に理解させ，基礎的な知識の習得と技能の習熟を図り，事象を数学的に考察し表現する能力を養い，数学のよさを認識できるようにするとともに，それらを的確に活用する態度を育てる。",74Z1502000000000
理数（専門）,7648,２　内　容,74Z1503000000000
理数（専門）,7649,(1) 数と式,74Z1503100000000
理数（専門）,7650,(2) 図形と計量,74Z1503200000000
理数（専門）,7651,(3) 二次関数,74Z1503300000000
理数（専門）,7652,(4) 指数関数・対数関数,74Z1503400000000
理数（専門）,7653,(5) データの分析,74Z1503500000000
理数（専門）,7654,３　内容の取扱い,74Z1505000000000
理数（専門）,7655,(1) 指導に当たっては，第２章第４節第１の「数学Ⅰ」，第２の「数学Ⅱ」，第３の「数学Ⅲ」及び第４の「数学Ａ」の内容等を参照し，必要に応じて，これらの科目の内容を発展，拡充させて取り扱うものとする。,74Z1505100000000
理数（専門）,7656,(2) 内容の取扱いに当たっては，次の事項に配慮するものとする。,74Z1505200000000
理数（専門）,7657,ア　内容の(1)については，「数学Ⅰ」の内容の(1)を扱うこと。,74Z1505210000000
理数（専門）,7658,イ　内容の(2)については，「数学Ⅰ」の内容の(2)及び「数学Ａ」の内容の(3)を扱うこと。,74Z1505220000000
理数（専門）,7659,ウ　内容の(3)については，「数学Ⅰ」の内容の(3)及び「数学Ⅲ」の内容の(2)のイの(ｱ)を扱うこと。,74Z1505230000000
理数（専門）,7660,エ　内容の(4)については，「数学Ⅱ」の内容の(3)を扱うこと。,74Z1505240000000
理数（専門）,7661,オ　内容の(5)については，「数学Ⅰ」の内容の(4)を扱うこと。,74Z1505250000000
理数（専門）,7662,第２　理数数学Ⅱ,74Z2500000000000
理数（専門）,7663,"１　目　標
　数学における概念や原理・法則についての理解を深め，知識の習得と技能の習熟を図り，事象を数学的に考察し表現する能力を伸ばすとともに，それらを積極的に活用する態度を育てる。",74Z2502000000000
理数（専門）,7664,２　内　容,74Z2503000000000
理数（専門）,7665,(1) いろいろな式,74Z2503100000000
理数（専門）,7666,(2) 数列,74Z2503200000000
理数（専門）,7667,(3) 三角関数と複素数平面,74Z2503300000000
理数（専門）,7668,(4) 図形と方程式,74Z2503400000000
理数（専門）,7669,(5) 極限,74Z2503500000000
理数（専門）,7670,(6) 微分法,74Z2503600000000
理数（専門）,7671,(7) 積分法,74Z2503700000000
理数（専門）,7672,３　内容の取扱い,74Z2505000000000
理数（専門）,7673,(1) 指導に当たっては，第２章第４節第２の「数学Ⅱ」，第３の「数学Ⅲ」及び第５の「数学Ｂ」の内容等を参照し，必要に応じて，これらの科目の内容を発展，拡充させて取り扱うものとする。,74Z2505100000000
理数（専門）,7674,(2) 内容の取扱いに当たっては，次の事項に配慮するものとする。,74Z2505200000000
理数（専門）,7675,ア　内容の(1)については，「数学Ⅱ」の内容の(1)に加えて，最大公約数及び最小公倍数も扱うこと。,74Z2505210000000
理数（専門）,7676,イ　内容の(2)については，「数学Ｂ」の内容の(2)を扱うこと。,74Z2505220000000
理数（専門）,7677,ウ　内容の(3)については，「数学Ⅱ」の内容の(4)及び「数学Ⅲ」の内容の(1)のイを扱うこと。,74Z2505230000000
理数（専門）,7678,エ　内容の(4)については，「数学Ⅱ」の内容の(2)及び「数学Ⅲ」の内容の(1)のアに加えて，円と円の共有点を求めることも扱うこと。,74Z2505240000000
理数（専門）,7679,オ　内容の(5)については，「数学Ⅲ」の内容の(2)のアの(ｱ)(ｲ)及びイの(ｲ)(ｳ)を扱うこと。,74Z2505250000000
理数（専門）,7680,カ　内容の(6)については，「数学Ⅱ」の内容の(5)のア及び「数学Ⅲ」の内容の(3)を扱うこと。,74Z2505260000000
理数（専門）,7681,キ　内容の(7)については，「数学Ⅱ」の内容の(5)のイ及び「数学Ⅲ」の内容の(4)に加えて，（は定数）程度の簡単な微分方程式の意味と解法も扱うこと。,74Z2505270000000
理数（専門）,7682,第３　理数数学特論,74Z3500000000000
理数（専門）,7683,"１　目　標
　数学における概念や原理・法則についての理解を広め，知識の習得と技能の習熟を図り，事象を数学的に考察し表現する能力を伸ばすとともに，それらを積極的に活用する態度を育てる。",74Z3502000000000
理数（専門）,7684,２　内　容,74Z3503000000000
理数（専門）,7685,(1) 整数の性質,74Z3503100000000
理数（専門）,7686,(2) ベクトル,74Z3503200000000
理数（専門）,7687,(3) 行列とその応用,74Z3503300000000
理数（専門）,7688,(4) 離散グラフ,74Z3503400000000
理数（専門）,7689,(5) 場合の数と確率,74Z3503500000000
理数（専門）,7690,(6) 確率分布と統計的な推測,74Z3503600000000
理数（専門）,7691,３　内容の取扱い,74Z3505000000000
理数（専門）,7692,(1) この科目は，内容の(1)から(6)までの中から適宜選択させるものとする。指導に当たっては，第２章第４節第４の「数学Ａ」，第５の「数学Ｂ」の内容等を参照し，必要に応じて，これらの科目の内容を発展，拡充させて取り扱うものとする。,74Z3505100000000
理数（専門）,7693,(2) 内容の(1)から(6)までの取扱いに当たっては，次の事項に配慮するものとする。,74Z3505200000000
理数（専門）,7694,ア　内容の(1)については，「数学Ａ」の内容の(2)を扱うこと。,74Z3505210000000
理数（専門）,7695,イ　内容の(2)については，「数学Ｂ」の内容の(3)に加えて，空間における直線や平面の方程式も扱うこと。,74Z3505220000000
理数（専門）,7696,ウ　内容の(3)については，行列の表し方や演算，行列の積と逆行列，行列を用いた連立一次方程式の解法及び点の移動を扱うこと。,74Z3505230000000
理数（専門）,7697,エ　内容の(4)については，離散グラフの基本的な考え方，いろいろな離散グラフ及び離散グラフの活用を扱うこと。,74Z3505240000000
理数（専門）,7698,オ　内容の(5)については，「数学Ａ」の内容の(1)を扱うこと。,74Z3505250000000
理数（専門）,7699,カ　内容の(6)については，「数学Ｂ」の内容の(1)を扱うこと。,74Z3505260000000
理数（専門）,7700,第４　理数物理,74Z4500000000000
理数（専門）,7701,"１　目　標 
　物理的な事物・現象についての観察，実験などを行い，自然に対する関心や探究心を高め，物理学的に探究する能力と態度を育てるとともに，物理学の基本的な概念や原理・法則の系統的な理解を深め，科学的な自然観を育成する。",74Z4502000000000
理数（専門）,7702,２　内　容,74Z4503000000000
理数（専門）,7703,(1) 力と運動,74Z4503100000000
理数（専門）,7704,(2) 波,74Z4503200000000
理数（専門）,7705,(3) 電気と磁気,74Z4503300000000
理数（専門）,7706,(4) 原子,74Z4503400000000
理数（専門）,7707,３　内容の取扱い ,74Z4505000000000
理数（専門）,7708,(1) 内容の構成に当たっては，物理学の基本的な概念の形成と科学の方法の習得が無理なく行われるようにする。指導に当たっては，第２章第５節第２の「物理基礎」及び第３の「物理」の内容等を参照し，必要に応じて，これらの科目の内容を発展，拡充させて取り扱うものとする。,74Z4505100000000
理数（専門）,7709,(2) 内容の取扱いに当たっては，次の事項に配慮するものとする。 ,74Z4505200000000
理数（専門）,7710,ア　内容の(1)については，「物理基礎」の内容の(1)及び(2)のア及びカ並びに「物理」の内容の(1)を扱うこと。,74Z4505210000000
理数（専門）,7711,イ　内容の(2)については，「物理基礎」の内容の(2)のイ及びカ並びに「物理」の内容の(2)を扱うこと。,74Z4505220000000
理数（専門）,7712,ウ　内容の(3)については，「物理基礎」の内容の(2)のウ及びカ並びに「物理」の内容の(3)を扱うこと。,74Z4505230000000
理数（専門）,7713,エ　内容の(4)については，「物理基礎」の内容の(2)のエ，オ及びカ並びに「物理」の内容の(4)を扱うこと。,74Z4505240000000
理数（専門）,7714,オ　内容の(1)から(4)までの中で，身近な物理現象についてセンサーを用いた計測とコンピュータを用いた分析の手法も扱うこと。,74Z4505250000000
理数（専門）,7715,第５　理数化学,74Z5500000000000
理数（専門）,7716,"１　目　標 
　化学的な事物・現象についての観察，実験などを行い，自然に対する関心や探究心を高め，化学的に探究する能力と態度を育てるとともに，化学の基本的な概念や原理・法則の系統的な理解を深め，科学的な自然観を育成する。",74Z5502000000000
理数（専門）,7717,２　内　容,74Z5503000000000
理数（専門）,7718,(1) 化学と人間生活,74Z5503100000000
理数（専門）,7719,(2) 物質の構成,74Z5503200000000
理数（専門）,7720,(3) 物質の変化,74Z5503300000000
理数（専門）,7721,(4) 物質の状態と化学平衡,74Z5503400000000
理数（専門）,7722,(5) 無機物質の性質と利用,74Z5503500000000
理数（専門）,7723,(6) 有機化合物の性質と利用,74Z5503600000000
理数（専門）,7724,(7) 高分子化合物の性質と利用,74Z5503700000000
理数（専門）,7725,３　内容の取扱い ,74Z5505000000000
理数（専門）,7726,(1) 内容の構成に当たっては，化学の基本的な概念の形成と科学の方法の習得が無理なく行われるようにする。指導に当たっては，第２章第５節第４の「化学基礎」及び第５の「化学」の内容等を参照し，必要に応じて，これらの科目の内容を発展，拡充させて取り扱うものとする。,74Z5505100000000
理数（専門）,7727,(2) 内容の取扱いに当たっては，次の事項に配慮するものとする。,74Z5505200000000
理数（専門）,7728,ア　内容の(1)については，「化学基礎」の内容の(1)を扱うこと。,74Z5505210000000
理数（専門）,7729,イ　内容の(2)については，「化学基礎」の内容の(2)を扱うこと。,74Z5505220000000
理数（専門）,7730,ウ　内容の(3)については，「化学基礎」の内容の(3)並びに「化学」の内容の(2)のア及びウを扱うこと。,74Z5505230000000
理数（専門）,7731,エ　内容の(4)については，「化学」の内容の(1)並びに(2)のイ及びウを扱うこと。,74Z5505240000000
理数（専門）,7732,オ　内容の(5)については，「化学」の内容の(3)に加えて，新素材に関する実験も扱うこと。,74Z5505250000000
理数（専門）,7733,カ　内容の(6)については，「化学」の内容の(4)に加えて，物質の合成実験も扱うこと。,74Z5505260000000
理数（専門）,7734,キ　内容の(7)については，「化学」の内容の(5)を扱うこと。,74Z5505270000000
理数（専門）,7735,第６　理数生物,74Z6500000000000
理数（専門）,7736,"１　目　標
　生物や生物現象についての観察，実験などを行い，自然に対する関心や探究心を高め，生物学的に探究する能力と態度を育てるとともに，生物学の基本的な概念や原理・法則の系統的な理解を深め，科学的な自然観を育成する。",74Z6502000000000
理数（専門）,7737,２　内　容,74Z6503000000000
理数（専門）,7738,(1) 生物と遺伝子,74Z6503100000000
理数（専門）,7739,(2) 生命現象と物質,74Z6503200000000
理数（専門）,7740,(3) 生殖と発生,74Z6503300000000
理数（専門）,7741,(4) 生物の環境応答,74Z6503400000000
理数（専門）,7742,(5) 生態と環境,74Z6503500000000
理数（専門）,7743,(6) 生物の進化と系統,74Z6503600000000
理数（専門）,7744,３　内容の取扱い,74Z6505000000000
理数（専門）,7745,(1) 内容の構成に当たっては，生物学の基本的な概念の形成と科学の方法の習得が無理なく行われるようにする。指導に当たっては，第２章第５節第６の「生物基礎」及び第７の「生物」の内容等を参照し，必要に応じて，これらの科目の内容を発展，拡充させて取り扱うものとする。,74Z6505100000000
理数（専門）,7746,(2) 内容の取扱いに当たっては，次の事項に配慮するものとする。,74Z6505200000000
理数（専門）,7747,ア　内容の(1)については，「生物基礎」の内容の(1)のア，イの(ｱ)(ｲ)及びウを扱うこと。 ,74Z6505210000000
理数（専門）,7748,イ　内容の(2)については，「生物基礎」の内容の(1)のイの(ｳ)及びウ並びに「生物」の内容の(1)に加えて，バイオテクノロジーに関する実験又はタンパク質に関する実験も扱うこと。,74Z6505220000000
理数（専門）,7749,ウ　内容の(3)については，「生物」の内容の(2)を扱うこと。,74Z6505230000000
理数（専門）,7750,エ　内容の(4)については，「生物基礎」の内容の(2)及び「生物」の内容の(3)を扱うこと。,74Z6505240000000
理数（専門）,7751,オ　内容の(5)については，「生物基礎」の内容の(3)及び「生物」の内容の(4)に加えて，野外観察又は調査も扱うこと。,74Z6505250000000
理数（専門）,7752,カ　内容の(6)については，「生物」の内容の(5)を扱うこと。,74Z6505260000000
理数（専門）,7753,第７　理数地学,74Z7500000000000
理数（専門）,7754,"１　目　標
　地学的な事物・現象についての観察，実験などを行い，自然に対する関心や探究心を高め，地学的に探究する能力と態度を育てるとともに，地学の基本的な概念や原理・法則の系統的な理解を深め，科学的な自然観を育成する。",74Z7502000000000
理数（専門）,7755,２　内　容,74Z7503000000000
理数（専門）,7756,(1) 地球の概観と構造,74Z7503100000000
理数（専門）,7757,(2) 地球の活動,74Z7503200000000
理数（専門）,7758,(3) 地球の歴史,74Z7503300000000
理数（専門）,7759,(4) 大気と海洋の構造と運動,74Z7503400000000
理数（専門）,7760,(5) 宇宙の構造と進化,74Z7503500000000
理数（専門）,7761,３　内容の取扱い,74Z7505000000000
理数（専門）,7762,(1) 内容の構成に当たっては，地学の基本的な概念の形成と科学の方法の習得が無理なく行われるようにする。指導に当たっては，第２章第５節第８の「地学基礎」及び第９の「地学」の内容等を参照し，必要に応じて，これらの科目の内容を発展，拡充させて取り扱うものとする。,74Z7505100000000
理数（専門）,7763,(2) 内容の取扱いに当たっては，次の事項に配慮するものとする。,74Z7505200000000
理数（専門）,7764,ア　内容の(1)については，「地学基礎」の内容の(1)のイの(ｲ)(ｳ)及びウ並びに「地学」の内容の(1)を扱うこと。,74Z7505210000000
理数（専門）,7765,イ　内容の(2)については，「地学基礎」の内容の(2)のア及びオ並びに「地学」の内容の(2)のア及びウに加えて，岩石などの偏光顕微鏡観察も扱うこと。,74Z7505220000000
理数（専門）,7766,ウ　内容の(3)については，「地学基礎」の内容の(2)のイ及びオ並びに「地学」の内容の(2)のイ及びウに加えて，地質図の実習も扱うこと。,74Z7505230000000
理数（専門）,7767,エ　内容の(4)については，「地学基礎」の内容の(2)のウ，エ及びオ並びに「地学」の内容の(3)を扱うこと。,74Z7505240000000
理数（専門）,7768,オ　内容の(5)については，「地学基礎」の内容の(1)のア，イの(ｱ)及びウ並びに「地学」の内容の(4)を扱うこと。,74Z7505250000000
理数（専門）,7769,第８　課題研究,74Z8500000000000
理数（専門）,7770,"１　目　標
　科学及び数学に関する課題を設定し，その課題の解決を図る学習を通して，専門的な知識と技能の深化，総合化を図るとともに，問題解決の能力や自発的，創造的な学習態度を育てる。",74Z8502000000000
理数（専門）,7771,２　内　容,74Z8503000000000
理数（専門）,7772,(1) 特定の自然の事物・現象に関する研究,74Z8503100000000
理数（専門）,7773,(2) 特定の社会事象に関する研究,74Z8503200000000
理数（専門）,7774,(3) 先端科学や学際的領域に関する研究,74Z8503300000000
理数（専門）,7775,(4) 自然環境の調査に基づく研究,74Z8503400000000
理数（専門）,7776,(5) 科学や数学を発展させた原理・法則に関する研究,74Z8503500000000
理数（専門）,7777,３　内容の取扱い,74Z8505000000000
理数（専門）,7778,(1) 内容の構成とその取扱いに当たっては，次の事項に配慮するものとする。,74Z8505100000000
理数（専門）,7779,ア　生徒の興味・関心，進路希望等に応じて，内容の(1)から(5)までの中から，個人又はグループで適切な課題を設定させること。なお，課題は内容の(1)から(5)までの２項目以上にまたがる課題を設定することができること。,74Z8505110000000
理数（専門）,7780,イ　指導に効果的な場合には，大学や研究機関，博物館などと積極的に連携，協力を図ること。,74Z8505120000000
理数（専門）,7781,ウ　研究の成果について，報告書を作成させ，発表を行う機会を設けること。,74Z8505130000000
理数（専門）,7782,(2) 内容の範囲や程度については，次の事項に配慮するものとする。,74Z8505200000000
理数（専門）,7783,ア　内容の(1)及び(2)については，理数科の各科目の内容と関連させて扱うこと。,74Z8505210000000
理数（専門）,7784,第３款　各科目にわたる指導計画の作成と内容の取扱い,74Z0300000000000
理数（専門）,7785,１　理数に関する学科における指導計画の作成に当たっては，次の事項に配慮するものとする。 ,74Z0300100000000
理数（専門）,7786,(1) 「理数数学Ⅰ」，「理数数学Ⅱ」及び「課題研究」については，原則としてすべての生徒に履修させること。,74Z0300110000000
理数（専門）,7787,(2) 「理数物理」，「理数化学」，「理数生物」及び「理数地学」については，これらのうちから，原則として３科目以上をすべての生徒に履修させること。,74Z0300120000000
理数（専門）,7788,(3) 「理数数学Ⅱ」及び「理数数学特論」については，原則として｢理数数学Ⅰ｣を履修した後に履修させること。,74Z0300130000000
理数（専門）,7789,(4) 各科目の指導に当たっては，大学や研究機関，博物館などと積極的に連携，協力を図るようにすること。,74Z0300140000000
理数（専門）,7790,２　内容の取扱いに当たっては，次の事項に配慮するものとする。 ,74Z0300200000000
理数（専門）,7791,(1) 「理数数学Ⅰ」，「理数数学Ⅱ」及び「理数数学特論」の指導に当たっては，第２章第４節第３款の３を参照し，数学的活動を一層重視すること。,74Z0300210000000
理数（専門）,7792,(2) 「理数物理」，「理数化学」，「理数生物」，「理数地学」及び「課題研究」の指導に当たっては，観察，実験などの結果を分析し解釈して自らの考えを導き出し，それらを表現するなどの学習活動を充実すること。,74Z0300220000000
理数（専門）,7793,(3) 生命を尊重し，自然環境の保全に寄与する態度の育成を図ること。また，環境問題や科学技術の進歩と人間生活にかかわる内容等については，持続可能な社会をつくることの重要性も踏まえながら，科学的な見地から取り扱うこと。,74Z0300230000000
理数（専門）,7794,(4) 観察，実験，野外観察，調査などの指導に当たっては，関連する法規等に従い，事故防止について十分留意するとともに，使用薬品などの管理及び廃棄についても適切な措置を講ずること。,74Z0300240000000
理数（専門）,7795,(5) 各科目の指導に当たっては，数理現象の理解や多数の計算例による法則性の認識及び観察，実験の過程での情報の収集・検索，計測・制御，シミュレーション，結果の集計・処理などのために，コンピュータや情報通信ネットワークなどを積極的かつ適切に活用すること。,74Z0300250000000
体育（専門）,7796,第10節　体　　　育,74a0000000000000
体育（専門）,7797,"第１款　目　標
　心と体を一体としてとらえ，スポーツについての専門的な理解及び高度な技能の習得を目指した主体的，合理的，計画的な実践を通して，健やかな心身の育成に資するとともに，生涯を通してスポーツの振興発展に寄与する資質や能力を育て，明るく豊かで活力ある生活を営む態度を育てる。",74a0100000000000
体育（専門）,7798,第２款　各　科　目,74a0500000000000
体育（専門）,7799,第１　スポーツ概論,74a1500000000000
体育（専門）,7800,"１　目　標
　スポーツについての総合的な理解を通して，その知識を運動の主体的，合理的，計画的な実践に活用できるようにするとともに，生涯を通してスポーツの振興発展にかかわることができる資質や能力を育てる。",74a1502000000000
体育（専門）,7801,２　内　容,74a1503000000000
体育（専門）,7802,(1) スポーツの歴史・文化的特性と現代的特徴,74a1503100000000
体育（専門）,7803,(2) スポーツの効果的な学習の仕方,74a1503200000000
体育（専門）,7804,(3) 豊かなスポーツライフの設計,74a1503300000000
体育（専門）,7805,(4) スポーツの指導法と安全,74a1503400000000
体育（専門）,7806,(5) スポーツの運営及び管理,74a1503500000000
体育（専門）,7807,３　内容の取扱い,74a1505000000000
体育（専門）,7808,(1) 内容の(1)から(5)までの各事項とも扱うものとする。,74a1505100000000
体育（専門）,7809,(2) 指導に当たっては，各事項に関連した課題研究や実習などの知識を活用する学習活動を適宜扱うものとする。,74a1505200000000
体育（専門）,7810,第２　スポーツⅠ,74a2500000000000
体育（専門）,7811,"１　目　標
　採点競技及び測定競技の専門的な理解と高度な技能の習得を目指した主体的，合理的，計画的な実践を通して，自己の課題を解決できるようにするとともに，生涯を通してスポーツの振興発展にかかわることができる資質や能力を育てる。",74a2502000000000
体育（専門）,7812,２　内　容,74a2503000000000
体育（専門）,7813,(1) 採点競技の理解と実践,74a2503100000000
体育（専門）,7814,(2) 測定競技の理解と実践,74a2503200000000
体育（専門）,7815,３　内容の取扱い,74a2505000000000
体育（専門）,7816,(1) 内容の(1)又は(2)のいずれかを選択して扱うことができる。,74a2505100000000
体育（専門）,7817,(2) 内容の(1)については，体操競技を，(2)については，陸上競技，水泳競技の中から適宜取り上げるものとし，スキー，スケート等についても，地域や学校の実態に応じて扱うことができる。,74a2505200000000
体育（専門）,7818,第３　スポーツⅡ,74a3500000000000
体育（専門）,7819,"１　目　標
　球技の専門的な理解と高度な技能の習得を目指した主体的，合理的，計画的な実践を通して，自己の課題を解決できるようにするとともに，生涯を通してスポーツの振興発展にかかわることができる資質や能力を育てる。",74a3502000000000
体育（専門）,7820,２　内　容,74a3503000000000
体育（専門）,7821,(1) ゴール型球技の理解と実践,74a3503100000000
体育（専門）,7822,(2) ネット型球技の理解と実践,74a3503200000000
体育（専門）,7823,(3) ベースボール型球技の理解と実践,74a3503300000000
体育（専門）,7824,(4) ターゲット型球技の理解と実践,74a3503400000000
体育（専門）,7825,３　内容の取扱い,74a3505000000000
体育（専門）,7826,(1) 内容の(1)から(4)までの中から一つ以上を選択して扱うことができる。,74a3505100000000
体育（専門）,7827,(2) 内容の(1)については，バスケットボール，ハンドボール，サッカー，ラグビーの中から，(2)については，バレーボール，卓球，テニス，バドミントンの中から，(3)については，ソフトボール，野球の中から，(4)については，ゴルフを適宜取り上げるものとし，その他の球技についても，地域や学校の実態に応じて扱うことができる。,74a3505200000000
体育（専門）,7828,第４　スポーツⅢ,74a4500000000000
体育（専門）,7829,"１　目　標
　武道及び諸外国の対人的競技等の専門的な理解と高度な技能の習得を目指した主体的，合理的，計画的な実践を通して，自己の課題を解決できるようにするとともに，生涯を通してスポーツの振興発展にかかわることができる資質や能力を育てる。",74a4502000000000
体育（専門）,7830,２　内　容,74a4503000000000
体育（専門）,7831,(1) 武道の理解と実践,74a4503100000000
体育（専門）,7832,(2) 諸外国の対人的競技の理解と実践,74a4503200000000
体育（専門）,7833,３　内容の取扱い,74a4505000000000
体育（専門）,7834,(1) 内容の(1)又は(2)のいずれかを選択して扱うことができる。,74a4505100000000
体育（専門）,7835,(2) 内容の(1)については，柔道，剣道，相撲，なぎなた，弓道の中から，(2)については，レスリングを適宜取り上げるものとし，その他の武道等についても，地域や学校の実態に応じて扱うことができる。,74a4505200000000
体育（専門）,7836,第５　スポーツⅣ,74a5500000000000
体育（専門）,7837,"１　目　標
　ダンスの専門的な理解と高度な技能の習得を目指した主体的，合理的，計画的な実践を通して，自己の課題を解決できるようにするとともに，生涯を通してスポーツの振興発展にかかわることができる資質や能力を育てる。",74a5502000000000
体育（専門）,7838,２　内　容,74a5503000000000
体育（専門）,7839,(1) 創造型ダンスの理解と実践,74a5503100000000
体育（専門）,7840,(2) 伝承型ダンスの理解と実践,74a5503200000000
体育（専門）,7841,３　内容の取扱い,74a5505000000000
体育（専門）,7842,(1) 内容の(1)又は(2)のいずれかを選択して扱うことができる。,74a5505100000000
体育（専門）,7843,(2) 内容の(1)については，創作ダンス，現代的なリズムのダンスの中から，(2)については，フォークダンス，社交ダンスの中から適宜取り上げるものとし，その他のダンスについても，地域や学校の実態に応じて扱うことができる。,74a5505200000000
体育（専門）,7844,第６　スポーツⅤ,74a6500000000000
体育（専門）,7845,"１　目　標
　自然とのかかわりの深い野外の運動の専門的な理解と高度な技能の習得を目指した主体的，合理的，計画的な実践を通して，自己の課題を解決できるようにするとともに，生涯を通してスポーツの振興発展にかかわることができる資質や能力を育てる。",74a6502000000000
体育（専門）,7846,２　内　容,74a6503000000000
体育（専門）,7847,(1) 自然体験型野外活動の理解と実践,74a6503100000000
体育（専門）,7848,(2) 競技型野外活動の理解と実践,74a6503200000000
体育（専門）,7849,３　内容の取扱い,74a6505000000000
体育（専門）,7850,(1) 内容の(1)又は(2)のいずれかを選択して扱うことができる。,74a6505100000000
体育（専門）,7851,(2) 内容の(1)については，キャンプ，登山，遠泳等の水辺活動の中から，(2)については，スキー，スケートの中から適宜取り上げるものとし，その他の運動についても，機械等の動力を用いない活動を中心に，地域や学校の実態に応じて扱うことができる。,74a6505200000000
体育（専門）,7852,(3) 特定の期間に集中的に校外で授業を行う場合は，安全対策に十分配慮するものとする。,74a6505300000000
体育（専門）,7853,第７　スポーツⅥ,74a7500000000000
体育（専門）,7854,"１　目　標
　体つくり運動の専門的な理解とその活用を目指した主体的，合理的，計画的な実践を通して，実生活に役立てることができるようにするとともに，生涯を通してスポーツの振興発展にかかわることができる資質や能力を育てる。",74a7502000000000
体育（専門）,7855,２　内　容,74a7503000000000
体育（専門）,7856,(1) 体つくり運動の理解と実践,74a7503100000000
体育（専門）,7857,(2) 目的に応じた心身の調整の仕方や交流を深めるための運動の仕方の理解と実践,74a7503200000000
体育（専門）,7858,(3) ライフステージに応じた運動の計画の立て方の理解と実践,74a7503300000000
体育（専門）,7859,"３　内容の取扱い
　内容の(1)を入学年次で扱うものとし，内容の(2)又は(3)のいずれかを選択して扱うことができる。",74a7505000000000
体育（専門）,7860,第８　スポーツ総合演習,74a8500000000000
体育（専門）,7861,"１　目　標
　スポーツの専門的な知識や高度な技能の総合的な活用を目指した課題研究を通して，生涯を通した豊かなスポーツライフの実現及びスポーツの振興発展にかかわることができる資質や能力を育てる。",74a8502000000000
体育（専門）,7862,２　内　容,74a8503000000000
体育（専門）,7863,(1) スポーツの知識や実践に関する課題研究,74a8503100000000
体育（専門）,7864,(2) スポーツの指導や運営及び管理に関する課題研究,74a8503200000000
体育（専門）,7865,(3) スポーツを通した社会参画に関する課題研究,74a8503300000000
体育（専門）,7866,３　内容の取扱い,74a8505000000000
体育（専門）,7867,(1) 内容の(1)から(3)までの中から一つ以上を選択して扱うことができる。,74a8505100000000
体育（専門）,7868,(2) 指導に当たっては，「スポーツ概論」との関連を図り，実習，体験，発表等の活動を重視するとともに，言語に関する能力の育成に配慮するものとする。,74a8505200000000
体育（専門）,7869,第３款　各科目にわたる指導計画の作成と内容の取扱い,74a0300000000000
体育（専門）,7870,１　体育に関する学科における指導計画の作成に当たっては，各年次において次の事項に配慮するものとする。,74a0300100000000
体育（専門）,7871,(1) 「スポーツ概論」，「スポーツⅤ」，「スポーツⅥ」及び「スポーツ総合演習」については，原則として，すべての生徒に履修させること。,74a0300110000000
体育（専門）,7872,(2) 「スポーツⅠ」，「スポーツⅡ」，「スポーツⅢ」及び「スポーツⅣ」については，これらの中から生徒の興味や適性等に応じて１科目以上を選択して履修できるようにすること。,74a0300120000000
体育（専門）,7873,２　内容の取扱いに当たっては，次の事項に配慮するものとする。,74a0300200000000
体育（専門）,7874,(1) 各科目の指導に当たっては，公正，協力，責任，参画に対する意欲及び思考力，判断力などを育成するとともに，生徒の健康・安全を確保し，事故防止を図ること。,74a0300210000000
体育（専門）,7875,(2) 「スポーツⅠ」，「スポーツⅡ」，「スポーツⅢ」及び「スポーツⅣ」の指導に当たっては，「スポーツⅥ」の学習成果の活用を図ること。,74a0300220000000
体育（専門）,7876,(3) 体力の測定については，計画的に実施し，各科目の指導及び体力の向上に活用するようにすること。,74a0300230000000
体育（専門）,7877,(4) 集合，整頓《とん》，列の増減，方向変換などの行動の仕方については，各科目の特性との関連において適切に行うこと。,74a0300240000000
体育（専門）,7878,(5) 各科目の指導に当たっては，その特質を踏まえ，必要に応じて，コンピュータや情報通信ネットワークなどを適切に活用し，学習の効果を高めるようにすること。,74a0300250000000
体育（専門）,7879,(6) 学外の認定資格等の取得と関連付けるなど，より専門的かつ実践的な知識及び技術の習得が図られるようにすること。,74a0300260000000
音楽（専門）,7880,第11節　音　　　楽,74b0000000000000
音楽（専門）,7881,"第１款　目　標
　音楽に関する専門的な学習を通して，感性を磨き，創造的な表現と鑑賞の能力を高めるとともに，音楽文化の発展と創造に寄与する態度を育てる。",74b0100000000000
音楽（専門）,7882,第２款　各　科　目,74b0500000000000
音楽（専門）,7883,第１　音楽理論,74b1500000000000
音楽（専門）,7884,"１　目　標
　音楽に関する基礎的な理論を理解させるとともに，表現と鑑賞に活用する能力を養う。",74b1502000000000
音楽（専門）,7885,２　内　容,74b1503000000000
音楽（専門）,7886,(1) 楽典，楽曲の形式など,74b1503100000000
音楽（専門）,7887,(2) 和声法,74b1503200000000
音楽（専門）,7888,(3) 対位法,74b1503300000000
音楽（専門）,7889,"３　内容の取扱い
　我が国の伝統音楽の理論については，必要に応じて扱うことができる。",74b1505000000000
音楽（専門）,7890,第２　音楽史,74b2500000000000
音楽（専門）,7891,"１　目　標
　我が国及び諸外国の音楽の歴史について理解を深め，多様な音楽の文化的価値をとらえる能力を養う。",74b2502000000000
音楽（専門）,7892,２　内　容,74b2503000000000
音楽（専門）,7893,(1) 我が国の音楽史,74b2503100000000
音楽（専門）,7894,(2) 諸外国の音楽史,74b2503200000000
音楽（専門）,7895,３　内容の取扱い,74b2505000000000
音楽（専門）,7896,(1) 内容の(1)及び(2)については，相互の関連を図るとともに，著しく一方に偏らないよう配慮するものとする。,74b2505100000000
音楽（専門）,7897,(2) 内容の(1)及び(2)については，鑑賞活動などを通して，具体的・実践的に学習させるようにする。,74b2505200000000
音楽（専門）,7898,(3) 内容の(2)については，西洋音楽史を中心としつつ，その他の地域の音楽史にも触れるようにする。,74b2505300000000
音楽（専門）,7899,第３　演奏研究,74b3500000000000
音楽（専門）,7900,"１　目　標
　音楽作品についての演奏研究を通して，演奏における客観性と多様性を理解し，音楽の様式を尊重して演奏する能力を養う。",74b3502000000000
音楽（専門）,7901,２　内　容,74b3503000000000
音楽（専門）,7902,(1) 時代や地域による表現上の特徴を踏まえた解釈及び演奏に関する研究,74b3503100000000
音楽（専門）,7903,(2) 作曲家の表現上の特徴を踏まえた解釈及び演奏に関する研究,74b3503200000000
音楽（専門）,7904,(3) 声や楽器の特徴を踏まえた解釈及び演奏に関する研究,74b3503300000000
音楽（専門）,7905,(4) 音楽の解釈の多様性,74b3503400000000
音楽（専門）,7906,"３　内容の取扱い
　専門的に履修させる「声楽」の内容の(1)，「器楽」の内容の(1)から(5)まで及び「作曲」の内容との関連にも配慮して指導するものとする。",74b3505000000000
音楽（専門）,7907,第４　ソルフェージュ,74b4500000000000
音楽（専門）,7908,"１　目　標
　音楽を形づくっている要素を正しくとらえ，音楽性豊かな表現をするための基礎的な能力を養う。",74b4502000000000
音楽（専門）,7909,２　内　容,74b4503000000000
音楽（専門）,7910,(1) 視唱,74b4503100000000
音楽（専門）,7911,(2) 視奏,74b4503200000000
音楽（専門）,7912,(3) 聴音,74b4503300000000
音楽（専門）,7913,３　内容の取扱い,74b4505000000000
音楽（専門）,7914,(1) 内容の(1)，(2)及び(3)の相互の関連を図り，幅広く多角的な方法によって指導するものとする。,74b4505100000000
音楽（専門）,7915,(2) 専門的に履修させる「声楽」の内容の(1)，「器楽」の内容の(1)から(5)まで及び「作曲」の内容との関連にも配慮して指導するものとする。,74b4505200000000
音楽（専門）,7916,第５　声　楽,74b5500000000000
音楽（専門）,7917,"１　目　標
　声楽に関する専門的な学習を通して，楽曲の表現内容を理解し，表現意図を明確にして創造的に表現する能力を養う。",74b5502000000000
音楽（専門）,7918,２　内　容,74b5503000000000
音楽（専門）,7919,(1) 独唱,74b5503100000000
音楽（専門）,7920,(2) いろいろな形態のアンサンブル,74b5503200000000
音楽（専門）,7921,３　内容の取扱い,74b5505000000000
音楽（専門）,7922,(1) 我が国の伝統的な歌唱については，必要に応じて扱うことができる。,74b5505100000000
音楽（専門）,7923,(2) 演奏発表の場を設けるなどして，演奏を共有したり，評価し合ったりする活動を取り入れるようにする。,74b5505200000000
音楽（専門）,7924,第６　器　楽,74b6500000000000
音楽（専門）,7925,"１　目　標
　器楽に関する専門的な学習を通して，楽曲の表現内容を理解し，表現意図を明確にして創造的に表現する能力を養う。",74b6502000000000
音楽（専門）,7926,２　内　容,74b6503000000000
音楽（専門）,7927,(1) 鍵《けん》盤楽器の独奏,74b6503100000000
音楽（専門）,7928,(2) 弦楽器の独奏,74b6503200000000
音楽（専門）,7929,(3) 管楽器の独奏,74b6503300000000
音楽（専門）,7930,(4) 打楽器の独奏,74b6503400000000
音楽（専門）,7931,(5) 和楽器の独奏,74b6503500000000
音楽（専門）,7932,(6) いろいろな形態のアンサンブル,74b6503600000000
音楽（専門）,7933,３　内容の取扱い,74b6505000000000
音楽（専門）,7934,(1) 内容の(1)から(5)までについては，生徒の特性，地域や学校の実態を考慮し，特定の楽器を選んで行うものとする。,74b6505100000000
音楽（専門）,7935,(2) 演奏発表の場を設けるなどして，演奏を共有したり，評価し合ったりする活動を取り入れるようにする。,74b6505200000000
音楽（専門）,7936,第７　作　曲,74b7500000000000
音楽（専門）,7937,"１　目　標
　作曲に関する専門的な学習を通して，音楽性豊かに楽曲を構成する能力を養う。",74b7502000000000
音楽（専門）,7938,"２　内　容
　作曲に関する多様な技法及びそれらを生かした作曲",74b7503000000000
音楽（専門）,7939,３　内容の取扱い,74b7505000000000
音楽（専門）,7940,(1) 我が国の伝統的な音楽の特徴を生かした作曲についても扱うようにする。,74b7505100000000
音楽（専門）,7941,(2) 完成した作品について演奏発表の場を設けるなどして，作品を共有したり，評価し合ったりする活動を取り入れるようにする。,74b7505200000000
音楽（専門）,7942,第８　鑑賞研究,74b8500000000000
音楽（専門）,7943,"１　目　標
　音楽作品や作曲家，演奏などについての鑑賞研究を通して，音楽に対する理解を深め，音楽や音楽文化を尊重する態度を養い，批評する能力を育てる。",74b8502000000000
音楽（専門）,7944,２　内　容,74b8503000000000
音楽（専門）,7945,(1) 作品・作曲家に関する研究,74b8503100000000
音楽（専門）,7946,(2) 地域や文化的背景に関する研究,74b8503200000000
音楽（専門）,7947,(3) 音楽とメディアとのかかわり,74b8503300000000
音楽（専門）,7948,(4) 音楽批評,74b8503400000000
音楽（専門）,7949,"３　内容の取扱い
　内容の(2)及び(3)については，いずれかを選択して扱うことができる。",74b8505000000000
音楽（専門）,7950,第３款　各科目にわたる指導計画の作成と内容の取扱い,74b0300000000000
音楽（専門）,7951,１　音楽に関する学科における指導計画の作成に当たっては，次の事項に配慮するものとする。,74b0300100000000
音楽（専門）,7952,(1) 「音楽理論」の内容の(1)及び(2)，「音楽史」，「演奏研究」，「ソルフェージュ」及び「器楽」の内容の(1)については，原則として，すべての生徒に履修させること。,74b0300110000000
音楽（専門）,7953,(2) 「声楽」の内容の(1)，「器楽」の内容の(1)から(5)まで及び「作曲」の内容の中から，生徒の特性等に応じ，いずれかを専門的に履修させること。また，これに加えて，「声楽」の内容の(1)，「器楽」の内容の(1)から(5)までのいずれかを履修させることができること。,74b0300120000000
音楽（専門）,7954,(3) (2)に示す科目，「音楽理論」の内容の(1)及び(2)，「ソルフェージュ」及び「器楽」の内容の(1)については，原則として，各年次にわたり履修させること。,74b0300130000000
音楽（専門）,7955,２　内容の取扱いに当たっては，次の事項に配慮するものとする。,74b0300200000000
音楽（専門）,7956,(1) 「声楽」の内容の(2)及び「器楽」の内容の(6)については，他者と協調しながら活動することによって，より一層幅広い表現の諸能力を養うため，重視して扱うこと。,74b0300210000000
音楽（専門）,7957,(2) 各科目の特質を踏まえ，学校の実態に応じて学校図書館を活用するとともに，コンピュータや情報通信ネットワークなどを指導に生かすこと。,74b0300220000000
音楽（専門）,7958,(3) 各科目の特質を踏まえ，地域や学校の実態に応じて，文化施設，社会教育施設，地域の文化財等の活用を図ったり，地域の人材の協力を求めたりすること。,74b0300230000000
音楽（専門）,7959,(4) 音や音楽と生活や社会とのかかわりを考えさせ，音環境への関心を高めるようにすること。また，音楽に関する知的財産権などについて配慮し，著作物等を尊重する態度の形成を図るようにすること。,74b0300240000000
美術（専門）,7960,第12節　美　　　術,74c0000000000000
美術（専門）,7961,"第１款　目　標
　美術に関する専門的な学習を通して，美的体験を豊かにし，感性を磨き，創造的な表現と鑑賞の能力を高めるとともに，美術文化の発展と創造に寄与する態度を育てる。",74c0100000000000
美術（専門）,7962,第２款　各　科　目,74c0500000000000
美術（専門）,7963,第１　美術概論,74c1500000000000
美術（専門）,7964,"１　目　標
　美術の理論的学習を通して，芸術としての美術の意義を理解し，表現と鑑賞の基礎となる能力と態度を高める。",74c1502000000000
美術（専門）,7965,２　内　容,74c1503000000000
美術（専門）,7966,(1) 美術と自然,74c1503100000000
美術（専門）,7967,(2) 美術と社会,74c1503200000000
美術（専門）,7968,(3) 美術と生活,74c1503300000000
美術（専門）,7969,"３　内容の取扱い
　内容の(1)，(2)及び(3)の各事項とも扱うものとする。",74c1505000000000
美術（専門）,7970,第２　美術史,74c2500000000000
美術（専門）,7971,"１　目　標
　美術の変遷の学習を通して，文化遺産や美術文化についての理解を深め，伝統と文化を尊重する態度と新たな美術文化を創造していく基礎となる能力を高める。",74c2502000000000
美術（専門）,7972,２　内　容,74c2503000000000
美術（専門）,7973,(1) 日本の美術と文化,74c2503100000000
美術（専門）,7974,(2) 東洋の美術と文化,74c2503200000000
美術（専門）,7975,(3) 西洋の美術と文化,74c2503300000000
美術（専門）,7976,(4) 現代の美術と文化,74c2503400000000
美術（専門）,7977,"３　内容の取扱い
　内容の(1)から(4)までの各事項とも扱うものとする。",74c2505000000000
美術（専門）,7978,第３　素　描,74c3500000000000
美術（専門）,7979,"１　目　標
　対象のイメージや空間を把握し，造形表現の基礎となる観察力と描写力を高める。",74c3502000000000
美術（専門）,7980,２　内　容,74c3503000000000
美術（専門）,7981,(1) デッサン,74c3503100000000
美術（専門）,7982,(2) スケッチ,74c3503200000000
美術（専門）,7983,(3) 表現材料,74c3503300000000
美術（専門）,7984,(4) 鑑賞,74c3503400000000
美術（専門）,7985,"３　内容の取扱い
　内容の(1)，(2)及び(3)については，相互に関連付けて扱うようにする。",74c3505000000000
美術（専門）,7986,第４　構　成,74c4500000000000
美術（専門）,7987,"１　目　標
　造形的な創造活動の基本となる諸要素の理解を深め，感性や造形感覚と創造的な構成の能力を高める。",74c4502000000000
美術（専門）,7988,２　内　容,74c4503000000000
美術（専門）,7989,(1) 形体，色彩,74c4503100000000
美術（専門）,7990,(2) 材料,74c4503200000000
美術（専門）,7991,(3) 平面構成，立体構成,74c4503300000000
美術（専門）,7992,(4) 鑑賞,74c4503400000000
美術（専門）,7993,"３　内容の取扱い
　内容の(1)，(2)及び(3)については，相互に関連付けて扱うようにする。",74c4505000000000
美術（専門）,7994,第５　絵　画,74c5500000000000
美術（専門）,7995,"１　目　標
　いろいろな表現形式による絵画表現に関する学習を通して，表現と鑑賞の能力を高める。",74c5502000000000
美術（専門）,7996,２　内　容,74c5503000000000
美術（専門）,7997,(1) 日本画,74c5503100000000
美術（専門）,7998,(2) 水彩画,74c5503200000000
美術（専門）,7999,(3) 油彩画,74c5503300000000
美術（専門）,8000,(4) 漫画，イラストレ－ション,74c5503400000000
美術（専門）,8001,(5) その他の絵画,74c5503500000000
美術（専門）,8002,(6) 鑑賞,74c5503600000000
美術（専門）,8003,"３　内容の取扱い
　内容の(1)から(5)までについては，そのうち一つ以上を選択して扱うことができる。",74c5505000000000
美術（専門）,8004,第６　版　画,74c6500000000000
美術（専門）,8005,"１　目　標
　いろいろな表現形式による版画表現に関する学習を通して，表現と鑑賞の能力を高める。",74c6502000000000
美術（専門）,8006,２　内　容,74c6503000000000
美術（専門）,8007,(1) 木版画,74c6503100000000
美術（専門）,8008,(2) 銅版画,74c6503200000000
美術（専門）,8009,(3) リトグラフ,74c6503300000000
美術（専門）,8010,(4) シルクスクリーン,74c6503400000000
美術（専門）,8011,(5) その他の版画,74c6503500000000
美術（専門）,8012,(6) 鑑賞,74c6503600000000
美術（専門）,8013,"３　内容の取扱い
　内容の(2)から(5)までについては，そのうち一つ以上を選択して扱うことができる。",74c6505000000000
美術（専門）,8014,第７　彫　刻,74c7500000000000
美術（専門）,8015,"１　目　標
　いろいろな材料による彫刻など立体造形の表現に関する学習を通して，表現と鑑賞の能力を高める。",74c7502000000000
美術（専門）,8016,２　内　容,74c7503000000000
美術（専門）,8017,(1) 彫造,74c7503100000000
美術（専門）,8018,(2) 塑造,74c7503200000000
美術（専門）,8019,(3) その他の彫刻及び立体造形,74c7503300000000
美術（専門）,8020,(4) 鑑賞,74c7503400000000
美術（専門）,8021,"３　内容の取扱い
　　内容の(1)，(2)及び(3)については，そのうち一つ以上を選択して扱うことができる。",74c7505000000000
美術（専門）,8022,第８　ビジュアルデザイン,74c8500000000000
美術（専門）,8023,"１　目　標
　視覚的な伝達効果を主とするデザインについての理解を深め，表現と鑑賞の能力を高める。",74c8502000000000
美術（専門）,8024,２　内　容,74c8503000000000
美術（専門）,8025,(1) デザインの基礎,74c8503100000000
美術（専門）,8026,(2) 平面・立体デザイン,74c8503200000000
美術（専門）,8027,(3) 空間デザイン,74c8503300000000
美術（専門）,8028,(4) 図法，表示法,74c8503400000000
美術（専門）,8029,(5) 鑑賞,74c8503500000000
美術（専門）,8030,"３　内容の取扱い
　内容の(2)及び(3)については，いずれかを選択して扱うことができる。",74c8505000000000
美術（専門）,8031,第９　クラフトデザイン,74c9500000000000
美術（専門）,8032,"１　目　標
　美的造形性や機能性を主とする造形のデザインについての理解を深め，表現と鑑賞の能力を高める。",74c9502000000000
美術（専門）,8033,２　内　容,74c9503000000000
美術（専門）,8034,(1) デザインの基礎,74c9503100000000
美術（専門）,8035,(2) 図法，製図,74c9503200000000
美術（専門）,8036,(3) 工芸,74c9503300000000
美術（専門）,8037,(4) プロダクトデザイン,74c9503400000000
美術（専門）,8038,(5) 伝統工芸,74c9503500000000
美術（専門）,8039,(6) 鑑賞,74c9503600000000
美術（専門）,8040,"３　内容の取扱い
　内容の(3)，(4)及び(5)については，そのうち一つ以上を選択して扱うことができる。",74c9505000000000
美術（専門）,8041,第10　情報メディアデザイン,74cA500000000000
美術（専門）,8042,"１　目　標
　情報の表現，伝達及び共有を主とする情報メディアデザインについての理解を深め，表現と鑑賞の能力を高める。",74cA502000000000
美術（専門）,8043,２　内　容,74cA503000000000
美術（専門）,8044,(1) 情報メディアの基礎,74cA503100000000
美術（専門）,8045,(2) 情報の視覚化,74cA503200000000
美術（専門）,8046,(3) 伝達，交流，共有,74cA503300000000
美術（専門）,8047,(4) 鑑賞,74cA503400000000
美術（専門）,8048,"３　内容の取扱い
　内容の(1)，(2)及び(3)については，相互に関連付けて扱うようにする。",74cA505000000000
美術（専門）,8049,第11　映像表現,74cB500000000000
美術（専門）,8050,"１　目　標
　写真，ビデオ等の映像機器を使った表現に関する学習を通して，表現と鑑賞の能力を高める。",74cB502000000000
美術（専門）,8051,２　内　容,74cB503000000000
美術（専門）,8052,(1) 機器，用具，材料の知識及び使用技術,74cB503100000000
美術（専門）,8053,(2) 企画，構成，演出,74cB503200000000
美術（専門）,8054,(3) 編集，合成，加工,74cB503300000000
美術（専門）,8055,(4) 鑑賞,74cB503400000000
美術（専門）,8056,"３　内容の取扱い
　内容の(1)，(2)及び(3)については，相互に関連付けて扱うようにする。",74cB505000000000
美術（専門）,8057,第12　環境造形,74cC500000000000
美術（専門）,8058,"１　目　標
　自然や生活環境と造形との調和についての理解を深め，造形の諸要素を環境の構成に総合的に生かす実践的な能力と態度を育てる。",74cC502000000000
美術（専門）,8059,２　内　容,74cC503000000000
美術（専門）,8060,(1) 環境造形,74cC503100000000
美術（専門）,8061,(2) 展示造形,74cC503200000000
美術（専門）,8062,(3) 舞台造形,74cC503300000000
美術（専門）,8063,(4) 環境総合芸術,74cC503400000000
美術（専門）,8064,(5) 鑑賞,74cC503500000000
美術（専門）,8065,"３　内容の取扱い
　内容の(1)から(4)までについては，そのうち一つ以上を選択して扱うことができる。",74cC505000000000
美術（専門）,8066,第13　鑑賞研究,74cD500000000000
美術（専門）,8067,"１　目　標
　文化財や美術作品，作家などについての鑑賞研究を通して，美術に対する理解を深め，美術や美術文化を尊重する態度を養い，批評する能力を育てる。",74cD502000000000
美術（専門）,8068,２　内　容,74cD503000000000
美術（専門）,8069,(1) 作品・作家に関する研究,74cD503100000000
美術（専門）,8070,(2) 文化財の保存・修復に関する研究,74cD503200000000
美術（専門）,8071,(3) 展示企画，展示構成,74cD503300000000
美術（専門）,8072,(4) 美術批評,74cD503400000000
美術（専門）,8073,"３　内容の取扱い
　内容の(1)，(2)及び(3)については，そのうち一つ以上を選択して扱うことができる。",74cD505000000000
美術（専門）,8074,第３款　各科目にわたる指導計画の作成と内容の取扱い,74c0300000000000
美術（専門）,8075,１　美術に関する学科における指導計画の作成に当たっては，次の事項に配慮するものとする。,74c0300100000000
美術（専門）,8076,(1) 「美術史」，「素描」及び「構成」については，原則として，すべての生徒に履修させること。,74c0300110000000
美術（専門）,8077,(2) 特定の科目を専門的に履修させることや同一の科目を２以上の年次にわたって履修させること，複数の科目を関連付けて取り扱うことなど，履修の仕方を工夫することによって，生徒の特性の伸長が図れるようにすること。,74c0300120000000
美術（専門）,8078,２　内容の取扱いに当たっては，次の事項に配慮するものとする。,74c0300200000000
美術（専門）,8079,(1) 各科目の特質を踏まえ，学校の実態に応じて学校図書館を活用するとともに，コンピュータや情報通信ネットワークなどを指導に生かすこと。,74c0300210000000
美術（専門）,8080,(2) 各科目の特質を踏まえ，地域や学校の実態に応じて，地域の文化財，文化施設，社会教育施設等の活用を図ったり，地域の人材の協力を求めたりすること。,74c0300220000000
美術（専門）,8081,(3) 美術に関する知的財産権や肖像権などについて配慮し，自己や他者の著作物等を尊重する態度の形成を図るようにすること。,74c0300230000000
美術（専門）,8082,(4) 事故防止のため，特に，刃物類，塗料，器具などの使い方の指導と保管，活動場所における安全指導などを徹底すること。,74c0300240000000
英語（専門）,8083,第13節　英　　　語,74d0000000000000
英語（専門）,8084,"第１款　目　標
　英語を通じて，言語や文化に対する理解を深め，積極的にコミュニケーションを図ろうとする態度の育成を図り，情報や考えなどを的確に理解したり適切に伝えたりするコミュニケーション能力を養う。",74d0100000000000
英語（専門）,8085,第２款　各　科　目,74d0500000000000
英語（専門）,8086,第１　総合英語,74d1500000000000
英語（専門）,8087,"１　目　標
　英語を通じて，積極的にコミュニケーションを図ろうとする態度を育成するとともに，情報や考えなどを的確に理解したり適切に伝えたりする能力を一層伸ばし，社会生活において活用できるようにする。",74d1502000000000
英語（専門）,8088,２　内　容,74d1503000000000
英語（専門）,8089,(1) 発音,74d1503100000000
英語（専門）,8090,(2) 聴解,74d1503200000000
英語（専門）,8091,(3) 対話,74d1503300000000
英語（専門）,8092,(4) スピーチ,74d1503400000000
英語（専門）,8093,(5) 読解,74d1503500000000
英語（専門）,8094,(6) 作文,74d1503600000000
英語（専門）,8095,(7) 課題研究,74d1503700000000
英語（専門）,8096,３　内容の取扱い,74d1505000000000
英語（専門）,8097,(1) 指導に当たっては，第２章第８節第２の「コミュニケーション英語Ⅰ」，第３の「コミュニケーション英語Ⅱ」及び第４の「コミュニケーション英語Ⅲ」の内容等を参照し，必要に応じて，これらの科目の内容を発展，拡充させて取り扱うものとする。,74d1505100000000
英語（専門）,8098,(2) 中学校におけるコミュニケーション能力の基礎を養うための総合的な指導を踏まえ，聞いたことや読んだことを踏まえた上で話したり書いたりする言語活動を適切に取り入れながら，四つの領域の言語活動を有機的に関連付けつつ総合的に指導するものとする。,74d1505200000000
英語（専門）,8099,第２　英語理解,74d2500000000000
英語（専門）,8100,"１　目　標
　英語を通じて，積極的にコミュニケーションを図ろうとする態度を育成するとともに，情報や考えなどを的確に理解し自らの考えを深める能力を一層伸ばす。",74d2502000000000
英語（専門）,8101,２　内　容,74d2503000000000
英語（専門）,8102,(1) 発音,74d2503100000000
英語（専門）,8103,(2) 聴解,74d2503200000000
英語（専門）,8104,(3) 精読,74d2503300000000
英語（専門）,8105,(4) 速読,74d2503400000000
英語（専門）,8106,(5) 多読,74d2503500000000
英語（専門）,8107,(6) 鑑賞,74d2503600000000
英語（専門）,8108,３　内容の取扱い,74d2505000000000
英語（専門）,8109,(1) 話すこと及び書くこととも有機的に関連付けた活動を行うことにより，聞くこと及び読むことの指導の効果を高めるよう工夫するものとする。,74d2505100000000
英語（専門）,8110,(2) 教材の分量や程度及び聴解や読解の速度に配慮するものとする。,74d2505200000000
英語（専門）,8111,第３　英語表現,74d3500000000000
英語（専門）,8112,"１　目　標
　英語を通じて，積極的にコミュニケーションを図ろうとする態度を育成するとともに，事実や意見などを多様な観点から考察し，論理の展開や表現の方法を工夫しながら伝える能力を一層伸ばす。",74d3502000000000
英語（専門）,8113,２　内　容,74d3503000000000
英語（専門）,8114,(1) 発音,74d3503100000000
英語（専門）,8115,(2) 対話,74d3503200000000
英語（専門）,8116,(3) スピーチ,74d3503300000000
英語（専門）,8117,(4) プレゼンテーション,74d3503400000000
英語（専門）,8118,(5) ディベート,74d3503500000000
英語（専門）,8119,(6) ディスカッション,74d3503600000000
英語（専門）,8120,(7) 手紙・日記,74d3503700000000
英語（専門）,8121,(8) 作文,74d3503800000000
英語（専門）,8122,(9) 小論文,74d3503900000000
英語（専門）,8123,３　内容の取扱い,74d3505000000000
英語（専門）,8124,(1) 指導に当たっては，第２章第８節第５の「英語表現Ⅰ」及び第６の「英語表現Ⅱ」の内容等を参照し，必要に応じて，これらの科目の内容を発展，拡充させて取り扱うものとする。,74d3505100000000
英語（専門）,8125,(2) 聞くこと及び読むこととも有機的に関連付けた活動を行うことにより，話すこと及び書くことの指導の効果を高めるよう工夫するものとする。,74d3505200000000
英語（専門）,8126,(3) 話し言葉と書き言葉の相違，表現形式，文章構成，話す速度，ジェスチャーなどの非言語的なコミュニケーション手段などに配慮し，場面や目的に応じた表現ができるようにする。,74d3505300000000
英語（専門）,8127,第４　異文化理解,74d4500000000000
英語（専門）,8128,"１　目　標
　英語を通じて，外国の事情や異文化について理解を深めるとともに，異なる文化をもつ人々と積極的にコミュニケーションを図るための態度や能力の基礎を養う。",74d4502000000000
英語（専門）,8129,２　内　容,74d4503000000000
英語（専門）,8130,(1) 日常生活,74d4503100000000
英語（専門）,8131,(2) 社会生活,74d4503200000000
英語（専門）,8132,(3) 風俗習慣,74d4503300000000
英語（専門）,8133,(4) 地理・歴史,74d4503400000000
英語（専門）,8134,(5) 伝統文化,74d4503500000000
英語（専門）,8135,(6) 科学技術,74d4503600000000
英語（専門）,8136,(7) その他の異文化理解に関すること,74d4503700000000
英語（専門）,8137,３　内容の取扱い,74d4505000000000
英語（専門）,8138,(1) 内容の(1)から(7)までの中から，生徒の実態等に応じて，適宜選択するものとする。その際，電子メールの交換や実際の交流などのコミュニケーション体験を通して理解を深めるようにする。,74d4505100000000
英語（専門）,8139,(2) 必要に応じて，我が国の事情や文化などを取り上げ，外国の事情や文化との類似点や相違点について考えさせるとともに，他の教科等との関連にも配慮するものとする。,74d4505200000000
英語（専門）,8140,第５　時事英語,74d5500000000000
英語（専門）,8141,"１　目　標
　新聞，テレビ，情報通信ネットワークなどにおいて用いられる英語を理解するとともに，必要な情報を選び活用する基礎的な能力を養う。",74d5502000000000
英語（専門）,8142,２　内　容,74d5503000000000
英語（専門）,8143,(1) 新聞や雑誌などの理解,74d5503100000000
英語（専門）,8144,(2) テレビ番組や映画などの理解,74d5503200000000
英語（専門）,8145,(3) 情報通信ネットワークを通じて得られる情報の理解,74d5503300000000
英語（専門）,8146,(4) 時事的な内容に基づく発表や討論,74d5503400000000
英語（専門）,8147,"３　内容の取扱い
　生徒の実態等に応じて，教材の分量，程度，速度等に留意しながら，多様な題材を取り上げるとともに，他の教科等との関連にも配慮するものとする。",74d5505000000000
英語（専門）,8148,第３款　各科目にわたる指導計画の作成と内容の取扱い,74d0300000000000
英語（専門）,8149,１　英語に関する学科の指導計画の作成に当たって，「総合英語」及び「異文化理解」については，原則として，すべての生徒に履修させるものとする。,74d0300100000000
英語（専門）,8150,２　内容の取扱いに当たっては，次の事項に配慮するものとする。,74d0300200000000
英語（専門）,8151,(1) 生徒が情報や考えなどを理解したり伝えたりすることを実践するように具体的な言語の使用場面を設定して，多様な言語活動を経験させながら指導すること。,74d0300210000000
英語（専門）,8152,(2) 生徒の実態に応じて，多様な場面における言語活動を経験させながら，中学校や高等学校における学習内容を繰り返して指導し定着を図ること。,74d0300220000000
英語（専門）,8153,(3) 英語に関する学科の各科目については，その特質にかんがみ，生徒が英語に触れる機会を充実するとともに，授業を実際のコミュニケーションの場面とするため，授業は英語で行うことを基本とすること。その際，生徒の理解の程度に応じた英語を用いるよう十分配慮すること。,74d0300230000000
英語（専門）,8154,(4) 教材については，英語を通じてコミュニケーション能力を総合的に育成するため，各科目の目標に応じ，実際の言語の使用場面や言語の働きに十分配慮したものを取り上げるものとすること。その際，英語を日常使用している人々を中心とする世界の人々及び日本人の日常生活，風俗習慣，物語，地理，歴史，伝統文化や自然科学などに関するものの中から，生徒の発達の段階及び興味・関心に即して適切な題材を変化をもたせて取り上げるものとし，次の観点に留意する必要があること。,74d0300240000000
英語（専門）,8155,ア　多様なものの見方や考え方を理解し，公正な判断力を養い豊かな心情を育てるのに役立つこと。,74d0300241000000
英語（専門）,8156,イ　外国や我が国の生活や文化についての理解を深めるとともに，言語や文化に対する関心を高め，これらを尊重する態度を育てるのに役立つこと。,74d0300242000000
英語（専門）,8157,ウ　広い視野から国際理解を深め，国際社会に生きる日本人としての自覚を高めるとともに，国際協調の精神を養うのに役立つこと。,74d0300243000000
英語（専門）,8158,エ　人間，社会，自然などについての考えを深めるのに役立つこと。,74d0300244000000
英語（専門）,8159,(5) 各科目の指導に当たっては，指導方法や指導体制を工夫し，ペア・ワーク，グループ・ワークなどを適宜取り入れたり，視聴覚教材やコンピュータ，情報通信ネットワークなどを適宜指導に生かしたりすること。また，ネイティブ・スピーカーなどの協力を得て行うティーム・ティーチングなどの授業を積極的に取り入れ，生徒のコミュニケーション能力を育成するとともに，国際理解を深めるようにすること。,74d0300250000000
総合的な学習の時間,8160,第４章　総合的な学習の時間,74M0000000000000
総合的な学習の時間,8161,"第１　目　標
　横断的・総合的な学習や探究的な学習を通して，自ら課題を見付け，自ら学び，自ら考え，主体的に判断し，よりよく問題を解決する資質や能力を育成するとともに，学び方やものの考え方を身に付け，問題の解決や探究活動に主体的，創造的，協同的に取り組む態度を育て，自己の在り方生き方を考えることができるようにする。",74M0100000000000
総合的な学習の時間,8162,第２　各学校において定める目標及び内容,74M0200000000000
総合的な学習の時間,8163,"１　目　標
　各学校においては，第１の目標を踏まえ，各学校の総合的な学習の時間の目標を定める。",74M0202000000000
総合的な学習の時間,8164,"２　内　容
　各学校においては，第１の目標を踏まえ，各学校の総合的な学習の時間の内容を定める。",74M0203000000000
総合的な学習の時間,8165,第３　指導計画の作成と内容の取扱い,74M0300000000000
総合的な学習の時間,8166,１　指導計画の作成に当たっては，次の事項に配慮するものとする。,74M0300100000000
総合的な学習の時間,8167,(1) 全体計画及び年間指導計画の作成に当たっては，学校における全教育活動との関連の下に，目標及び内容，育てようとする資質や能力及び態度，学習活動，指導方法や指導体制，学習の評価の計画などを示すこと。,74M0300110000000
総合的な学習の時間,8168,(2) 地域や学校，生徒の実態等に応じて，教科等の枠を超えた横断的・総合的な学習，探究的な学習，生徒の興味・関心等に基づく学習など創意工夫を生かした教育活動を行うこと。,74M0300120000000
総合的な学習の時間,8169,(3) 第２の各学校において定める目標及び内容については，日常生活や社会とのかかわりを重視すること。,74M0300130000000
総合的な学習の時間,8170,(4) 育てようとする資質や能力及び態度については，例えば，学習方法に関すること，自分自身に関すること，他者や社会とのかかわりに関することなどの視点を踏まえること。,74M0300140000000
総合的な学習の時間,8171,(5) 学習活動については，地域や学校の特色，生徒の特性等に応じて，例えば国際理解，情報，環境，福祉・健康などの横断的・総合的な課題についての学習活動，生徒が興味・関心，進路等に応じて設定した課題について知識や技能の深化，総合化を図る学習活動，自己の在り方生き方や進路について考察する学習活動などを行うこと。,74M0300150000000
総合的な学習の時間,8172,(6) 各教科・科目及び特別活動で身に付けた知識や技能等を相互に関連付け，学習や生活において生かし，それらが総合的に働くようにすること。,74M0300160000000
総合的な学習の時間,8173,(7) 各教科・科目及び特別活動の目標及び内容との違いに留意しつつ，第１の目標並びに第２の各学校において定める目標及び内容を踏まえた適切な学習活動を行うこと。,74M0300170000000
総合的な学習の時間,8174,(8) 各学校における総合的な学習の時間の名称については，各学校において適切に定めること。,74M0300180000000
総合的な学習の時間,8175,(9) 総合学科においては，総合的な学習の時間の学習活動として，原則として生徒が興味・関心，進路等に応じて設定した課題について知識や技能の深化，総合化を図る学習活動を含むこと。,74M0300190000000
総合的な学習の時間,8176,２　第２の内容の取扱いについては，次の事項に配慮するものとする。,74M0300200000000
総合的な学習の時間,8177,(1) 第２の各学校において定める目標及び内容に基づき，生徒の学習状況に応じて教師が適切な指導を行うこと。,74M0300210000000
総合的な学習の時間,8178,(2) 問題の解決や探究活動の過程においては，他者と協同して問題を解決しようとする学習活動や，言語により分析し，まとめたり表現したりするなどの学習活動が行われるようにすること。,74M0300220000000
総合的な学習の時間,8179,(3) 自然体験や就業体験活動，ボランティア活動などの社会体験，ものづくり，生産活動などの体験活動，観察・実験・実習，調査・研究，発表や討論などの学習活動を積極的に取り入れること。,74M0300230000000
総合的な学習の時間,8180,(4) 体験活動については，第１の目標並びに第２の各学校において定める目標及び内容を踏まえ，問題の解決や探究活動の過程に適切に位置付けること。,74M0300240000000
総合的な学習の時間,8181,(5) グループ学習や個人研究などの多様な学習形態，地域の人々の協力も得つつ全教師が一体となって指導に当たるなどの指導体制について工夫を行うこと。,74M0300250000000
総合的な学習の時間,8182,(6) 学校図書館の活用，他の学校との連携，公民館，図書館，博物館等の社会教育施設や社会教育関係団体等の各種団体との連携，地域の教材や学習環境の積極的な活用などの工夫を行うこと。,74M0300260000000
特別活動,8183,第５章　特 別 活 動,74N0000000000000
特別活動,8184,"第１　目　標
　望ましい集団活動を通して，心身の調和のとれた発達と個性の伸長を図り，集団や社会の一員としてよりよい生活や人間関係を築こうとする自主的，実践的な態度を育てるとともに，人間としての在り方生き方についての自覚を深め，自己を生かす能力を養う。",74N0100000000000
特別活動,8185,第２　各活動・学校行事の目標及び内容,74N0200000000000
特別活動,8186,〔ホームルーム活動〕,74N1200000000000
特別活動,8187,"１　目　標
　ホームルーム活動を通して，望ましい人間関係を形成し，集団の一員としてホームルームや学校におけるよりよい生活づくりに参画し，諸問題を解決しようとする自主的，実践的な態度や健全な生活態度を育てる。",74N1202000000000
特別活動,8188,"２　内　容
　学校における生徒の基礎的な生活集団として編成したホームルームを単位として，ホームルームや学校の生活の充実と向上，生徒が当面する諸課題への対応に資する活動を行うこと。",74N1203000000000
特別活動,8189,(1) ホームルームや学校の生活づくり,74N1203100000000
特別活動,8190,ア　ホームルームや学校における生活上の諸問題の解決,74N1203110000000
特別活動,8191,イ　ホームルーム内の組織づくりと自主的な活動,74N1203120000000
特別活動,8192,ウ　学校における多様な集団の生活の向上,74N1203130000000
特別活動,8193,(2) 適応と成長及び健康安全,74N1203200000000
特別活動,8194,ア　青年期の悩みや課題とその解決,74N1203210000000
特別活動,8195,イ　自己及び他者の個性の理解と尊重,74N1203220000000
特別活動,8196,ウ　社会生活における役割の自覚と自己責任,74N1203230000000
特別活動,8197,エ　男女相互の理解と協力,74N1203240000000
特別活動,8198,オ　コミュニケーション能力の育成と人間関係の確立,74N1203250000000
特別活動,8199,カ　ボランティア活動の意義の理解と参画,74N1203260000000
特別活動,8200,キ　国際理解と国際交流,74N1203270000000
特別活動,8201,ク　心身の健康と健全な生活態度や規律ある習慣の確立,74N1203280000000
特別活動,8202,ケ　生命の尊重と安全な生活態度や規律ある習慣の確立,74N1203290000000
特別活動,8203,(3) 学業と進路,74N1203300000000
特別活動,8204,ア　学ぶことと働くことの意義の理解,74N1203310000000
特別活動,8205,イ　主体的な学習態度の確立と学校図書館の利用,74N1203320000000
特別活動,8206,ウ　教科・科目の適切な選択,74N1203330000000
特別活動,8207,エ　進路適性の理解と進路情報の活用,74N1203340000000
特別活動,8208,オ　望ましい勤労観・職業観の確立,74N1203350000000
特別活動,8209,カ　主体的な進路の選択決定と将来設計,74N1203360000000
特別活動,8210,〔生徒会活動〕,74N4200000000000
特別活動,8211,"１　目　標
　生徒会活動を通して，望ましい人間関係を形成し，集団や社会の一員としてよりよい学校生活づくりに参画し，協力して諸問題を解決しようとする自主的，実践的な態度を育てる。",74N4202000000000
特別活動,8212,"２　内　容
　学校の全生徒をもって組織する生徒会において，学校生活の充実と向上を図る活動を行うこと。",74N4203000000000
特別活動,8213,(1) 生徒会の計画や運営,74N4203100000000
特別活動,8214,(2) 異年齢集団による交流,74N4203200000000
特別活動,8215,(3) 生徒の諸活動についての連絡調整,74N4203300000000
特別活動,8216,(4) 学校行事への協力,74N4203400000000
特別活動,8217,(5) ボランティア活動などの社会参画,74N4203500000000
特別活動,8218,〔学校行事〕,74N5200000000000
特別活動,8219,"１　目　標
　学校行事を通して，望ましい人間関係を形成し，集団への所属感や連帯感を深め，公共の精神を養い，協力してよりよい学校生活や社会生活を築こうとする自主的，実践的な態度を育てる。",74N5202000000000
特別活動,8220,"２　内　容
　全校若しくは学年又はそれらに準ずる集団を単位として，学校生活に秩序と変化を与え，学校生活の充実と発展に資する体験的な活動を行うこと。",74N5203000000000
特別活動,8221,"(1) 儀式的行事
　学校生活に有意義な変化や折り目を付け，厳粛で清新な気分を味わい，新しい生活の展開への動機付けとなるような活動を行うこと。",74N5203100000000
特別活動,8222,"(2) 文化的行事
　　平素の学習活動の成果を総合的に生かし，その向上の意欲を一層高めたり，文化や芸術に親しんだりするような活動を行うこと。",74N5203200000000
特別活動,8223,"(3) 健康安全・体育的行事
　心身の健全な発達や健康の保持増進などについての理解を深め，安全な行動や規律ある集団行動の体得，運動に親しむ態度の育成，責任感や連帯感の涵《かん》養，体力の向上などに資するような活動を行うこと。",74N5203300000000
特別活動,8224,"(4) 旅行・集団宿泊的行事
　平素と異なる生活環境にあって，見聞を広め，自然や文化などに親しむとともに，集団生活の在り方や公衆道徳などについての望ましい体験を積むことができるような活動を行うこと。",74N5203400000000
特別活動,8225,"(5) 勤労生産・奉仕的行事
　勤労の尊さや創造することの喜びを体得し，就業体験などの職業観の形成や進路の選択決定などに資する体験が得られるようにするとともに，共に助け合って生きることの喜びを体得し，ボランティア活動などの社会奉仕の精神を養う体験が得られるような活動を行うこと。",74N5203500000000
特別活動,8226,第３　指導計画の作成と内容の取扱い,74N0300000000000
特別活動,8227,１　指導計画の作成に当たっては，次の事項に配慮するものとする。,74N0300100000000
特別活動,8228,(1) 特別活動の全体計画や各活動・学校行事の年間指導計画の作成に当たっては，学校の創意工夫を生かすとともに，学校の実態や生徒の発達の段階及び特性等を考慮し，生徒による自主的，実践的な活動が助長されるようにすること。また，各教科・科目や総合的な学習の時間などの指導との関連を図るとともに，家庭や地域の人々との連携，社会教育施設等の活用などを工夫すること。その際，ボランティア活動などの社会奉仕の精神を養う体験的な活動や就業体験などの勤労にかかわる体験的な活動の機会をできるだけ取り入れること。,74N0300110000000
特別活動,8229,(2) 生徒指導の機能を十分に生かすとともに，教育相談(進路相談を含む。）についても，生徒の家庭との連絡を密にし，適切に実施できるようにすること。,74N0300120000000
特別活動,8230,(3) 学校生活への適応や人間関係の形成，教科・科目や進路の選択などの指導に当たっては，ガイダンスの機能を充実するよう〔ホームルーム活動〕等の指導を工夫すること。特に，高等学校入学当初においては，個々の生徒が学校生活に適応するとともに，希望と目標をもって生活をできるよう工夫すること。,74N0300130000000
特別活動,8231,(4) 〔ホームルーム活動〕を中心として特別活動の全体を通じて，特に社会において自立的に生きることができるようにするため，社会の一員としての自己の生き方を探求するなど，人間としての在り方生き方の指導が行われるようにすること。その際，他の教科，特に公民科や総合的な学習の時間との関連を図ること。,74N0300140000000
特別活動,8232,２　第２の内容の取扱いについては，次の事項に配慮するものとする。,74N0300200000000
特別活動,8233,(1) 〔ホームルーム活動〕及び〔生徒会活動〕の指導については，指導内容の特質に応じて，教師の適切な指導の下に，生徒の自発的，自治的な活動が効果的に展開されるようにするとともに，内容相互の関連を図るよう工夫すること。また，よりよい生活を築くために集団としての意見をまとめるなどの話合い活動や自分たちできまりをつくって守る活動，人間関係を形成する力を養う活動などを充実するよう工夫すること。,74N0300210000000
特別活動,8234,(2) 〔ホームルーム活動〕及び〔生徒会活動〕については，学校や地域及び生徒の実態に応じて，取り上げる指導内容の重点化を図るとともに，入学から卒業までを見通して，必要に応じて内容間の関連や統合を図ったり，他の内容を加えたりすることができること。また，〔ホームルーム活動〕については，個々の生徒についての理解を深め，生徒との信頼関係を基礎に指導を行うとともに，生徒指導との関連を図るようにすること。,74N0300220000000
特別活動,8235,(3) 〔学校行事〕については，学校や地域及び生徒の実態に応じて，各種類ごとに，行事及びその内容を重点化するとともに，入学から卒業までを見通して，行事間の関連や統合を図るなど精選して実施すること。また，実施に当たっては，幼児，高齢者，障害のある人々などとの触れ合い，自然体験や社会体験などの体験活動を充実するとともに，体験活動を通して気付いたことなどを振り返り，まとめたり，発表し合ったりするなどの活動を充実するよう工夫すること。,74N0300230000000
特別活動,8236,(4) 特別活動の一環として学校給食を実施する場合には，食育の観点を踏まえた適切な指導を行うこと。,74N0300240000000
特別活動,8237,３　入学式や卒業式などにおいては，その意義を踏まえ，国旗を掲揚するとともに，国歌を斉唱するよう指導するものとする。,74N0300300000000
特別活動,8238,４　〔ホームルーム活動〕については，主としてホームルームごとにホームルーム担任の教師が指導することを原則とし，活動の内容によっては他の教師などの協力を得ることとする。,74N0300400000000
,,,
,,,
,,,
,,,
,,,
,,,
,,,
,,,
,,,
,,,
,,,
,,,
,,,
,,,
,,,
,,,
,,,
,,,
,,,
,,,
,,,
,,,
,,,
,,,
,,,
,,,
,,,
,,,
,,,
,,,
,,,
,,,
,,,
,,,
,,,
,,,
,,,
,,,
,,,
,,,
,,,
,,,
,,,
,,,
,,,
,,,
,,,
,,,
,,,
,,,
,,,
,,,
,,,
,,,
,,,
,,,
,,,
,,,
,,,
,,,
,,,
,,,
,,,
,,,
,,,
,,,
,,,
,,,
,,,
,,,
,,,
,,,
,,,
,,,
,,,
,,,
,,,
,,,
,,,
,,,
,,,
,,,
,,,
,,,
,,,
,,,
,,,
,,,
,,,
,,,
,,,
,,,
,,,
,,,
,,,
,,,
,,,
,,,
,,,
,,,
,,,
,,,
,,,
,,,
,,,
,,,
,,,
,,,
,,,
,,,
,,,
,,,
,,,
,,,
,,,
,,,
,,,
,,,
,,,
,,,
,,,
,,,
,,,
,,,
,,,
,,,
,,,
,,,
,,,
,,,
,,,
,,,
,,,
,,,
,,,
,,,
,,,
,,,
,,,
,,,
,,,
,,,
,,,
,,,
,,,
,,,
,,,
,,,
,,,
,,,
,,,
,,,
,,,
,,,
,,,
,,,
,,,
,,,
,,,
,,,
,,,
,,,
,,,
,,,
,,,
,,,
,,,
,,,
,,,
,,,
,,,
,,,
,,,
,,,
,,,
,,,
,,,
,,,
,,,
,,,
,,,
,,,
,,,
,,,
,,,
,,,
,,,
,,,
,,,
,,,
,,,
,,,
,,,
,,,
,,,
,,,
,,,
,,,
,,,
,,,
,,,
,,,
,,,
,,,
,,,
,,,
,,,
,,,
,,,
,,,
,,,
,,,
,,,
,,,
,,,
,,,
,,,
,,,
,,,
,,,
,,,
,,,
,,,
,,,
,,,
,,,
,,,
,,,
,,,
,,,
,,,
,,,
,,,
,,,
,,,
,,,
,,,
,,,
,,,
,,,
,,,
,,,
,,,
,,,
,,,
,,,
,,,
,,,
,,,
,,,
,,,
,,,
,,,
,,,
,,,
,,,
,,,
,,,
,,,
,,,
,,,
,,,
,,,
,,,
,,,
,,,
,,,
,,,
,,,
,,,
,,,
,,,
,,,
,,,
,,,
,,,
,,,
,,,
,,,
,,,
,,,
,,,
,,,
,,,
,,,
,,,
,,,
,,,
,,,
,,,
,,,
,,,
,,,
,,,
,,,
,,,
,,,
,,,
,,,
,,,
,,,
,,,
,,,
,,,
,,,
,,,
,,,
,,,
,,,
,,,
,,,
,,,
,,,
,,,
,,,
,,,
,,,
,,,
,,,
,,,
,,,
,,,
,,,
,,,
,,,
,,,
,,,
,,,
,,,
,,,
,,,
,,,
,,,
,,,
,,,
,,,
,,,
,,,
,,,
,,,
,,,
,,,
,,,
,,,
,,,
,,,
,,,
,,,
,,,
,,,
,,,
,,,
,,,
,,,
,,,
,,,
,,,
,,,
,,,
,,,
,,,
,,,
,,,
,,,
,,,
,,,
,,,
,,,
,,,
,,,
,,,
,,,
,,,
,,,
,,,
,,,
,,,
,,,
,,,
,,,
,,,
,,,
,,,
,,,
,,,
,,,
,,,
,,,
,,,
,,,
,,,
,,,
,,,
,,,
,,,
,,,
,,,
,,,
,,,
,,,
,,,
,,,
,,,
,,,
,,,
,,,
,,,
,,,
,,,
,,,
,,,
,,,
,,,
,,,
,,,
,,,
,,,
,,,
,,,
,,,
,,,
,,,
,,,
,,,
,,,
,,,
,,,
,,,
,,,
,,,
,,,
,,,
,,,
,,,
,,,
,,,
,,,
,,,
,,,
,,,
,,,
,,,
,,,
,,,
,,,
,,,
,,,
,,,
,,,
,,,
,,,
,,,
,,,
,,,
,,,
,,,
,,,
,,,
,,,
,,,
,,,
,,,
,,,
,,,
,,,
,,,
,,,
,,,
,,,
,,,
,,,
,,,
,,,
,,,
,,,
,,,
,,,
,,,
,,,
,,,
,,,
,,,
,,,
,,,
,,,
,,,
,,,
,,,
,,,
,,,
,,,
,,,
,,,
,,,
,,,
,,,
,,,
,,,
,,,
,,,
,,,
,,,
,,,
,,,
,,,
,,,
,,,
,,,
,,,
,,,
,,,
,,,
,,,
,,,
,,,
,,,
,,,
,,,
,,,
,,,
,,,
,,,
,,,
,,,
,,,
,,,
,,,
,,,
,,,
,,,
,,,
,,,
,,,
,,,
,,,
,,,
,,,
,,,
,,,
,,,
,,,
,,,
,,,
,,,
,,,
,,,
,,,
,,,
,,,
,,,
,,,
,,,
,,,
,,,
,,,
,,,
,,,
,,,
,,,
,,,
,,,
,,,
,,,
,,,
,,,
,,,
,,,
,,,
,,,
,,,
,,,
,,,
,,,
,,,
,,,
,,,
,,,
,,,
,,,
,,,
,,,
,,,
,,,
,,,
,,,
,,,
,,,
,,,
,,,
,,,
,,,
,,,
,,,
,,,
,,,
,,,
,,,
,,,
,,,
,,,
,,,
,,,
,,,
,,,
,,,
,,,
,,,
,,,
,,,
,,,
,,,
,,,
,,,
,,,
,,,
,,,
,,,
,,,
,,,
,,,
,,,
,,,
,,,
,,,
,,,
,,,
,,,
,,,
,,,
,,,
,,,
,,,
,,,
,,,
,,,
,,,
,,,
,,,
,,,
,,,
,,,
,,,
,,,
,,,
,,,
,,,
,,,
,,,
,,,
,,,
,,,
,,,
,,,
,,,
,,,
,,,
,,,
,,,
,,,
,,,
,,,
,,,
,,,
,,,
,,,
,,,
,,,
,,,
,,,
,,,
,,,
,,,
,,,
,,,
,,,
,,,
,,,
,,,
,,,
,,,
,,,
,,,
,,,
,,,
,,,
,,,
,,,
,,,
,,,
,,,
,,,
,,,
,,,
,,,
,,,
,,,
,,,
,,,
,,,
,,,
,,,
,,,
,,,
,,,
,,,
,,,
,,,
,,,
,,,
,,,
,,,
,,,
,,,
,,,
,,,
,,,
,,,
,,,
,,,
,,,
,,,
,,,
,,,
,,,
,,,
,,,
,,,
,,,
,,,
,,,
,,,
,,,
,,,
,,,
,,,
,,,
,,,
,,,
,,,
,,,
,,,
,,,
,,,
,,,
,,,
,,,
,,,
,,,
,,,
,,,
,,,
,,,
,,,
,,,
,,,
,,,
,,,
,,,
,,,
,,,
,,,
,,,
,,,
,,,
,,,
,,,
,,,
,,,
,,,
,,,
,,,
,,,
,,,
,,,
,,,
,,,
,,,
,,,
,,,
,,,
,,,
,,,
,,,
,,,
,,,
,,,
,,,
,,,
,,,
,,,
,,,
,,,
,,,
,,,
,,,
,,,
,,,
,,,
,,,
,,,
,,,
,,,
,,,
,,,
,,,
,,,
,,,
,,,
,,,
,,,
,,,
,,,
,,,
,,,
,,,
,,,
,,,
,,,
,,,
,,,
,,,
,,,
,,,
,,,
,,,
,,,
,,,
,,,
,,,
,,,
,,,
,,,
,,,
,,,
,,,
,,,
,,,
,,,
,,,
,,,
,,,
,,,
,,,
,,,
,,,
,,,
,,,
,,,
,,,
,,,
,,,
,,,
,,,
,,,
,,,
,,,
,,,
,,,
,,,
,,,
,,,
,,,
,,,
,,,
,,,
,,,
,,,
,,,
,,,
,,,
,,,
,,,
,,,
,,,
,,,
,,,
,,,
,,,
,,,
,,,
,,,
,,,
,,,
,,,
,,,
,,,
,,,
,,,
,,,
,,,
,,,
,,,
,,,
,,,
,,,
,,,
,,,
,,,
,,,
